s_dis,s_chg,fuel_kg,final_soc
0.1,0.1,27.684039932963252,0.19012841532044655
0.2721518987341772,0.1,27.68095920311227,0.19016793297358
0.40126582278481016,0.1,27.67525933030878,0.1901663584672371
0.4873417721518988,0.1,27.672628593198553,0.19017822815302954
0.5734177215189874,0.1,27.67032031428772,0.19021977288365152
0.31518987341772153,0.1,27.681160245778727,0.19023642972702914
0.6164556962025316,0.1,27.667345332623572,0.19012399437791927
0.2291139240506329,0.1,27.680904121490627,0.1901450038237652
0.1860759493670886,0.1,27.680773473409605,0.19007993564930437
0.44430379746835447,0.1,27.67221383856681,0.1900869612049123
0.35822784810126584,0.1,27.678255564304145,0.19022140431115506
0.6594936708860759,0.1,27.664934384255442,0.1901134884510488
0.14303797468354432,0.1,27.68410590141282,0.1901861508164401
0.5303797468354431,0.1,27.66970408946506,0.19010665495981563
0.7455696202531645,0.1,27.65673419915922,0.1902170091477676
0.7025316455696202,0.1,27.657858309198502,0.1900675081369684
0.7886075949367088,0.1,27.650626937169715,0.19024919036115648
0.8316455696202532,0.1,27.597940962410025,0.19015227294891193
0.8746835443037975,0.1,27.54454487751247,0.1902400301604095
0.9177215189873418,0.1,27.51205710654218,0.1903374791336018
1.0037974683544304,0.1,27.418511708908813,0.19049940852300504
0.9607594936708861,0.1,27.478053421798144,0.19040661660397035
1.0468354430379747,0.1,27.398642073291118,0.19035562172308051
1.089873417721519,0.1,27.396473615146327,0.19048228308927123
1.2620253164556963,0.1,27.35200176534378,0.1905202454659815
1.1329113924050633,0.1,27.393372641824467,0.19050044520689746
1.1759493670886076,0.1,27.387131495972014,0.1905090142922659
1.218987341772152,0.1,27.380533493622952,0.1904589894807734
1.3050632911392406,0.1,27.3355326556897,0.19046288466844033
1.3911392405063292,0.1,27.282264222068243,0.1908021692540959
1.4341772151898735,0.1,27.21804407035599,0.19092306385999494
1.3481012658227849,0.1,27.3008782920024,0.1907447805575903
1.5202531645569621,0.1,27.108394061514378,0.19200650456314158
1.4772151898734178,0.1,27.17500988770326,0.19090703000846287
1.5632911392405064,0.1,26.858967600461202,0.19267890092785808
1.6063291139240508,0.1,26.771445506219056,0.19307393630995195
1.649367088607595,0.1,26.680321449209874,0.1935907310888223
1.6924050632911394,0.1,26.604991805913002,0.1945535699431253
1.7354430379746837,0.1,26.49569398679879,0.1958869823318917
1.8215189873417723,0.1,26.337961573980795,0.19854119327685138
1.778481012658228,0.1,26.41328567892397,0.1970196196332838
1.9506329113924052,0.1,29.536464247722616,0.36985515746546616
1.907594936708861,0.1,27.613350887935646,0.2698655067129608
1.8645569620253166,0.1,26.41744548258068,0.20574113935185223
1.9936708860759496,0.1,30.13849432395433,0.4003433571980954
2.036708860759494,0.1,30.83437305227397,0.43474763706044645
2.1227848101265825,0.1,31.742554806964666,0.4783803026307382
2.079746835443038,0.1,31.40185266596292,0.46224062380333736
2.1658227848101266,0.1,32.5728117831925,0.516755224241932
2.208860759493671,0.1,33.41992790975309,0.555296748107866
2.251898734177215,0.1,34.00620583834563,0.5814091104960916
2.2949367088607597,0.1,34.43483756962882,0.6001292918474048
2.337974683544304,0.1,34.89870998092766,0.6200157894390226
2.3810126582278484,0.1,35.04516935222514,0.6262163601789216
2.4240506329113924,0.1,35.149100351419314,0.6305564037699587
2.467088607594937,0.1,35.26276514993184,0.6353829032388295
2.510126582278481,0.1,35.83595488250749,0.65830843773421
2.639240506329114,0.1,36.46925449439435,0.6832034372025069
2.5531645569620256,0.1,36.12753492617133,0.6698132031227668
2.5962025316455697,0.1,36.282593662976666,0.6759412911027664
2.6822784810126583,0.1,36.55655158196951,0.6868174364289391
2.725316455696203,0.1,36.631433368946325,0.6902454714884872
2.768354430379747,0.1,36.66295828331463,0.6915820861908795
2.8113924050632915,0.1,36.71379843312613,0.6938804416578552
2.8544303797468356,0.1,36.78555272694792,0.697207503270691
2.9835443037974683,0.1,36.7996213920957,0.6978177827625105
2.940506329113924,0.1,36.795027402733005,0.6976170144401125
2.8974683544303796,0.1,36.79073048440538,0.6974303379459902
3.069620253164557,0.1,36.809386006877446,0.6982612921222481
3.026582278481013,0.1,36.80415264751851,0.6980180878634762
3.1556962025316455,0.1,36.819112583608096,0.698689399183228
3.1126582278481014,0.1,36.814095331854126,0.6984692616636716
3.2848101265822787,0.1,36.831172765513266,0.6992341658751099
3.19873417721519,0.1,36.82351419215833,0.6988910643094529
3.241772151898734,0.1,36.827463855607675,0.6990691824542004
3.3278481012658228,0.1,36.83451183324562,0.6993907324398682
3.3708860759493673,0.1,36.83735976799168,0.6995191811336641
3.456962025316456,0.1,36.84359833934927,0.6997992958448962
3.5,0.1,36.84726466631738,0.6999627163942881
3.4139240506329114,0.1,36.84062976964734,0.6996629142531638
0.1,0.14303797468354432,27.684039932963252,0.19012841532044655
0.1860759493670886,0.14303797468354432,27.680773473409605,0.19007993564930437
0.14303797468354432,0.14303797468354432,27.68410590141282,0.1901861508164401
0.2721518987341772,0.14303797468354432,27.68095920311227,0.19016793297358
0.35822784810126584,0.14303797468354432,27.678255564304145,0.19022140431115506
0.2291139240506329,0.14303797468354432,27.680904121490627,0.1901450038237652
0.40126582278481016,0.14303797468354432,27.67525933030878,0.1901663584672371
0.31518987341772153,0.14303797468354432,27.681160245778727,0.19023642972702914
0.4873417721518988,0.14303797468354432,27.672628593198553,0.19017822815302954
0.44430379746835447,0.14303797468354432,27.67221383856681,0.1900869612049123
0.5303797468354431,0.14303797468354432,27.66970408946506,0.19010665495981563
0.5734177215189874,0.14303797468354432,27.67032031428772,0.19021977288365152
0.6164556962025316,0.14303797468354432,27.667345332623572,0.19012399437791927
0.6594936708860759,0.14303797468354432,27.664934384255442,0.1901134884510488
0.7025316455696202,0.14303797468354432,27.657858309198502,0.1900675081369684
0.7455696202531645,0.14303797468354432,27.65673419915922,0.1902170091477676
0.7886075949367088,0.14303797468354432,27.650626937169715,0.19024919036115648
0.8316455696202532,0.14303797468354432,27.597940962410025,0.19015227294891193
0.8746835443037975,0.14303797468354432,27.54454487751247,0.1902400301604095
0.9177215189873418,0.14303797468354432,27.51205710654218,0.1903374791336018
1.0468354430379747,0.14303797468354432,27.398642073291118,0.19035562172308051
0.9607594936708861,0.14303797468354432,27.478053421798144,0.19040661660397035
1.089873417721519,0.14303797468354432,27.396473615146327,0.19048228308927123
1.0037974683544304,0.14303797468354432,27.418511708908813,0.19049940852300504
1.1329113924050633,0.14303797468354432,27.393372641824467,0.19050044520689746
1.1759493670886076,0.14303797468354432,27.387209451768413,0.19051608860956257
1.2620253164556963,0.14303797468354432,27.35211840332074,0.19053108558568177
1.218987341772152,0.14303797468354432,27.380922777624164,0.19049442767816502
1.3050632911392406,0.14303797468354432,27.33557453403448,0.19046662202959147
1.3481012658227849,0.14303797468354432,27.300940484903503,0.19075041500008483
1.4341772151898735,0.14303797468354432,27.21804407035599,0.19092306385999494
1.3911392405063292,0.14303797468354432,27.282264222068243,0.1908021692540959
1.4772151898734178,0.14303797468354432,27.17508900585696,0.1909145680247109
1.5632911392405064,0.14303797468354432,26.85530800754219,0.19249302934991383
1.5202531645569621,0.14303797468354432,27.10842005504764,0.19200875792440253
1.649367088607595,0.14303797468354432,26.680321449209874,0.1935907310888223
1.6063291139240508,0.14303797468354432,26.771445506219056,0.19307393630995195
1.6924050632911394,0.14303797468354432,26.604991805913002,0.1945535699431253
1.7354430379746837,0.14303797468354432,26.495723172037117,0.19588924995708878
1.778481012658228,0.14303797468354432,26.41328567892397,0.1970196196332838
1.8215189873417723,0.14303797468354432,26.338303842876808,0.19856529358746694
1.8645569620253166,0.14303797468354432,26.417846034819288,0.2057665813174825
1.907594936708861,0.14303797468354432,27.61353102864418,0.269878422125107
1.9506329113924052,0.14303797468354432,29.536933035738674,0.36988735014852925
1.9936708860759496,0.14303797468354432,30.138710000870383,0.4003600659679739
2.036708860759494,0.14303797468354432,30.83437305227397,0.43474763706044645
2.079746835443038,0.14303797468354432,31.4021133185139,0.4622572007891305
2.1227848101265825,0.14303797468354432,31.742803054990695,0.4783977863140064
2.1658227848101266,0.14303797468354432,32.57340349246294,0.5167908634103119
2.208860759493671,0.14303797468354432,33.420616630450475,0.5553338754326268
2.251898734177215,0.14303797468354432,34.00704393833146,0.5814547353945209
2.2949367088607597,0.14303797468354432,34.43579156319625,0.6001818497223644
2.337974683544304,0.14303797468354432,34.89928259732312,0.6200471536106428
2.3810126582278484,0.14303797468354432,35.04618103940217,0.6262710026934911
2.467088607594937,0.14303797468354432,35.26492731973501,0.6354976658959136
2.510126582278481,0.14303797468354432,35.838581025354536,0.6584410362761509
2.4240506329113924,0.14303797468354432,35.152373689782436,0.6307308997952172
2.5531645569620256,0.14303797468354432,36.13232617344705,0.6700550700407731
2.5962025316455697,0.14303797468354432,36.28618556143289,0.6761235181993974
2.639240506329114,0.14303797468354432,36.47282213970682,0.6833814066147512
2.768354430379747,0.14303797468354432,36.67330851952856,0.6920727041448419
2.8113924050632915,0.14303797468354432,36.77939369667123,0.6969487247801511
2.725316455696203,0.14303797468354432,36.63678255119197,0.6905070854774148
2.6822784810126583,0.14303797468354432,36.602462285130684,0.6890736199466518
2.8544303797468356,0.14303797468354432,36.78656531301867,0.6972569493146745
2.8974683544303796,0.14303797468354432,36.79169934405669,0.6974768162590854
2.9835443037974683,0.14303797468354432,36.80135687099286,0.6979033988722275
2.940506329113924,0.14303797468354432,36.796685649139846,0.6976945948197283
3.026582278481013,0.14303797468354432,36.80677884352061,0.698151061877295
3.069620253164557,0.14303797468354432,36.811626806227416,0.6983652325354872
3.1126582278481014,0.14303797468354432,36.81648974010345,0.6985809174632504
3.1556962025316455,0.14303797468354432,36.82184817096131,0.698821779597704
3.241772151898734,0.14303797468354432,36.82934465342946,0.699158644892569
3.19873417721519,0.14303797468354432,36.825448449436514,0.6989843449007789
3.2848101265822787,0.14303797468354432,36.833003988377165,0.699326537407838
3.3278481012658228,0.14303797468354432,36.83593475738276,0.6994632383220799
3.4139240506329114,0.14303797468354432,36.84240904984896,0.6997512656643424
3.3708860759493673,0.14303797468354432,36.83887577584567,0.6995946043115834
3.456962025316456,0.14303797468354432,36.84550255051908,0.6998905249024875
3.5,0.14303797468354432,36.84929153898798,0.7000588769657592
0.1,0.1860759493670886,27.684039932963252,0.19012841532044655
0.14303797468354432,0.1860759493670886,27.68410590141282,0.1901861508164401
0.1860759493670886,0.1860759493670886,27.680773473409605,0.19007993564930437
0.2291139240506329,0.1860759493670886,27.680904121490627,0.1901450038237652
0.31518987341772153,0.1860759493670886,27.681160245778727,0.19023642972702914
0.2721518987341772,0.1860759493670886,27.68095920311227,0.19016793297358
0.35822784810126584,0.1860759493670886,27.678255564304145,0.19022140431115506
0.40126582278481016,0.1860759493670886,27.67525933030878,0.1901663584672371
0.44430379746835447,0.1860759493670886,27.67221383856681,0.1900869612049123
0.4873417721518988,0.1860759493670886,27.672628593198553,0.19017822815302954
0.5303797468354431,0.1860759493670886,27.66970408946506,0.19010665495981563
0.5734177215189874,0.1860759493670886,27.67032031428772,0.19021977288365152
0.6164556962025316,0.1860759493670886,27.667345332623572,0.19012399437791927
0.6594936708860759,0.1860759493670886,27.664934384255442,0.1901134884510488
0.7455696202531645,0.1860759493670886,27.65673419915922,0.1902170091477676
0.7025316455696202,0.1860759493670886,27.657858309198502,0.1900675081369684
0.7886075949367088,0.1860759493670886,27.650626937169715,0.19024919036115648
0.8316455696202532,0.1860759493670886,27.597940962410025,0.19015227294891193
0.8746835443037975,0.1860759493670886,27.54454487751247,0.1902400301604095
0.9177215189873418,0.1860759493670886,27.51205710654218,0.1903374791336018
0.9607594936708861,0.1860759493670886,27.478053421798144,0.19040661660397035
1.0037974683544304,0.1860759493670886,27.418511708908813,0.19049940852300504
1.0468354430379747,0.1860759493670886,27.398642073291118,0.19035562172308051
1.089873417721519,0.1860759493670886,27.396473615146327,0.19048228308927123
1.1329113924050633,0.1860759493670886,27.393372641824467,0.19050044520689746
1.1759493670886076,0.1860759493670886,27.387326405946947,0.19052670118059017
1.218987341772152,0.1860759493670886,27.381311965214937,0.19052985917830692
1.2620253164556963,0.1860759493670886,27.350537111429734,0.19054128485331412
1.3050632911392406,0.1860759493670886,27.335635896181806,0.1904721698465939
1.3481012658227849,0.1860759493670886,27.300986882042043,0.19075470951359644
1.3911392405063292,0.1860759493670886,27.282307107494034,0.19080599697401646
1.4341772151898735,0.1860759493670886,27.218125640410474,0.1909304672230488
1.4772151898734178,0.1860759493670886,27.17516577096154,0.19092200813776572
1.5202531645569621,0.1860759493670886,27.1084989187747,0.19201621853182954
1.5632911392405064,0.1860759493670886,26.855388295658564,0.19250054313814793
1.6063291139240508,0.1860759493670886,26.771445506219056,0.19307393630995195
1.649367088607595,0.1860759493670886,26.68041297956766,0.19359846459005958
1.6924050632911394,0.1860759493670886,26.604991805913002,0.1945535699431253
1.7354430379746837,0.1860759493670886,26.495723172037117,0.19588924995708878
1.778481012658228,0.1860759493670886,26.41328567892397,0.1970196196332838
1.8215189873417723,0.1860759493670886,26.337372292474228,0.1985180846326438
1.8645569620253166,0.1860759493670886,26.418111845865678,0.2057870795088109
1.907594936708861,0.1860759493670886,27.613760838584337,0.26989672419156463
1.9506329113924052,0.1860759493670886,29.537292968139134,0.3699127031914898
1.9936708860759496,0.1860759493670886,30.139058480104328,0.4003799280120681
2.036708860759494,0.1860759493670886,30.834880082079653,0.4347785718910179
2.079746835443038,0.1860759493670886,31.40276936468327,0.4622961882618918
2.1227848101265825,0.1860759493670886,31.743071056894973,0.4784169049529537
2.1658227848101266,0.1860759493670886,32.57396267431209,0.5168214840875359
2.208860759493671,0.1860759493670886,33.42128368939116,0.5553713005367251
2.251898734177215,0.1860759493670886,34.007742249109484,0.5814930132932823
2.2949367088607597,0.1860759493670886,34.43643814459884,0.6002181517510086
2.337974683544304,0.1860759493670886,34.90036953619056,0.6201073124704961
2.3810126582278484,0.1860759493670886,35.04757744318762,0.626337655579391
2.4240506329113924,0.1860759493670886,35.15536860918958,0.6308896758560689
2.467088607594937,0.1860759493670886,35.26915379150419,0.6357198576914438
2.510126582278481,0.1860759493670886,35.841306554645605,0.6585860428671381
2.5962025316455697,0.1860759493670886,36.2913172433267,0.6763791073089143
2.5531645569620256,0.1860759493670886,36.13593720566771,0.670235626192054
2.6822784810126583,0.1860759493670886,36.60736796783748,0.6893151708795068
2.639240506329114,0.1860759493670886,36.49436404889407,0.6844476870702118
2.725316455696203,0.1860759493670886,36.64128768958846,0.6907261728298052
2.768354430379747,0.1860759493670886,36.70286169610184,0.6934654890501329
2.8113924050632915,0.1860759493670886,36.78071727502676,0.6970089384512346
2.8544303797468356,0.1860759493670886,36.787669124309815,0.6973094435107485
2.8974683544303796,0.1860759493670886,36.79296934744735,0.6975401099998134
2.940506329113924,0.1860759493670886,36.79809679080973,0.6977624742911422
2.9835443037974683,0.1860759493670886,36.80369628316394,0.6980155743622322
3.026582278481013,0.1860759493670886,36.80853184144478,0.6982319568134323
3.069620253164557,0.1860759493670886,36.81357930288886,0.6984572344637155
3.1126582278481014,0.1860759493670886,36.819399439734994,0.6987163970779511
3.1556962025316455,0.1860759493670886,36.823545046755186,0.6989054964294839
3.19873417721519,0.1860759493670886,36.827375707886794,0.6990796933816412
3.241772151898734,0.1860759493670886,36.83158545046748,0.6992712326381656
3.2848101265822787,0.1860759493670886,36.835140191124566,0.6994331912295376
3.3278481012658228,0.1860759493670886,36.83766717974352,0.6995465461448241
3.3708860759493673,0.1860759493670886,36.841151522488055,0.6997007594211344
3.4139240506329114,0.1860759493670886,36.84424534982883,0.6998364910640523
0.1,0.2291139240506329,27.684039932963252,0.19012841532044655
3.456962025316456,0.1860759493670886,36.84762141243622,0.6999933841131278
0.14303797468354432,0.2291139240506329,27.68410590141282,0.1901861508164401
3.5,0.1860759493670886,36.85191498433396,0.7001835443930525
0.1860759493670886,0.2291139240506329,27.680773473409605,0.19007993564930437
0.2291139240506329,0.2291139240506329,27.680904121490627,0.1901450038237652
0.2721518987341772,0.2291139240506329,27.68095920311227,0.19016793297358
0.40126582278481016,0.2291139240506329,27.67525933030878,0.1901663584672371
0.35822784810126584,0.2291139240506329,27.678255564304145,0.19022140431115506
0.31518987341772153,0.2291139240506329,27.681160245778727,0.19023642972702914
0.44430379746835447,0.2291139240506329,27.67221383856681,0.1900869612049123
0.5303797468354431,0.2291139240506329,27.66970408946506,0.19010665495981563
0.4873417721518988,0.2291139240506329,27.672628593198553,0.19017822815302954
0.5734177215189874,0.2291139240506329,27.67032031428772,0.19021977288365152
0.6164556962025316,0.2291139240506329,27.667345332623572,0.19012399437791927
0.7025316455696202,0.2291139240506329,27.657858309198502,0.1900675081369684
0.6594936708860759,0.2291139240506329,27.664934384255442,0.1901134884510488
0.7886075949367088,0.2291139240506329,27.650626937169715,0.19024919036115648
0.7455696202531645,0.2291139240506329,27.65673419915922,0.1902170091477676
0.8746835443037975,0.2291139240506329,27.54454487751247,0.1902400301604095
0.8316455696202532,0.2291139240506329,27.597940962410025,0.19015227294891193
0.9177215189873418,0.2291139240506329,27.51205710654218,0.1903374791336018
0.9607594936708861,0.2291139240506329,27.478053421798144,0.19040661660397035
1.0037974683544304,0.2291139240506329,27.418511708908813,0.19049940852300504
1.0468354430379747,0.2291139240506329,27.398642073291118,0.19035562172308051
1.089873417721519,0.2291139240506329,27.396473615146327,0.19048228308927123
1.1329113924050633,0.2291139240506329,27.393372641824467,0.19050044520689746
1.2620253164556963,0.2291139240506329,27.350537111429734,0.19054128485331412
1.1759493670886076,0.2291139240506329,27.387365310448292,0.19053023104330177
1.218987341772152,0.2291139240506329,27.375560709481867,0.19044732911668963
1.3050632911392406,0.2291139240506329,27.335679816969957,0.19047628088547403
1.3481012658227849,0.2291139240506329,27.30101005826413,0.19075684528236575
1.3911392405063292,0.2291139240506329,27.282307107494034,0.19080599697401646
1.4341772151898735,0.2291139240506329,27.218125640410474,0.1909304672230488
1.4772151898734178,0.2291139240506329,27.17516577096154,0.19092200813776572
1.5202531645569621,0.2291139240506329,27.108577193875632,0.19202376833660278
1.5632911392405064,0.2291139240506329,26.855388295658564,0.19250054313814793
1.6063291139240508,0.2291139240506329,26.771486134240693,0.19307774495762964
1.649367088607595,0.2291139240506329,26.68041297956766,0.19359846459005958
1.6924050632911394,0.2291139240506329,26.605020991151335,0.19455583899493056
1.7354430379746837,0.2291139240506329,26.495723172037117,0.19588924995708878
1.778481012658228,0.2291139240506329,26.41343732118523,0.1970320697916808
1.8215189873417723,0.2291139240506329,26.337633627380793,0.1985362158769915
1.8645569620253166,0.2291139240506329,26.418419515002828,0.2058082169591368
1.907594936708861,0.2291139240506329,27.61446436553217,0.26994265753572316
1.9506329113924052,0.2291139240506329,29.53762072286256,0.3699324933494946
1.9936708860759496,0.2291139240506329,30.13937918947492,0.4004003177334083
2.036708860759494,0.2291139240506329,30.83521494805333,0.43480032157831416
2.1227848101265825,0.2291139240506329,31.74344103450359,0.4784389988463413
2.079746835443038,0.2291139240506329,31.40304416354672,0.46231479537213327
2.1658227848101266,0.2291139240506329,32.574921207200624,0.5168731750609054
2.208860759493671,0.2291139240506329,33.42179490503989,0.5554006975649035
2.2949367088607597,0.2291139240506329,34.43707630345385,0.6002539582801036
2.337974683544304,0.2291139240506329,34.90154410795704,0.620171908365061
2.251898734177215,0.2291139240506329,34.00808011117703,0.5815116850607772
2.3810126582278484,0.2291139240506329,35.049987281238224,0.6264684975688509
2.4240506329113924,0.2291139240506329,35.16451971288795,0.6313774040166126
2.467088607594937,0.2291139240506329,35.27228514497595,0.6358834382743964
2.510126582278481,0.2291139240506329,35.84388167124382,0.658717142469141
2.5531645569620256,0.2291139240506329,36.14230818263684,0.6705538104726683
2.5962025316455697,0.2291139240506329,36.29916838651966,0.6767641316545456
2.639240506329114,0.2291139240506329,36.49852730920647,0.6846574513928279
2.725316455696203,0.2291139240506329,36.648699920185614,0.6910784022104677
2.768354430379747,0.2291139240506329,36.705772894882784,0.6935997402733213
2.6822784810126583,0.2291139240506329,36.61263509818493,0.6895680194295795
2.8113924050632915,0.2291139240506329,36.78382566675271,0.697156909848186
2.8974683544303796,0.2291139240506329,36.794525982345526,0.6976139825344013
2.8544303797468356,0.2291139240506329,36.78953485476485,0.6974000010399721
2.940506329113924,0.2291139240506329,36.79999310916423,0.6978555500069268
2.9835443037974683,0.2291139240506329,36.805730534806685,0.6981122176215727
3.026582278481013,0.2291139240506329,36.810533481994135,0.6983273878191347
3.069620253164557,0.2291139240506329,36.816085741909205,0.698580047474638
3.1126582278481014,0.2291139240506329,36.82163861133802,0.698827373359642
3.1556962025316455,0.2291139240506329,36.82530156246492,0.6989919513580212
3.19873417721519,0.2291139240506329,36.83008890338214,0.6992086315446804
3.241772151898734,0.2291139240506329,36.8333034307,0.6993568189523475
3.3708860759493673,0.2291139240506329,36.84292426744275,0.6997870473284785
3.4139240506329114,0.2291139240506329,36.84650831002898,0.699947315390902
3.2848101265822787,0.2291139240506329,36.83630194915204,0.6994918216806937
3.3278481012658228,0.2291139240506329,36.839787885139,0.6996510051623844
0.1,0.2721518987341772,27.684039932963252,0.19012841532044655
0.14303797468354432,0.2721518987341772,27.68410590141282,0.1901861508164401
3.5,0.2291139240506329,36.85461567954883,0.7003146804791521
3.456962025316456,0.2291139240506329,36.85017380886004,0.7001113767276889
0.1860759493670886,0.2721518987341772,27.680773473409605,0.19007993564930437
0.2291139240506329,0.2721518987341772,27.680904121490627,0.1901450038237652
0.31518987341772153,0.2721518987341772,27.681160245778727,0.19023642972702914
0.2721518987341772,0.2721518987341772,27.68095920311227,0.19016793297358
0.35822784810126584,0.2721518987341772,27.678255564304145,0.19022140431115506
0.40126582278481016,0.2721518987341772,27.67525933030878,0.1901663584672371
0.44430379746835447,0.2721518987341772,27.67221383856681,0.1900869612049123
0.4873417721518988,0.2721518987341772,27.672628593198553,0.19017822815302954
0.5303797468354431,0.2721518987341772,27.66970408946506,0.19010665495981563
0.5734177215189874,0.2721518987341772,27.67032031428772,0.19021977288365152
0.7025316455696202,0.2721518987341772,27.657858309198502,0.1900675081369684
0.6594936708860759,0.2721518987341772,27.664934384255442,0.1901134884510488
0.6164556962025316,0.2721518987341772,27.667345332623572,0.19012399437791927
0.7455696202531645,0.2721518987341772,27.65673419915922,0.1902170091477676
0.7886075949367088,0.2721518987341772,27.650626937169715,0.19024919036115648
0.8746835443037975,0.2721518987341772,27.54454487751247,0.1902400301604095
0.8316455696202532,0.2721518987341772,27.597940962410025,0.19015227294891193
0.9177215189873418,0.2721518987341772,27.51205710654218,0.1903374791336018
0.9607594936708861,0.2721518987341772,27.478053421798144,0.19040661660397035
1.0037974683544304,0.2721518987341772,27.418511708908813,0.19049940852300504
1.089873417721519,0.2721518987341772,27.396473615146327,0.19048228308927123
1.0468354430379747,0.2721518987341772,27.398642073291118,0.19035562172308051
1.1329113924050633,0.2721518987341772,27.393372641824467,0.19050044520689746
1.1759493670886076,0.2721518987341772,27.387443137051985,0.19053729369555703
1.2620253164556963,0.2721518987341772,27.350557985397888,0.19054326420759854
1.218987341772152,0.2721518987341772,27.375638551578575,0.1904544353315637
1.3050632911392406,0.2721518987341772,27.335702082661538,0.19047835599390084
1.3481012658227849,0.2721518987341772,27.30101005826413,0.19075684528236575
1.3911392405063292,0.2721518987341772,27.282307107494034,0.19080599697401646
1.4341772151898735,0.2721518987341772,27.218281523668757,0.19094544537938538
1.4772151898734178,0.2721518987341772,27.175283129279126,0.19093206065921606
1.5202531645569621,0.2721518987341772,27.108657481992,0.19203127861314537
1.6063291139240508,0.2721518987341772,26.771486134240693,0.19307774495762964
1.5632911392405064,0.2721518987341772,26.855388295658564,0.19250054313814793
1.649367088607595,0.2721518987341772,26.68041297956766,0.19359846459005958
1.7354430379746837,0.2721518987341772,26.495762779050118,0.19589299262887153
1.6924050632911394,0.2721518987341772,26.605020991151335,0.19455583899493056
1.778481012658228,0.2721518987341772,26.41358023714971,0.19704414623206046
1.8215189873417723,0.2721518987341772,26.3377225315503,0.19854406871475658
1.8645569620253166,0.2721518987341772,26.418884688566866,0.20584161332334006
1.907594936708861,0.2721518987341772,27.614716072529003,0.26995819394368487
1.9506329113924052,0.2721518987341772,29.53769309615306,0.3699384117697919
1.9936708860759496,0.2721518987341772,30.139845499632486,0.4004278988434244
2.036708860759494,0.2721518987341772,30.83547350155376,0.43481797652254595
2.079746835443038,0.2721518987341772,31.403632489664634,0.4623502556732814
2.1227848101265825,0.2721518987341772,31.743802938022846,0.4784616170238199
2.1658227848101266,0.2721518987341772,32.575802006092445,0.5169235256690445
2.208860759493671,0.2721518987341772,33.42223334750718,0.5554239439715827
2.251898734177215,0.2721518987341772,34.00887184412459,0.5815559791415369
2.2949367088607597,0.2721518987341772,34.43849840458937,0.6003277518435337
2.337974683544304,0.2721518987341772,34.902964199489,0.6202454940066956
2.3810126582278484,0.2721518987341772,35.052996775764335,0.6266286593262589
2.4240506329113924,0.2721518987341772,35.170272779069656,0.6316665281422379
2.467088607594937,0.2721518987341772,35.27436195208807,0.6359918650261556
2.5531645569620256,0.2721518987341772,36.14606526043209,0.6707438068760729
2.510126582278481,0.2721518987341772,35.84792995827103,0.6589255114352934
2.5962025316455697,0.2721518987341772,36.302963125234044,0.6769523495336219
2.639240506329114,0.2721518987341772,36.5453667213958,0.6869578297673498
2.6822784810126583,0.2721518987341772,36.61792111061574,0.6898244065050937
2.725316455696203,0.2721518987341772,36.658449942873354,0.6915435325022273
2.8113924050632915,0.2721518987341772,36.78516832348466,0.6972201433302999
2.768354430379747,0.2721518987341772,36.77097993200998,0.6966576293003907
2.8544303797468356,0.2721518987341772,36.79105317657503,0.6974692146628739
2.8974683544303796,0.2721518987341772,36.79634328126199,0.6976988702386463
2.940506329113924,0.2721518987341772,36.802359479617785,0.6979697364373849
2.9835443037974683,0.2721518987341772,36.80758349332066,0.6982037073238763
3.026582278481013,0.2721518987341772,36.81308202134534,0.6984518370485111
3.069620253164557,0.2721518987341772,36.81808023427692,0.6986791431510686
3.1126582278481014,0.2721518987341772,36.82330629597171,0.6989086313867104
3.1556962025316455,0.2721518987341772,36.82763778298588,0.6991046424269375
3.19873417721519,0.2721518987341772,36.831759093347806,0.6992948796024319
3.241772151898734,0.2721518987341772,36.83543717080812,0.6994610508125191
3.2848101265822787,0.2721518987341772,36.83788842189432,0.699573351559264
3.3278481012658228,0.2721518987341772,36.84103772875071,0.6997121354204044
3.3708860759493673,0.2721518987341772,36.84492618754994,0.6998870814005616
3.4139240506329114,0.2721518987341772,36.84890075827539,0.7000645910042703
0.1,0.31518987341772153,27.684039932963252,0.19012841532044655
3.456962025316456,0.2721518987341772,36.853593639530104,0.7002834708059396
0.14303797468354432,0.31518987341772153,27.68410590141282,0.1901861508164401
3.5,0.2721518987341772,36.8579334772574,0.700482070865568
0.1860759493670886,0.31518987341772153,27.680773473409605,0.19007993564930437
0.2721518987341772,0.31518987341772153,27.68095920311227,0.19016793297358
0.2291139240506329,0.31518987341772153,27.680904121490627,0.1901450038237652
0.31518987341772153,0.31518987341772153,27.681160245778727,0.19023642972702914
0.35822784810126584,0.31518987341772153,27.678255564304145,0.19022140431115506
0.40126582278481016,0.31518987341772153,27.67525933030878,0.1901663584672371
0.44430379746835447,0.31518987341772153,27.67221383856681,0.1900869612049123
0.4873417721518988,0.31518987341772153,27.672628593198553,0.19017822815302954
0.5303797468354431,0.31518987341772153,27.66970408946506,0.19010665495981563
0.6164556962025316,0.31518987341772153,27.667345332623572,0.19012399437791927
0.5734177215189874,0.31518987341772153,27.67032031428772,0.19021977288365152
0.6594936708860759,0.31518987341772153,27.664934384255442,0.1901134884510488
0.7455696202531645,0.31518987341772153,27.65673419915922,0.1902170091477676
0.7886075949367088,0.31518987341772153,27.650626937169715,0.19024919036115648
0.7025316455696202,0.31518987341772153,27.657858309198502,0.1900675081369684
0.8746835443037975,0.31518987341772153,27.54454487751247,0.1902400301604095
0.8316455696202532,0.31518987341772153,27.597940962410025,0.19015227294891193
0.9177215189873418,0.31518987341772153,27.51205710654218,0.1903374791336018
0.9607594936708861,0.31518987341772153,27.478053421798144,0.19040661660397035
1.0037974683544304,0.31518987341772153,27.418511708908813,0.19049940852300504
1.0468354430379747,0.31518987341772153,27.398642073291118,0.19035562172308051
1.1329113924050633,0.31518987341772153,27.393372641824467,0.19050044520689746
1.089873417721519,0.31518987341772153,27.396473615146327,0.19048228308927123
1.1759493670886076,0.31518987341772153,27.387521044706542,0.19054436687250748
1.218987341772152,0.31518987341772153,27.375716368429373,0.19046156991468383
1.2620253164556963,0.31518987341772153,27.350557985397888,0.19054326420759854
1.3481012658227849,0.31518987341772153,27.30101005826413,0.19075684528236575
1.3050632911392406,0.31518987341772153,27.33572441074964,0.19048042976522683
1.3911392405063292,0.31518987341772153,27.282388677548525,0.1908134005693449
1.4341772151898735,0.31518987341772153,27.218281523668757,0.19094544537938538
1.4772151898734178,0.31518987341772153,27.17536201697377,0.1909395306352039
1.5202531645569621,0.31518987341772153,27.108657481992,0.19203127861314537
1.5632911392405064,0.31518987341772153,26.855428923680204,0.19250435251852047
1.6063291139240508,0.31518987341772153,26.77153703657684,0.19308167136763207
1.649367088607595,0.31518987341772153,26.68041297956766,0.19359846459005958
1.6924050632911394,0.31518987341772153,26.605020991151335,0.19455583899493056
1.7354430379746837,0.31518987341772153,26.495894771604082,0.19590482178146512
1.778481012658228,0.31518987341772153,26.413753052745005,0.1970569146537652
1.8215189873417723,0.31518987341772153,26.337074211728357,0.19851762712964852
1.907594936708861,0.31518987341772153,27.615002145860185,0.2699780837569118
1.8645569620253166,0.31518987341772153,26.418918992448734,0.20584403696842846
1.9506329113924052,0.31518987341772153,29.5382008980864,0.3699732951285991
1.9936708860759496,0.31518987341772153,30.140535351399826,0.4004706456278307
2.036708860759494,0.31518987341772153,30.835862436586634,0.43484221106494725
2.1227848101265825,0.31518987341772153,31.744295248459938,0.4784891444365549
2.208860759493671,0.31518987341772153,33.42302742825322,0.5554702784298355
2.079746835443038,0.31518987341772153,31.40370927059128,0.4623564200431385
2.1658227848101266,0.31518987341772153,32.57655443155003,0.5169659415050505
2.251898734177215,0.31518987341772153,34.010418294170485,0.5816370135112845
2.2949367088607597,0.31518987341772153,34.439614385479274,0.6003830017193055
2.3810126582278484,0.31518987341772153,35.05648392086273,0.6268052762087131
2.337974683544304,0.31518987341772153,34.90385332239553,0.6202932605455107
2.467088607594937,0.31518987341772153,35.27794987229888,0.6361761650719995
2.4240506329113924,0.31518987341772153,35.17457012281435,0.6318933416911094
2.5531645569620256,0.31518987341772153,36.151104218643624,0.670996868893977
2.510126582278481,0.31518987341772153,35.85251524671702,0.6591544913483034
2.639240506329114,0.31518987341772153,36.5503687504445,0.6871975158978688
2.6822784810126583,0.31518987341772153,36.62265817980437,0.6900557839961301
2.5962025316455697,0.31518987341772153,36.3259346896745,0.6780909366180455
2.725316455696203,0.31518987341772153,36.68799181023407,0.6929348288598659
2.768354430379747,0.31518987341772153,36.77239210402302,0.6967250812114882
2.8113924050632915,0.31518987341772153,36.78675431008612,0.6972938921937684
2.8974683544303796,0.31518987341772153,36.79875621424922,0.6978171933134443
2.8544303797468356,0.31518987341772153,36.79257381184384,0.6975420765080597
2.940506329113924,0.31518987341772153,36.80421961709381,0.6980626695797132
2.9835443037974683,0.31518987341772153,36.81005528817318,0.6983217030071046
3.026582278481013,0.31518987341772153,36.81523845965292,0.6985574720076703
3.069620253164557,0.31518987341772153,36.82086290082836,0.6988095063415344
3.1126582278481014,0.31518987341772153,36.825614519930966,0.6990243343949034
3.1556962025316455,0.31518987341772153,36.82991750521219,0.6992207388687436
3.19873417721519,0.31518987341772153,36.83352535329647,0.699381353964077
3.241772151898734,0.31518987341772153,36.83669125160594,0.6995249234205706
3.2848101265822787,0.31518987341772153,36.83997682204561,0.6996704523457281
3.3278481012658228,0.31518987341772153,36.844252806957925,0.6998691718776655
3.3708860759493673,0.31518987341772153,36.8473614832771,0.7000096797055997
3.4139240506329114,0.31518987341772153,36.85255422225898,0.7002546053487225
3.456962025316456,0.31518987341772153,36.856350691615425,0.7004338217586751
3.5,0.31518987341772153,36.86052833919347,0.7006219295886634
0.14303797468354432,0.35822784810126584,27.68410590141282,0.1901861508164401
0.1,0.35822784810126584,27.684039932963252,0.19012841532044655
0.1860759493670886,0.35822784810126584,27.680773473409605,0.19007993564930437
0.2291139240506329,0.35822784810126584,27.680904121490627,0.1901450038237652
0.2721518987341772,0.35822784810126584,27.68095920311227,0.19016793297358
0.31518987341772153,0.35822784810126584,27.681160245778727,0.19023642972702914
0.35822784810126584,0.35822784810126584,27.678255564304145,0.19022140431115506
0.40126582278481016,0.35822784810126584,27.67525933030878,0.1901663584672371
0.44430379746835447,0.35822784810126584,27.67221383856681,0.1900869612049123
0.4873417721518988,0.35822784810126584,27.672628593198553,0.19017822815302954
0.5303797468354431,0.35822784810126584,27.66970408946506,0.19010665495981563
0.5734177215189874,0.35822784810126584,27.67032031428772,0.19021977288365152
0.6594936708860759,0.35822784810126584,27.664934384255442,0.1901134884510488
0.6164556962025316,0.35822784810126584,27.667345332623572,0.19012399437791927
0.7025316455696202,0.35822784810126584,27.657858309198502,0.1900675081369684
0.7455696202531645,0.35822784810126584,27.65673419915922,0.1902170091477676
0.7886075949367088,0.35822784810126584,27.650626937169715,0.19024919036115648
0.8746835443037975,0.35822784810126584,27.54454487751247,0.1902400301604095
0.9177215189873418,0.35822784810126584,27.51205710654218,0.1903374791336018
0.8316455696202532,0.35822784810126584,27.597940962410025,0.19015227294891193
0.9607594936708861,0.35822784810126584,27.478053421798144,0.19040661660397035
1.0037974683544304,0.35822784810126584,27.418511708908813,0.19049940852300504
1.0468354430379747,0.35822784810126584,27.398642073291118,0.19035562172308051
1.1329113924050633,0.35822784810126584,27.39341160364365,0.19050396593153854
1.089873417721519,0.35822784810126584,27.396473615146327,0.19048228308927123
1.1759493670886076,0.35822784810126584,27.383807820325604,0.1903551345764054
1.218987341772152,0.35822784810126584,27.37587194597031,0.1904759189267094
1.2620253164556963,0.35822784810126584,27.35057945550294,0.19054527874995664
1.3050632911392406,0.35822784810126584,27.33581067270118,0.19048828575827795
1.3911392405063292,0.35822784810126584,27.282504930336795,0.1908246256039044
1.4341772151898735,0.35822784810126584,27.21832066000953,0.19094922225076327
1.3481012658227849,0.35822784810126584,27.30105294368992,0.19076067303694166
1.4772151898734178,0.35822784810126584,27.175401726221494,0.19094322702801325
1.5632911392405064,0.35822784810126584,26.855428923680204,0.19250435251852047
1.5202531645569621,0.35822784810126584,27.108657481992,0.19203127861314537
1.6063291139240508,0.35822784810126584,26.77153703657684,0.19308167136763207
1.6924050632911394,0.35822784810126584,26.604821684062355,0.1945466925530835
1.649367088607595,0.35822784810126584,26.680442164805985,0.19360073489588575
1.7354430379746837,0.35822784810126584,26.49595690273881,0.19590946316493965
1.778481012658228,0.35822784810126584,26.413879606663507,0.19706892364922676
1.8215189873417723,0.35822784810126584,26.33932887391709,0.198722600265331
1.8645569620253166,0.35822784810126584,26.419157117027282,0.2058598116169727
1.907594936708861,0.35822784810126584,27.615160861855376,0.26999217811852094
1.9506329113924052,0.35822784810126584,29.538241350252783,0.369977073201744
1.9936708860759496,0.35822784810126584,30.140698998923252,0.40048155844420497
2.036708860759494,0.35822784810126584,30.836368141251235,0.4348730328365877
2.079746835443038,0.35822784810126584,31.404154028355418,0.4623810841965211
2.1658227848101266,0.35822784810126584,32.57723765374053,0.5170036591385523
2.1227848101265825,0.35822784810126584,31.744991820852487,0.4785278369423137
2.208860759493671,0.35822784810126584,33.423550645898935,0.5554986907854608
2.251898734177215,0.35822784810126584,34.01127186496362,0.5816845490724561
2.2949367088607597,0.35822784810126584,34.44094833522623,0.600452706789362
2.337974683544304,0.35822784810126584,34.90626930817869,0.6204235359650537
2.3810126582278484,0.35822784810126584,35.06599813944771,0.6273141006226959
2.4240506329113924,0.35822784810126584,35.17708141062602,0.6320268902650372
2.467088607594937,0.35822784810126584,35.28095458931025,0.6363303947982138
2.510126582278481,0.35822784810126584,35.859026949847106,0.659482342726848
2.5962025316455697,0.35822784810126584,36.371414485051716,0.680330355462981
2.5531645569620256,0.35822784810126584,36.15718968238059,0.6713025277869562
2.639240506329114,0.35822784810126584,36.556383028074656,0.6874921696679409
2.725316455696203,0.35822784810126584,36.691013791762856,0.6930770007505369
2.768354430379747,0.35822784810126584,36.7753428926081,0.6968672060224274
2.6822784810126583,0.35822784810126584,36.63443671317635,0.6906124621313895
2.8113924050632915,0.35822784810126584,36.78826026301518,0.697369352872345
2.8974683544303796,0.35822784810126584,36.80079621215878,0.69791941075916
2.8544303797468356,0.35822784810126584,36.79454709602642,0.6976398086043273
2.940506329113924,0.35822784810126584,36.8064020725426,0.6981687032025702
2.9835443037974683,0.35822784810126584,36.8126487139947,0.6984494027358548
3.026582278481013,0.35822784810126584,36.81817212807226,0.698697383454859
3.069620253164557,0.35822784810126584,36.82316301289517,0.698925099776757
3.1126582278481014,0.35822784810126584,36.82767233938099,0.6991264278272312
3.1556962025316455,0.35822784810126584,36.831920022290745,0.6993192493532003
3.241772151898734,0.35822784810126584,36.83889686248393,0.6996366969642898
3.2848101265822787,0.35822784810126584,36.84282916348568,0.6998273032423533
3.19873417721519,0.35822784810126584,36.835578430690354,0.6994813707034698
3.3278481012658228,0.35822784810126584,36.846383177629576,0.69998990767279
3.3708860759493673,0.35822784810126584,36.85131216132756,0.7002211153322021
3.4139240506329114,0.35822784810126584,36.855394942040284,0.700413177830197
3.456962025316456,0.35822784810126584,36.85906907572485,0.7005766614245464
3.5,0.35822784810126584,36.8629108922435,0.7007485065334554
0.1,0.40126582278481016,27.684039932963252,0.19012841532044655
0.1860759493670886,0.40126582278481016,27.680773473409605,0.19007993564930437
0.14303797468354432,0.40126582278481016,27.68410590141282,0.1901861508164401
0.2291139240506329,0.40126582278481016,27.680904121490627,0.1901450038237652
0.2721518987341772,0.40126582278481016,27.68095920311227,0.19016793297358
0.35822784810126584,0.40126582278481016,27.678255564304145,0.19022140431115506
0.31518987341772153,0.40126582278481016,27.681160245778727,0.19023642972702914
0.40126582278481016,0.40126582278481016,27.67525933030878,0.1901663584672371
0.44430379746835447,0.40126582278481016,27.67221383856681,0.1900869612049123
0.4873417721518988,0.40126582278481016,27.672628593198553,0.19017822815302954
0.5303797468354431,0.40126582278481016,27.66970408946506,0.19010665495981563
0.5734177215189874,0.40126582278481016,27.67032031428772,0.19021977288365152
0.6164556962025316,0.40126582278481016,27.667345332623572,0.19012399437791927
0.6594936708860759,0.40126582278481016,27.664934384255442,0.1901134884510488
0.7025316455696202,0.40126582278481016,27.657858309198502,0.1900675081369684
0.7455696202531645,0.40126582278481016,27.65673419915922,0.1902170091477676
0.7886075949367088,0.40126582278481016,27.650626937169715,0.19024919036115648
0.8316455696202532,0.40126582278481016,27.597940962410025,0.19015227294891193
0.8746835443037975,0.40126582278481016,27.54454487751247,0.1902400301604095
0.9177215189873418,0.40126582278481016,27.51205710654218,0.1903374791336018
0.9607594936708861,0.40126582278481016,27.478053421798144,0.19040661660397035
1.0037974683544304,0.40126582278481016,27.418511708908813,0.19049940852300504
1.0468354430379747,0.40126582278481016,27.398642073291118,0.19035562172308051
1.089873417721519,0.40126582278481016,27.396473615146327,0.19048228308927123
1.1329113924050633,0.40126582278481016,27.39341160364365,0.19050396593153854
1.1759493670886076,0.40126582278481016,27.383885638381567,0.1903622034950399
1.218987341772152,0.40126582278481016,27.374516902020815,0.19050162358650036
1.3481012658227849,0.40126582278481016,27.30105294368992,0.19076067303694166
1.3050632911392406,0.40126582278481016,27.335833848923265,0.19049042173400624
1.2620253164556963,0.40126582278481016,27.350665254635864,0.19055312705698182
1.4341772151898735,0.40126582278481016,27.21842554123745,0.1909589472904361
1.3911392405063292,0.40126582278481016,27.2825445608068,0.1908283791487709
1.4772151898734178,0.40126582278481016,27.175401726221494,0.19094322702801325
1.5202531645569621,0.40126582278481016,27.108698110013645,0.19203508842001105
1.5632911392405064,0.40126582278481016,26.855428923680204,0.19250435251852047
1.649367088607595,0.40126582278481016,26.68048270521017,0.19360458351403353
1.6063291139240508,0.40126582278481016,26.77153703657684,0.19308167136763207
1.6924050632911394,0.40126582278481016,26.604871588175886,0.19455076048507114
1.7354430379746837,0.40126582278481016,26.496132792615708,0.19592558644001856
1.778481012658228,0.40126582278481016,26.416164134004294,0.19728558075803623
1.8215189873417723,0.40126582278481016,26.34252873224974,0.19902563875639848
1.8645569620253166,0.40126582278481016,26.41937952381371,0.20587838511675577
1.9506329113924052,0.40126582278481016,29.538768985986213,0.37001071732424823
1.907594936708861,0.40126582278481016,27.615666045789027,0.2700240968283776
2.079746835443038,0.40126582278481016,31.404538027842147,0.4624035642164435
2.1227848101265825,0.40126582278481016,31.745728637814928,0.47856906768395346
1.9936708860759496,0.40126582278481016,30.141022674096657,0.4005011716632362
2.036708860759494,0.40126582278481016,30.83677832758735,0.4348965886918712
2.1658227848101266,0.40126582278481016,32.57783396527515,0.5170364377652719
2.208860759493671,0.40126582278481016,33.42446560400394,0.5555494348804749
2.251898734177215,0.40126582278481016,34.011907189874236,0.5817176572433701
2.2949367088607597,0.40126582278481016,34.44176596446994,0.6004989786303054
2.337974683544304,0.40126582278481016,34.90913304371145,0.620575248661369
2.3810126582278484,0.40126582278481016,35.06923944625709,0.6274858386724825
2.4240506329113924,0.40126582278481016,35.179439650889705,0.6321495392894954
2.467088607594937,0.40126582278481016,35.2843658615644,0.6365055434578919
2.510126582278481,0.40126582278481016,35.864043952760596,0.6597398684981813
2.5531645569620256,0.40126582278481016,36.162219724433854,0.6715578300397372
2.5962025316455697,0.40126582278481016,36.37578127153077,0.6805449076367246
2.639240506329114,0.40126582278481016,36.56136392184239,0.6877331396051319
2.725316455696203,0.40126582278481016,36.75641828175082,0.696140926094708
2.6822784810126583,0.40126582278481016,36.640159484707496,0.6908875840965624
2.768354430379747,0.40126582278481016,36.77704209664947,0.6969482729873515
2.8113924050632915,0.40126582278481016,36.78912941538038,0.6974154667276712
2.8544303797468356,0.40126582278481016,36.79708906596515,0.697763863786005
2.8974683544303796,0.40126582278481016,36.80361265931208,0.6980567308061973
2.9835443037974683,0.40126582278481016,36.814903723496556,0.6985572014776701
2.940506329113924,0.40126582278481016,36.80870726595941,0.6982817939329042
3.069620253164557,0.40126582278481016,36.82591363031278,0.699057408982948
3.026582278481013,0.40126582278481016,36.820878299285404,0.6988335948482859
3.1556962025316455,0.40126582278481016,36.83444044805646,0.6994502844099066
3.1126582278481014,0.40126582278481016,36.82981491731556,0.699237069058817
3.19873417721519,0.40126582278481016,36.83791546822409,0.699614271686981
3.241772151898734,0.40126582278481016,36.841394974003336,0.6997827641033031
3.2848101265822787,0.40126582278481016,36.84527584391671,0.699962374438602
3.3278481012658228,0.40126582278481016,36.849831434777656,0.7001744950182299
3.3708860759493673,0.40126582278481016,36.85408532951719,0.7003658292581927
3.4139240506329114,0.40126582278481016,36.85780045747289,0.7005339749144184
3.456962025316456,0.40126582278481016,36.8617845320092,0.700710846574141
0.1,0.44430379746835447,27.684039932963252,0.19012841532044655
3.5,0.40126582278481016,36.86613652116678,0.7009019750319326
0.14303797468354432,0.44430379746835447,27.68410590141282,0.1901861508164401
0.1860759493670886,0.44430379746835447,27.680773473409605,0.19007993564930437
0.2291139240506329,0.44430379746835447,27.680904121490627,0.1901450038237652
0.2721518987341772,0.44430379746835447,27.68095920311227,0.19016793297358
0.31518987341772153,0.44430379746835447,27.681160245778727,0.19023642972702914
0.35822784810126584,0.44430379746835447,27.678255564304145,0.19022140431115506
0.40126582278481016,0.44430379746835447,27.67525933030878,0.1901663584672371
0.44430379746835447,0.44430379746835447,27.67221383856681,0.1900869612049123
0.4873417721518988,0.44430379746835447,27.672628593198553,0.19017822815302954
0.5303797468354431,0.44430379746835447,27.66970408946506,0.19010665495981563
0.5734177215189874,0.44430379746835447,27.67032031428772,0.19021977288365152
0.6164556962025316,0.44430379746835447,27.667345332623572,0.19012399437791927
0.6594936708860759,0.44430379746835447,27.664934384255442,0.1901134884510488
0.7455696202531645,0.44430379746835447,27.65673419915922,0.1902170091477676
0.8316455696202532,0.44430379746835447,27.597940962410025,0.19015227294891193
0.7025316455696202,0.44430379746835447,27.657858309198502,0.1900675081369684
0.7886075949367088,0.44430379746835447,27.650626937169715,0.19024919036115648
0.8746835443037975,0.44430379746835447,27.54454487751247,0.1902400301604095
0.9607594936708861,0.44430379746835447,27.478053421798144,0.19040661660397035
0.9177215189873418,0.44430379746835447,27.51205710654218,0.1903374791336018
1.0468354430379747,0.44430379746835447,27.398642073291118,0.19035562172308051
1.0037974683544304,0.44430379746835447,27.418511708908813,0.19049940852300504
1.089873417721519,0.44430379746835447,27.396473615146327,0.19048228308927123
1.1329113924050633,0.44430379746835447,27.39341160364365,0.19050396593153854
1.1759493670886076,0.44430379746835447,27.38413877327309,0.1903853199197231
1.218987341772152,0.44430379746835447,27.37453777598897,0.190503602981083
1.3050632911392406,0.44430379746835447,27.335833848923265,0.19049042173400624
1.2620253164556963,0.44430379746835447,27.350727412369725,0.19055873535162396
1.3481012658227849,0.44430379746835447,27.301250766532682,0.19077930181577374
1.4341772151898735,0.44430379746835447,27.218465250485167,0.1909626434803684
1.3911392405063292,0.44430379746835447,27.282622857455955,0.19083594038726442
1.4772151898734178,0.44430379746835447,27.175442354243128,0.19094703831668483
1.5202531645569621,0.44430379746835447,27.108698110013645,0.19203508842001105
1.5632911392405064,0.44430379746835447,26.855428923680204,0.19250435251852047
1.6063291139240508,0.44430379746835447,26.771599408804885,0.19308580569191727
1.649367088607595,0.44430379746835447,26.68052425324642,0.1936085008197724
1.6924050632911394,0.44430379746835447,26.6050217991583,0.1945643958035051
1.778481012658228,0.44430379746835447,26.4196607226087,0.19761265437032222
1.7354430379746837,0.44430379746835447,26.504186643387914,0.19668386791839276
1.8215189873417723,0.44430379746835447,26.342878406972716,0.19905303797614418
1.8645569620253166,0.44430379746835447,26.419737452832294,0.2059029004453842
1.907594936708861,0.44430379746835447,27.61590215905637,0.2700393701736927
1.9506329113924052,0.44430379746835447,29.539093944500575,0.3700296375871938
2.036708860759494,0.44430379746835447,30.837228648471346,0.43492248709005155
1.9936708860759496,0.44430379746835447,30.14140530698984,0.4005267113407348
2.079746835443038,0.44430379746835447,31.40477893134855,0.46241807520374667
2.1227848101265825,0.44430379746835447,31.746685505453524,0.4786229567485929
2.1658227848101266,0.44430379746835447,32.5786482063098,0.5170842336865566
2.208860759493671,0.44430379746835447,33.42507192252434,0.5555835027342733
2.251898734177215,0.44430379746835447,34.01282332378845,0.5817670555766543
2.2949367088607597,0.44430379746835447,34.44346423662581,0.6005863635152876
2.3810126582278484,0.44430379746835447,35.07568698648441,0.627813290574706
2.337974683544304,0.44430379746835447,34.914283527234694,0.6208517808906829
2.4240506329113924,0.44430379746835447,35.18255666752632,0.632313003970197
2.467088607594937,0.44430379746835447,35.28861093106033,0.6367281645616285
2.510126582278481,0.44430379746835447,35.8683207234101,0.6599525958554691
2.5531645569620256,0.44430379746835447,36.18446376688851,0.6726580203258952
2.5962025316455697,0.44430379746835447,36.37997357703683,0.6807559713251188
2.639240506329114,0.44430379746835447,36.565109085031516,0.6879168355243661
2.6822784810126583,0.44430379746835447,36.669403168681406,0.692270161811747
2.725316455696203,0.44430379746835447,36.75835568811898,0.6962355786034634
2.768354430379747,0.44430379746835447,36.77872847706084,0.6970351377706309
2.8544303797468356,0.44430379746835447,36.799738846852904,0.6978916670662286
2.8113924050632915,0.44430379746835447,36.79178471228081,0.6975450535228026
2.940506329113924,0.44430379746835447,36.81196122630673,0.6984383503130458
2.8974683544303796,0.44430379746835447,36.80556946779745,0.698151992752793
2.9835443037974683,0.44430379746835447,36.817248422805676,0.6986817040871713
3.026582278481013,0.44430379746835447,36.82313198704828,0.698951374962857
3.069620253164557,0.44430379746835447,36.82843647892963,0.6992044702399698
3.1126582278481014,0.44430379746835447,36.83251834163476,0.6993893336941437
3.1556962025316455,0.44430379746835447,36.836416426947935,0.699571748526567
3.241772151898734,0.44430379746835447,36.84405046165398,0.699920602146207
3.19873417721519,0.44430379746835447,36.84029023358441,0.6997463031524568
3.2848101265822787,0.44430379746835447,36.84810362099091,0.7001073316017089
3.3278481012658228,0.44430379746835447,36.85261774352762,0.7003161464790566
3.3708860759493673,0.44430379746835447,36.85703312531822,0.7005183054879367
3.4139240506329114,0.44430379746835447,36.86065894320281,0.7006752395396979
3.456962025316456,0.44430379746835447,36.86500231871432,0.700877119869338
0.1,0.4873417721518988,27.684039932963252,0.19012841532044655
3.5,0.44430379746835447,36.869861513624606,0.7010997366799236
0.14303797468354432,0.4873417721518988,27.68410590141282,0.1901861508164401
0.1860759493670886,0.4873417721518988,27.680773473409605,0.19007993564930437
0.2291139240506329,0.4873417721518988,27.680904121490627,0.1901450038237652
0.2721518987341772,0.4873417721518988,27.68095920311227,0.19016793297358
0.35822784810126584,0.4873417721518988,27.678255564304145,0.19022140431115506
0.31518987341772153,0.4873417721518988,27.681160245778727,0.19023642972702914
0.44430379746835447,0.4873417721518988,27.67221383856681,0.1900869612049123
0.40126582278481016,0.4873417721518988,27.67525933030878,0.1901663584672371
0.4873417721518988,0.4873417721518988,27.672628593198553,0.19017822815302954
0.5303797468354431,0.4873417721518988,27.66970408946506,0.19010665495981563
0.5734177215189874,0.4873417721518988,27.67032031428772,0.19021977288365152
0.6164556962025316,0.4873417721518988,27.667345332623572,0.19012399437791927
0.6594936708860759,0.4873417721518988,27.664934384255442,0.1901134884510488
0.7025316455696202,0.4873417721518988,27.657858309198502,0.1900675081369684
0.7886075949367088,0.4873417721518988,27.650626937169715,0.19024919036115648
0.8316455696202532,0.4873417721518988,27.597940962410025,0.19015227294891193
0.7455696202531645,0.4873417721518988,27.65673419915922,0.1902170091477676
0.8746835443037975,0.4873417721518988,27.54454487751247,0.1902400301604095
0.9177215189873418,0.4873417721518988,27.51205710654218,0.1903374791336018
0.9607594936708861,0.4873417721518988,27.478053421798144,0.19040661660397035
1.0037974683544304,0.4873417721518988,27.418511708908813,0.19049940852300504
1.0468354430379747,0.4873417721518988,27.398642073291118,0.19035562172308051
1.089873417721519,0.4873417721518988,27.396473615146327,0.19048228308927123
1.1759493670886076,0.4873417721518988,27.38417776553683,0.19038886738235522
1.218987341772152,0.4873417721518988,27.37453777598897,0.190503602981083
1.1329113924050633,0.4873417721518988,27.393450689186075,0.19050749800767025
1.2620253164556963,0.4873417721518988,27.35074974045783,0.1905608091267933
1.3050632911392406,0.4873417721518988,27.335833848923265,0.19049042173400624
1.3481012658227849,0.4873417721518988,27.301290397002685,0.19078305534583534
1.3911392405063292,0.4873417721518988,27.282714460313564,0.1908436284730376
1.4772151898734178,0.4873417721518988,27.175442354243128,0.19094703831668483
1.4341772151898735,0.4873417721518988,27.218465250485167,0.1909626434803684
1.5202531645569621,0.4873417721518988,27.108698110013645,0.19203508842001105
1.5632911392405064,0.4873417721518988,26.85547982601635,0.19250827968553938
1.6063291139240508,0.4873417721518988,26.771710682483647,0.19309584217495185
1.649367088607595,0.4873417721518988,26.680692721868542,0.19362384187522302
1.6924050632911394,0.4873417721518988,26.61936673097268,0.19592379462276927
1.7354430379746837,0.4873417721518988,26.504734465745567,0.19673416849918718
1.778481012658228,0.4873417721518988,26.41736443535792,0.19751464527017784
1.8215189873417723,0.4873417721518988,26.342347376489293,0.19903435071588702
1.8645569620253166,0.4873417721518988,26.42012167428655,0.20592744271867489
1.9506329113924052,0.4873417721518988,29.539551056172854,0.37005688393436953
1.9936708860759496,0.4873417721518988,30.14154506969283,0.40053485418962215
1.907594936708861,0.4873417721518988,27.616150586126984,0.2700569957452465
2.036708860759494,0.4873417721518988,30.837444922036084,0.43493470174617604
2.079746835443038,0.4873417721518988,31.40535624977642,0.46244945662075126
2.1227848101265825,0.4873417721518988,31.747038460719146,0.4786419365640486
2.1658227848101266,0.4873417721518988,32.57925886807061,0.5171180400962254
2.208860759493671,0.4873417721518988,33.42581654164177,0.5556230014919277
2.251898734177215,0.4873417721518988,34.01411555799128,0.5818370963619188
2.337974683544304,0.4873417721518988,34.92188566915359,0.6212614558578281
2.2949367088607597,0.4873417721518988,34.445847479401046,0.6007170957985513
2.3810126582278484,0.4873417721518988,35.078999501283796,0.6279883647036703
2.4240506329113924,0.4873417721518988,35.18678300231615,0.6325291227997537
2.467088607594937,0.4873417721518988,35.293884786417635,0.6369966808205914
2.510126582278481,0.4873417721518988,35.875351056075864,0.6603088837034411
2.5962025316455697,0.4873417721518988,36.38697704091461,0.6810896610753219
2.639240506329114,0.4873417721518988,36.577897667433525,0.688528762347968
2.5531645569620256,0.4873417721518988,36.230962990651996,0.674950192901703
2.725316455696203,0.4873417721518988,36.76180573010663,0.6964015197419959
2.6822784810126583,0.4873417721518988,36.672879767678786,0.6924328675885535
2.768354430379747,0.4873417721518988,36.77987212813245,0.6970935827364886
2.8544303797468356,0.4873417721518988,36.80152157361632,0.6979831583495754
2.8113924050632915,0.4873417721518988,36.79377531091066,0.6976431299551106
2.8974683544303796,0.4873417721518988,36.808122117329916,0.6982864490371239
2.940506329113924,0.4873417721518988,36.81540310989877,0.6986278209021423
2.9835443037974683,0.4873417721518988,36.820957656268554,0.6988835749287308
3.026582278481013,0.4873417721518988,36.826790655058346,0.6991492058592492
3.069620253164557,0.4873417721518988,36.83071151975983,0.6993256123565043
3.1126582278481014,0.4873417721518988,36.83500272393446,0.6995280500082944
3.1556962025316455,0.4873417721518988,36.8387999694019,0.6996978762323004
3.19873417721519,0.4873417721518988,36.842147560099356,0.6998456812437699
3.241772151898734,0.4873417721518988,36.84687961311677,0.7000711869365949
3.2848101265822787,0.4873417721518988,36.852383663248354,0.7003260687192175
3.3278481012658228,0.4873417721518988,36.855858510133196,0.700482204699416
3.3708860759493673,0.4873417721518988,36.859140784177505,0.7006250116075908
3.456962025316456,0.4873417721518988,36.877451329156436,0.7018424425835652
3.4139240506329114,0.4873417721518988,36.863861492605196,0.7008402720280866
3.5,0.4873417721518988,36.8813077091972,0.7020216104665945
0.1,0.5303797468354431,27.684039932963252,0.19012841532044655
0.14303797468354432,0.5303797468354431,27.68410590141282,0.1901861508164401
0.1860759493670886,0.5303797468354431,27.680773473409605,0.19007993564930437
0.2291139240506329,0.5303797468354431,27.680904121490627,0.1901450038237652
0.2721518987341772,0.5303797468354431,27.68095920311227,0.19016793297358
0.31518987341772153,0.5303797468354431,27.681160245778727,0.19023642972702914
0.40126582278481016,0.5303797468354431,27.67525933030878,0.1901663584672371
0.35822784810126584,0.5303797468354431,27.678255564304145,0.19022140431115506
0.44430379746835447,0.5303797468354431,27.67221383856681,0.1900869612049123
0.4873417721518988,0.5303797468354431,27.672628593198553,0.19017822815302954
0.5303797468354431,0.5303797468354431,27.66970408946506,0.19010665495981563
0.6164556962025316,0.5303797468354431,27.667345332623572,0.19012399437791927
0.6594936708860759,0.5303797468354431,27.664934384255442,0.1901134884510488
0.5734177215189874,0.5303797468354431,27.67032031428772,0.19021977288365152
0.7025316455696202,0.5303797468354431,27.657858309198502,0.1900675081369684
0.7455696202531645,0.5303797468354431,27.65673419915922,0.1902170091477676
0.7886075949367088,0.5303797468354431,27.650626937169715,0.19024919036115648
0.8316455696202532,0.5303797468354431,27.597940962410025,0.19015227294891193
0.8746835443037975,0.5303797468354431,27.54454487751247,0.1902400301604095
0.9177215189873418,0.5303797468354431,27.51205710654218,0.1903374791336018
0.9607594936708861,0.5303797468354431,27.478053421798144,0.19040661660397035
1.0037974683544304,0.5303797468354431,27.418511708908813,0.19049940852300504
1.0468354430379747,0.5303797468354431,27.398642073291118,0.19035562172308051
1.1329113924050633,0.5303797468354431,27.39348966482811,0.19051102260863473
1.089873417721519,0.5303797468354431,27.396473615146327,0.19048228308927123
1.1759493670886076,0.5303797468354431,27.384450239992812,0.19041364686245935
1.218987341772152,0.5303797468354431,27.37453777598897,0.190503602981083
1.2620253164556963,0.5303797468354431,27.35079613759637,0.19056510406492647
1.3050632911392406,0.5303797468354431,27.335992987137328,0.19050547590846134
1.3911392405063292,0.5303797468354431,27.28278016309455,0.19084957936051986
1.3481012658227849,0.5303797468354431,27.30136869365184,0.19079061641060144
1.4341772151898735,0.5303797468354431,27.218505878506807,0.1909664545594811
1.4772151898734178,0.5303797468354431,27.175442354243128,0.19094703831668483
1.5202531645569621,0.5303797468354431,27.108698110013645,0.19203508842001105
1.5632911392405064,0.5303797468354431,26.855520366420535,0.19251213020433755
1.6063291139240508,0.5303797468354431,26.771863864358764,0.19311040458161602
1.649367088607595,0.5303797468354431,26.696267419139765,0.19515394864112903
1.6924050632911394,0.5303797468354431,26.619817683188618,0.19596648011337844
1.7354430379746837,0.5303797468354431,26.50501999367318,0.19676086836040824
1.778481012658228,0.5303797468354431,26.417579229257825,0.19753465636397888
1.8645569620253166,0.5303797468354431,26.42068116528961,0.2059628739324406
1.907594936708861,0.5303797468354431,27.616447686054087,0.27007537080402433
1.8215189873417723,0.5303797468354431,26.343138778480697,0.19908870586264224
1.9506329113924052,0.5303797468354431,29.540029300673993,0.3700852913608664
1.9936708860759496,0.5303797468354431,30.141863373252622,0.400554010301119
2.036708860759494,0.5303797468354431,30.838101550828313,0.4349701900747947
2.079746835443038,0.5303797468354431,31.40653703509705,0.462516532782298
2.1227848101265825,0.5303797468354431,31.74790998361975,0.47869287741722927
2.1658227848101266,0.5303797468354431,32.58010246244837,0.5171631965108103
2.208860759493671,0.5303797468354431,33.426461332374295,0.5556601500577074
2.251898734177215,0.5303797468354431,34.014774319043084,0.5818773513649129
2.2949367088607597,0.5303797468354431,34.44835005075869,0.6008549515678608
2.337974683544304,0.5303797468354431,34.924950059052776,0.6214259377757708
2.3810126582278484,0.5303797468354431,35.0813748480641,0.6281172157544369
2.4240506329113924,0.5303797468354431,35.19054871509139,0.6327269232719182
2.467088607594937,0.5303797468354431,35.301676897411795,0.6373838198323114
2.510126582278481,0.5303797468354431,35.89641072271132,0.6613578605403487
2.5531645569620256,0.5303797468354431,36.23590510859239,0.6751930584952088
2.5962025316455697,0.5303797468354431,36.39253043729429,0.6813624706598544
2.639240506329114,0.5303797468354431,36.58317466388287,0.688783183957549
2.6822784810126583,0.5303797468354431,36.7382914629835,0.6955016457378527
2.768354430379747,0.5303797468354431,36.78182535753632,0.6971960734258226
2.725316455696203,0.5303797468354431,36.76349360508174,0.6964809942729483
2.8113924050632915,0.5303797468354431,36.79760994620069,0.6978488937675901
2.8544303797468356,0.5303797468354431,36.80512418252248,0.6981865645614775
2.8974683544303796,0.5303797468354431,36.81129888550709,0.698466457032823
2.940506329113924,0.5303797468354431,36.817385230257905,0.698741495854761
2.9835443037974683,0.5303797468354431,36.823498848233456,0.6990169673460561
3.026582278481013,0.5303797468354431,36.828695117780406,0.6992522771708654
3.069620253164557,0.5303797468354431,36.83360451596125,0.6994805868880267
3.19873417721519,0.5303797468354431,36.84595545520918,0.7000461765196373
3.1126582278481014,0.5303797468354431,36.83729088402757,0.6996467916926199
3.241772151898734,0.5303797468354431,36.8500556039403,0.7002351831760601
3.1556962025316455,0.5303797468354431,36.84123202263975,0.6998296621577282
3.2848101265822787,0.5303797468354431,36.8624655409703,0.7011772940738327
3.3278481012658228,0.5303797468354431,36.86627988099253,0.7013532973497058
3.3708860759493673,0.5303797468354431,36.87146741723969,0.7015853118507552
3.4139240506329114,0.5303797468354431,36.87638414872307,0.7018138075237855
3.5,0.5303797468354431,36.883875239002315,0.7021475229071031
3.456962025316456,0.5303797468354431,36.88044995497111,0.7019957452044262
0.14303797468354432,0.5734177215189874,27.68410590141282,0.1901861508164401
0.1,0.5734177215189874,27.684039932963252,0.19012841532044655
0.1860759493670886,0.5734177215189874,27.680773473409605,0.19007993564930437
0.2291139240506329,0.5734177215189874,27.680904121490627,0.1901450038237652
0.2721518987341772,0.5734177215189874,27.68095920311227,0.19016793297358
0.31518987341772153,0.5734177215189874,27.681160245778727,0.19023642972702914
0.35822784810126584,0.5734177215189874,27.678255564304145,0.19022140431115506
0.44430379746835447,0.5734177215189874,27.67221383856681,0.1900869612049123
0.40126582278481016,0.5734177215189874,27.67525933030878,0.1901663584672371
0.5303797468354431,0.5734177215189874,27.66970408946506,0.19010665495981563
0.4873417721518988,0.5734177215189874,27.672628593198553,0.19017822815302954
0.5734177215189874,0.5734177215189874,27.67032031428772,0.19021977288365152
0.6594936708860759,0.5734177215189874,27.664934384255442,0.1901134884510488
0.6164556962025316,0.5734177215189874,27.667345332623572,0.19012399437791927
0.7025316455696202,0.5734177215189874,27.657858309198502,0.1900675081369684
0.7886075949367088,0.5734177215189874,27.650626937169715,0.19024919036115648
0.7455696202531645,0.5734177215189874,27.65673419915922,0.1902170091477676
0.8746835443037975,0.5734177215189874,27.54454487751247,0.1902400301604095
0.8316455696202532,0.5734177215189874,27.597940962410025,0.19015227294891193
0.9177215189873418,0.5734177215189874,27.51205710654218,0.1903374791336018
0.9607594936708861,0.5734177215189874,27.478053421798144,0.19040661660397035
1.0037974683544304,0.5734177215189874,27.418511708908813,0.19049940852300504
1.0468354430379747,0.5734177215189874,27.398642073291118,0.19035562172308051
1.089873417721519,0.5734177215189874,27.396473615146327,0.19048228308927123
1.1759493670886076,0.5734177215189874,27.385034156887716,0.19046679862107962
1.1329113924050633,0.5734177215189874,27.39348966482811,0.19051102260863473
1.2620253164556963,0.5734177215189874,27.350859178631453,0.19057080107197485
1.218987341772152,0.5734177215189874,27.374603166882164,0.1905097286964696
1.3050632911392406,0.5734177215189874,27.336114187661824,0.19051663355282944
1.3481012658227849,0.5734177215189874,27.301408421038115,0.19079430187787158
1.3911392405063292,0.5734177215189874,27.28278016309455,0.19084957936051986
1.4341772151898735,0.5734177215189874,27.21855810695035,0.19097047482937682
1.4772151898734178,0.5734177215189874,27.175442354243128,0.19094703831668483
1.5202531645569621,0.5734177215189874,27.108738650417823,0.19203894036132807
1.6063291139240508,0.5734177215189874,26.79036830642816,0.19486551106222783
1.5632911392405064,0.5734177215189874,26.855708165662186,0.19252998395158002
1.649367088607595,0.5734177215189874,26.696686369001714,0.19519353746386164
1.6924050632911394,0.5734177215189874,26.620190648135452,0.1959985928609752
1.7354430379746837,0.5734177215189874,26.503698043410402,0.19669963071809177
1.778481012658228,0.5734177215189874,26.41797495266863,0.1975653120798197
1.8215189873417723,0.5734177215189874,26.34253243814859,0.19907019495380668
1.907594936708861,0.5734177215189874,27.616729117839245,0.27009182216991445
1.9936708860759496,0.5734177215189874,30.142037129621347,0.40056383026484904
1.9506329113924052,0.5734177215189874,29.540128240499993,0.3700907788439305
1.8645569620253166,0.5734177215189874,26.420815900662216,0.20597144032787626
2.036708860759494,0.5734177215189874,30.838706719519266,0.43500528675028305
2.079746835443038,0.5734177215189874,31.40717696737202,0.46255349050947897
2.1227848101265825,0.5734177215189874,31.748795248729596,0.4787419531188243
2.208860759493671,0.5734177215189874,33.42774550189244,0.5557323918486983
2.251898734177215,0.5734177215189874,34.01574547096979,0.5819304320761993
2.1658227848101266,0.5734177215189874,32.580273620427256,0.5171757867091745
2.2949367088607597,0.5734177215189874,34.457773026005356,0.6013630857440828
2.337974683544304,0.5734177215189874,34.92916861580708,0.6216532021333699
2.3810126582278484,0.5734177215189874,35.08464080514991,0.6282898564952358
2.4240506329113924,0.5734177215189874,35.1941001385386,0.6329115567512297
2.467088607594937,0.5734177215189874,35.3060219797239,0.6376073262674081
2.510126582278481,0.5734177215189874,35.90230351121899,0.6616516304685378
2.5531645569620256,0.5734177215189874,36.23928421304335,0.6753607705613773
2.5962025316455697,0.5734177215189874,36.395825991143106,0.6815256141508844
2.639240506329114,0.5734177215189874,36.6121185177914,0.6901535382980333
2.725316455696203,0.5734177215189874,36.766043530001305,0.6966335995920386
2.6822784810126583,0.5734177215189874,36.74057851531196,0.6956310268048311
2.768354430379747,0.5734177215189874,36.78514507977778,0.6973870532714354
2.8113924050632915,0.5734177215189874,36.80026999848032,0.6979971620484435
2.8544303797468356,0.5734177215189874,36.807815898100344,0.698325786426354
2.8974683544303796,0.5734177215189874,36.815015066206364,0.69865496485626
2.940506329113924,0.5734177215189874,36.82089331403981,0.698920771055359
2.9835443037974683,0.5734177215189874,36.826850193563004,0.6991907792906619
3.026582278481013,0.5734177215189874,36.83141363079816,0.69940380141874
3.069620253164557,0.5734177215189874,36.83586491270715,0.6995988397904525
3.1126582278481014,0.5734177215189874,36.84827749796437,0.7005498338068454
3.1556962025316455,0.5734177215189874,36.85275163843791,0.7007548835627616
3.2848101265822787,0.5734177215189874,36.86567812259059,0.7013426459094205
3.19873417721519,0.5734177215189874,36.85716066457571,0.70095630170701
3.241772151898734,0.5734177215189874,36.86204758167341,0.7011769498747795
3.3708860759493673,0.5734177215189874,36.8753273253196,0.7017829943244903
3.3278481012658228,0.5734177215189874,36.87016085387756,0.7015508706316047
3.4139240506329114,0.5734177215189874,36.87956880136034,0.7019885541478792
3.5,0.5734177215189874,36.88782964047678,0.7023665512614748
3.456962025316456,0.5734177215189874,36.88386209897337,0.7021830842797882
0.14303797468354432,0.6164556962025316,27.68410590141282,0.1901861508164401
0.1,0.6164556962025316,27.684039932963252,0.19012841532044655
0.1860759493670886,0.6164556962025316,27.680773473409605,0.19007993564930437
0.2291139240506329,0.6164556962025316,27.680904121490627,0.1901450038237652
0.2721518987341772,0.6164556962025316,27.68095920311227,0.19016793297358
0.31518987341772153,0.6164556962025316,27.681160245778727,0.19023642972702914
0.35822784810126584,0.6164556962025316,27.678255564304145,0.19022140431115506
0.40126582278481016,0.6164556962025316,27.67525933030878,0.1901663584672371
0.44430379746835447,0.6164556962025316,27.67221383856681,0.1900869612049123
0.5303797468354431,0.6164556962025316,27.66970408946506,0.19010665495981563
0.5734177215189874,0.6164556962025316,27.67032031428772,0.19021977288365152
0.4873417721518988,0.6164556962025316,27.672628593198553,0.19017822815302954
0.6164556962025316,0.6164556962025316,27.667345332623572,0.19012399437791927
0.7025316455696202,0.6164556962025316,27.657858309198502,0.1900675081369684
0.6594936708860759,0.6164556962025316,27.664934384255442,0.1901134884510488
0.7886075949367088,0.6164556962025316,27.650626937169715,0.19024919036115648
0.8316455696202532,0.6164556962025316,27.597940962410025,0.19015227294891193
0.7455696202531645,0.6164556962025316,27.65673419915922,0.1902170091477676
0.8746835443037975,0.6164556962025316,27.54454487751247,0.1902400301604095
0.9177215189873418,0.6164556962025316,27.51205710654218,0.1903374791336018
0.9607594936708861,0.6164556962025316,27.478053421798144,0.19040661660397035
1.0037974683544304,0.6164556962025316,27.418511708908813,0.19049940852300504
1.0468354430379747,0.6164556962025316,27.398642073291118,0.19035562172308051
1.089873417721519,0.6164556962025316,27.396473615146327,0.19048228308927123
1.1329113924050633,0.6164556962025316,27.393528725456516,0.19051455412367305
1.218987341772152,0.6164556962025316,27.374625432573744,0.19051180385190877
1.1759493670886076,0.6164556962025316,27.379470858609054,0.19040647048383957
1.2620253164556963,0.6164556962025316,27.350896313266023,0.19057448814891023
1.3050632911392406,0.6164556962025316,27.336192484310978,0.19052419456858138
1.3481012658227849,0.6164556962025316,27.301448130285838,0.19079799775245404
1.4341772151898735,0.6164556962025316,27.21855810695035,0.19097047482937682
1.4772151898734178,0.6164556962025316,27.175482894647317,0.19095089224549378
1.3911392405063292,0.6164556962025316,27.282820791116183,0.19085339013399896
1.5202531645569621,0.6164556962025316,27.108977351995627,0.19206072082185927
1.5632911392405064,0.6164556962025316,26.877202972187764,0.19456928487054445
1.6063291139240508,0.6164556962025316,26.790771303496054,0.19490308247298724
1.6924050632911394,0.6164556962025316,26.620440130667344,0.19602176400254884
1.649367088607595,0.6164556962025316,26.696895744875793,0.1952130024811882
1.7354430379746837,0.6164556962025316,26.50394854825878,0.19672270041734147
1.778481012658228,0.6164556962025316,26.418222774325304,0.1975873043799749
1.8645569620253166,0.6164556962025316,26.421110738809574,0.2059909165923974
1.907594936708861,0.6164556962025316,27.617047000021454,0.2701118818898523
1.9506329113924052,0.6164556962025316,29.54034596628874,0.370104626755771
1.9936708860759496,0.6164556962025316,30.142319161699987,0.4005796567683226
2.036708860759494,0.6164556962025316,30.838946855670287,0.43502025109341763
1.8215189873417723,0.6164556962025316,26.34291629469707,0.19909831839267106
2.079746835443038,0.6164556962025316,31.40768723902707,0.4625835594950608
2.1227848101265825,0.6164556962025316,31.74960462500004,0.4787896352758084
2.1658227848101266,0.6164556962025316,32.58172488099249,0.5172586847365453
2.208860759493671,0.6164556962025316,33.42919474327618,0.5558151643490452
2.251898734177215,0.6164556962025316,34.018756781420805,0.5820960313240922
2.337974683544304,0.6164556962025316,34.93215125580676,0.6218139470940091
2.2949367088607597,0.6164556962025316,34.46149458854165,0.6015670296464004
2.3810126582278484,0.6164556962025316,35.08841704066463,0.628488203290879
2.467088607594937,0.6164556962025316,35.312635713271646,0.6379405329787657
2.4240506329113924,0.6164556962025316,35.19979064381925,0.6332065866566241
2.510126582278481,0.6164556962025316,35.948783296577,0.6639463891631432
2.5531645569620256,0.6164556962025316,36.24629642904102,0.6757201335865565
2.5962025316455697,0.6164556962025316,36.40910494128514,0.6821913083159219
2.639240506329114,0.6164556962025316,36.63626771356586,0.6913216671819151
2.6822784810126583,0.6164556962025316,36.743777874170135,0.695801537313006
2.768354430379747,0.6164556962025316,36.78818647872829,0.6975490781686416
2.725316455696203,0.6164556962025316,36.768754692418106,0.6967829225805513
2.8113924050632915,0.6164556962025316,36.80308240670564,0.6981506607378093
2.8544303797468356,0.6164556962025316,36.810787630620915,0.698490264846715
2.8974683544303796,0.6164556962025316,36.81730534345147,0.698779145269218
2.940506329113924,0.6164556962025316,36.832280627723314,0.6998356571762624
2.9835443037974683,0.6164556962025316,36.83778615301678,0.7000923969985143
3.026582278481013,0.6164556962025316,36.84195458441818,0.700279698561173
3.069620253164557,0.6164556962025316,36.84681902615891,0.7005022749782497
3.1126582278481014,0.6164556962025316,36.8514765699226,0.7007169227239088
3.1556962025316455,0.6164556962025316,36.85582595943373,0.7009156959371733
3.19873417721519,0.6164556962025316,36.860867764226846,0.7011571013489267
3.241772151898734,0.6164556962025316,36.86509785762426,0.7013612468860542
3.3278481012658228,0.6164556962025316,36.874715619831825,0.7018089720654554
3.2848101265822787,0.6164556962025316,36.869448429186036,0.7015680696536327
3.3708860759493673,0.6164556962025316,36.87948981851225,0.7020223300697066
3.4139240506329114,0.6164556962025316,36.88312454727354,0.7021909114320428
3.5,0.6164556962025316,36.89249489451462,0.7026118253017563
0.1,0.6594936708860759,27.684039932963252,0.19012841532044655
0.14303797468354432,0.6594936708860759,27.68410590141282,0.1901861508164401
3.456962025316456,0.6164556962025316,36.8875339063798,0.7023898847994738
0.1860759493670886,0.6594936708860759,27.680773473409605,0.19007993564930437
0.2291139240506329,0.6594936708860759,27.680904121490627,0.1901450038237652
0.2721518987341772,0.6594936708860759,27.68095920311227,0.19016793297358
0.35822784810126584,0.6594936708860759,27.678255564304145,0.19022140431115506
0.31518987341772153,0.6594936708860759,27.681160245778727,0.19023642972702914
0.44430379746835447,0.6594936708860759,27.67221383856681,0.1900869612049123
0.40126582278481016,0.6594936708860759,27.67525933030878,0.1901663584672371
0.4873417721518988,0.6594936708860759,27.672628593198553,0.19017822815302954
0.5303797468354431,0.6594936708860759,27.66970408946506,0.19010665495981563
0.5734177215189874,0.6594936708860759,27.67032031428772,0.19021977288365152
0.6164556962025316,0.6594936708860759,27.667345332623572,0.19012399437791927
0.6594936708860759,0.6594936708860759,27.664934384255442,0.1901134884510488
0.7025316455696202,0.6594936708860759,27.657858309198502,0.1900675081369684
0.7886075949367088,0.6594936708860759,27.650626937169715,0.19024919036115648
0.7455696202531645,0.6594936708860759,27.65673419915922,0.1902170091477676
0.8316455696202532,0.6594936708860759,27.597940962410025,0.19015227294891193
0.8746835443037975,0.6594936708860759,27.54454487751247,0.1902400301604095
0.9177215189873418,0.6594936708860759,27.51205710654218,0.1903374791336018
0.9607594936708861,0.6594936708860759,27.478053421798144,0.19040661660397035
1.0037974683544304,0.6594936708860759,27.418511708908813,0.19049940852300504
1.089873417721519,0.6594936708860759,27.396473615146327,0.19048228308927123
1.0468354430379747,0.6594936708860759,27.398642073291118,0.19035562172308051
1.1329113924050633,0.6594936708860759,27.39354820824435,0.1905164379592758
1.1759493670886076,0.6594936708860759,27.378390036781845,0.19046248614312872
1.218987341772152,0.6594936708860759,27.374726773641193,0.19052130195576708
1.3050632911392406,0.6594936708860759,27.336232211697254,0.1905278803416707
1.2620253164556963,0.6594936708860759,27.351015061889736,0.19058578055723122
1.3481012658227849,0.6594936708860759,27.301514751840735,0.1908040635573843
1.3911392405063292,0.6594936708860759,27.282820791116183,0.19085339013399896
1.4341772151898735,0.6594936708860759,27.21859864735453,0.19097432873374035
1.4772151898734178,0.6594936708860759,27.175704849883097,0.19097206584706952
1.5202531645569621,0.6594936708860759,27.130512350546866,0.19410453104229658
1.5632911392405064,0.6594936708860759,26.877537160146808,0.19460019985312207
1.6063291139240508,0.6594936708860759,26.79101536800213,0.19492576441123638
1.649367088607595,0.6594936708860759,26.69710605587365,0.19523236873558833
1.6924050632911394,0.6594936708860759,26.620752817025437,0.19604911164388225
1.7354430379746837,0.6594936708860759,26.504156295300614,0.19674079282568627
1.778481012658228,0.6594936708860759,26.418703903807867,0.19762285843997265
1.8645569620253166,0.6594936708860759,26.421223611239512,0.20599783389918475
1.8215189873417723,0.6594936708860759,26.34315659374393,0.19911567173127565
1.907594936708861,0.6594936708860759,27.61708147064142,0.2701141671481024
1.9936708860759496,0.6594936708860759,30.14268257280359,0.40060181445532606
1.9506329113924052,0.6594936708860759,29.54073671267983,0.3701267122373577
2.036708860759494,0.6594936708860759,30.83957180565016,0.43506205412216886
2.079746835443038,0.6594936708860759,31.40836670094825,0.4626277921564941
2.1227848101265825,0.6594936708860759,31.75036651683526,0.4788372957561221
2.1658227848101266,0.6594936708860759,32.5825270815917,0.5173071706334976
2.208860759493671,0.6594936708860759,33.430053070681076,0.5558643502466586
2.251898734177215,0.6594936708860759,34.022316705165295,0.582290817684511
2.2949367088607597,0.6594936708860759,34.465670880247124,0.6017936281870846
2.337974683544304,0.6594936708860759,34.93749018396163,0.6220865388269992
2.3810126582278484,0.6594936708860759,35.09164119643063,0.6286614828516064
2.4240506329113924,0.6594936708860759,35.20674811021986,0.6335683205262519
2.467088607594937,0.6594936708860759,35.335680779967646,0.6391158493309602
2.510126582278481,0.6594936708860759,35.95384825329459,0.6642203342247155
2.5531645569620256,0.6594936708860759,36.25238269373337,0.6760409428316749
2.5962025316455697,0.6594936708860759,36.41496161143647,0.6824881026313913
2.6822784810126583,0.6594936708860759,36.74681672447131,0.6959656320551241
2.639240506329114,0.6594936708860759,36.681692865187905,0.6934658207335083
2.725316455696203,0.6594936708860759,36.77141777326126,0.6969322601561957
2.768354430379747,0.6594936708860759,36.79927721325851,0.6984552152840178
2.8113924050632915,0.6594936708860759,36.81441604920893,0.6990702952874975
2.8544303797468356,0.6594936708860759,36.822520348992796,0.6994226814580395
2.8974683544303796,0.6594936708860759,36.829154290258025,0.6997189516011963
2.940506329113924,0.6594936708860759,36.83560183970874,0.7000106097442925
2.9835443037974683,0.6594936708860759,36.840580392653855,0.7002395432088883
3.069620253164557,0.6594936708860759,36.85050928100108,0.7007224091227183
3.026582278481013,0.6594936708860759,36.84520605168642,0.7004677818316055
3.1126582278481014,0.6594936708860759,36.85451755895803,0.7009134945215986
3.19873417721519,0.6594936708860759,36.86430156399567,0.7013646770031383
3.1556962025316455,0.6594936708860759,36.859765782752035,0.7011510182358522
3.241772151898734,0.6594936708860759,36.869004727046615,0.7015788016630952
3.3278481012658228,0.6594936708860759,36.87851728844687,0.7020071568180201
3.4139240506329114,0.6594936708860759,36.886738672891305,0.7023851950466061
3.456962025316456,0.6594936708860759,36.89138831385514,0.7025900994234106
3.2848101265822787,0.6594936708860759,36.87332196054159,0.7017830141297615
3.3708860759493673,0.6594936708860759,36.88284343315991,0.7022068763083972
3.5,0.6594936708860759,36.895906294065064,0.7027874944397178
0.1,0.7025316455696202,27.684039932963252,0.19012841532044655
0.14303797468354432,0.7025316455696202,27.68410590141282,0.1901861508164401
0.1860759493670886,0.7025316455696202,27.680773473409605,0.19007993564930437
0.2291139240506329,0.7025316455696202,27.680904121490627,0.1901450038237652
0.2721518987341772,0.7025316455696202,27.68095920311227,0.19016793297358
0.31518987341772153,0.7025316455696202,27.681160245778727,0.19023642972702914
0.35822784810126584,0.7025316455696202,27.678255564304145,0.19022140431115506
0.5303797468354431,0.7025316455696202,27.66970408946506,0.19010665495981563
0.6164556962025316,0.7025316455696202,27.667345332623572,0.19012399437791927
0.40126582278481016,0.7025316455696202,27.67525933030878,0.1901663584672371
0.5734177215189874,0.7025316455696202,27.67032031428772,0.19021977288365152
0.7025316455696202,0.7025316455696202,27.657858309198502,0.1900675081369684
0.7886075949367088,0.7025316455696202,27.650626937169715,0.19024919036115648
0.7455696202531645,0.7025316455696202,27.65673419915922,0.1902170091477676
0.44430379746835447,0.7025316455696202,27.67221383856681,0.1900869612049123
0.6594936708860759,0.7025316455696202,27.664934384255442,0.1901134884510488
0.4873417721518988,0.7025316455696202,27.672628593198553,0.19017822815302954
0.8746835443037975,0.7025316455696202,27.54454487751247,0.1902400301604095
0.8316455696202532,0.7025316455696202,27.597940962410025,0.19015227294891193
0.9177215189873418,0.7025316455696202,27.51205710654218,0.1903374791336018
0.9607594936708861,0.7025316455696202,27.478053421798144,0.19040661660397035
1.0037974683544304,0.7025316455696202,27.418511708908813,0.19049940852300504
1.089873417721519,0.7025316455696202,27.396473615146327,0.19048228308927123
1.1329113924050633,0.7025316455696202,27.39354820824435,0.1905164379592758
1.0468354430379747,0.7025316455696202,27.398642073291118,0.19035562172308051
1.218987341772152,0.7025316455696202,27.37479634700182,0.19052773300535725
1.2620253164556963,0.7025316455696202,27.351178677678387,0.19060079820228187
1.1759493670886076,0.7025316455696202,27.378390036781845,0.19046248614312872
1.3481012658227849,0.7025316455696202,27.301514751840735,0.1908040635573843
1.3050632911392406,0.7025316455696202,27.336271920944974,0.19053157621547476
1.4341772151898735,0.7025316455696202,27.21882060259031,0.19099550137070478
1.3911392405063292,0.7025316455696202,27.282861331520373,0.19085724405706558
1.4772151898734178,0.7025316455696202,27.20187900492822,0.1934567777044531
1.5202531645569621,0.7025316455696202,27.130761945760376,0.194128050363403
1.5632911392405064,0.7025316455696202,26.87787191135119,0.1946308953369829
1.6063291139240508,0.7025316455696202,26.791307223590433,0.19495291141363388
1.649367088607595,0.7025316455696202,26.696750291202694,0.1952476573100039
1.6924050632911394,0.7025316455696202,26.620987025956005,0.1960690144413651
1.778481012658228,0.7025316455696202,26.419014647979317,0.1976443533707957
1.7354430379746837,0.7025316455696202,26.504292366636903,0.19675228878883194
1.8645569620253166,0.7025316455696202,26.421631065579263,0.20602313789253257
1.907594936708861,0.7025316455696202,27.617224003271236,0.27012293531113307
1.9936708860759496,0.7025316455696202,30.143377330186514,0.4006505472678663
1.8215189873417723,0.7025316455696202,26.342789673011072,0.1991024777174553
2.036708860759494,0.7025316455696202,30.840310311472845,0.4351097039473917
1.9506329113924052,0.7025316455696202,29.541353506139266,0.37016779831131674
2.079746835443038,0.7025316455696202,31.40920808754632,0.4626792391366847
2.1227848101265825,0.7025316455696202,31.75146037058455,0.47890166451322763
2.1658227848101266,0.7025316455696202,32.5837541701493,0.5173768458274219
2.208860759493671,0.7025316455696202,33.43143336438659,0.555944676818248
2.251898734177215,0.7025316455696202,34.03172054200455,0.5828041713340176
2.2949367088607597,0.7025316455696202,34.46972882290855,0.602014128364741
2.337974683544304,0.7025316455696202,34.94077974473155,0.6222869187375542
2.3810126582278484,0.7025316455696202,35.097320094975586,0.6289792562213413
2.4240506329113924,0.7025316455696202,35.21181922866049,0.6338522643627519
2.467088607594937,0.7025316455696202,35.34084269214481,0.6393930311343007
2.5531645569620256,0.7025316455696202,36.25743080116673,0.676301147768934
2.510126582278481,0.7025316455696202,35.95765917189728,0.6644334022272244
2.5962025316455697,0.7025316455696202,36.4522813655839,0.6846330840675493
2.6822784810126583,0.7025316455696202,36.75772338778332,0.6968662264543654
2.639240506329114,0.7025316455696202,36.692688201231256,0.6943688611730211
2.768354430379747,0.7025316455696202,36.80289539223421,0.6986486468208787
2.725316455696203,0.7025316455696202,36.7826652574618,0.697848465327977
2.8113924050632915,0.7025316455696202,36.81756137432476,0.6992472072527389
2.8544303797468356,0.7025316455696202,36.825654863561596,0.6996143484088673
2.8974683544303796,0.7025316455696202,36.83400934238014,0.6999994842605479
2.940506329113924,0.7025316455696202,36.838889530871924,0.700222961076631
2.9835443037974683,0.7025316455696202,36.84397932594061,0.7004565633867316
3.026582278481013,0.7025316455696202,36.849841123791265,0.700734726382283
3.069620253164557,0.7025316455696202,36.853437470422236,0.7008969889588944
3.1126582278481014,0.7025316455696202,36.858159259643315,0.7011204632193827
3.1556962025316455,0.7025316455696202,36.86358625408719,0.7013628766492966
3.19873417721519,0.7025316455696202,36.86799863455296,0.7015700027590678
3.241772151898734,0.7025316455696202,36.87219906343544,0.7017574277842387
3.2848101265822787,0.7025316455696202,36.876556057098824,0.701954382967715
3.3278481012658228,0.7025316455696202,36.88265820699309,0.7022256430187181
3.4139240506329114,0.7025316455696202,36.890218538446504,0.7025603071214778
3.3708860759493673,0.7025316455696202,36.885860320875416,0.702368689924669
3.456962025316456,0.7025316455696202,36.895452253358826,0.7027927063772821
0.14303797468354432,0.7455696202531645,27.68410590141282,0.1901861508164401
0.1,0.7455696202531645,27.684039932963252,0.19012841532044655
0.1860759493670886,0.7455696202531645,27.680773473409605,0.19007993564930437
3.5,0.7025316455696202,36.89903335284346,0.7029501782309282
0.2291139240506329,0.7455696202531645,27.680904121490627,0.1901450038237652
0.2721518987341772,0.7455696202531645,27.68095920311227,0.19016793297358
0.31518987341772153,0.7455696202531645,27.681160245778727,0.19023642972702914
0.35822784810126584,0.7455696202531645,27.678255564304145,0.19022140431115506
0.40126582278481016,0.7455696202531645,27.67525933030878,0.1901663584672371
0.44430379746835447,0.7455696202531645,27.67221383856681,0.1900869612049123
0.4873417721518988,0.7455696202531645,27.672628593198553,0.19017822815302954
0.5303797468354431,0.7455696202531645,27.66970408946506,0.19010665495981563
0.5734177215189874,0.7455696202531645,27.67032031428772,0.19021977288365152
0.6164556962025316,0.7455696202531645,27.667345332623572,0.19012399437791927
0.6594936708860759,0.7455696202531645,27.664934384255442,0.1901134884510488
0.7025316455696202,0.7455696202531645,27.657858309198502,0.1900675081369684
0.7455696202531645,0.7455696202531645,27.65673419915922,0.1902170091477676
0.8316455696202532,0.7455696202531645,27.597940962410025,0.19015227294891193
0.7886075949367088,0.7455696202531645,27.650626937169715,0.19024919036115648
0.8746835443037975,0.7455696202531645,27.54454487751247,0.1902400301604095
0.9177215189873418,0.7455696202531645,27.51205710654218,0.1903374791336018
0.9607594936708861,0.7455696202531645,27.478053421798144,0.19040661660397035
1.0037974683544304,0.7455696202531645,27.418511708908813,0.19049940852300504
1.0468354430379747,0.7455696202531645,27.398642073291118,0.19035562172308051
1.089873417721519,0.7455696202531645,27.396473615146327,0.19048228308927123
1.1329113924050633,0.7455696202531645,27.393587203303852,0.19051996662738988
1.1759493670886076,0.7455696202531645,27.37847031073942,0.19047021886109525
1.218987341772152,0.7455696202531645,27.374915357197807,0.19053880522897093
1.3050632911392406,0.7455696202531645,27.33631254896661,0.1905353869675183
1.2620253164556963,0.7455696202531645,27.351218405064664,0.1906044839591072
1.3481012658227849,0.7455696202531645,27.301514751840735,0.1908040635573843
1.4341772151898735,0.7455696202531645,27.245064134899426,0.19348676280714408
1.4772151898734178,0.7455696202531645,27.203126608576223,0.19357391953376016
1.3911392405063292,0.7455696202531645,27.283083286756145,0.1908784160279787
1.5202531645569621,0.7455696202531645,27.1278747391905,0.19399512944606637
1.5632911392405064,0.7455696202531645,26.878122416199574,0.19465406088463266
1.6063291139240508,0.7455696202531645,26.79151535538239,0.1949718192773831
1.649367088607595,0.7455696202531645,26.696918898700904,0.19526144840663615
1.6924050632911394,0.7455696202531645,26.621091091851994,0.19607820344341415
1.7354430379746837,0.7455696202531645,26.504495778531286,0.1967675906442687
1.778481012658228,0.7455696202531645,26.41915982043894,0.1976542550386288
1.8215189873417723,0.7455696202531645,26.342940342450618,0.1991137847005234
1.8645569620253166,0.7455696202531645,26.42188122486287,0.20604545717548842
1.907594936708861,0.7455696202531645,27.617760582654498,0.2701619482922255
1.9506329113924052,0.7455696202531645,29.541712954492027,0.37019437214809076
1.9936708860759496,0.7455696202531645,30.144308076509166,0.40070841946049307
2.079746835443038,0.7455696202531645,31.410227750941075,0.46274288537707103
2.1227848101265825,0.7455696202531645,31.752399384247227,0.47896401821223256
2.036708860759494,0.7455696202531645,30.841135685107126,0.43516101310554334
2.1658227848101266,0.7455696202531645,32.58490321332637,0.5174477956852696
2.208860759493671,0.7455696202531645,33.4345176112201,0.5561417642936635
2.251898734177215,0.7455696202531645,34.03617830785432,0.5830717108866457
2.2949367088607597,0.7455696202531645,34.47336038978471,0.6022410871185053
2.337974683544304,0.7455696202531645,34.945990690538196,0.6225755622527015
2.3810126582278484,0.7455696202531645,35.10382747559047,0.6293347148795795
2.467088607594937,0.7455696202531645,35.39645186293322,0.6424978885477995
2.4240506329113924,0.7455696202531645,35.228822692642154,0.6350621176636181
2.5531645569620256,0.7455696202531645,36.27871932644377,0.6776950169119396
2.5962025316455697,0.7455696202531645,36.476181344173305,0.6857863769371836
2.510126582278481,0.7455696202531645,35.97363975943927,0.6655843420481704
2.639240506329114,0.7455696202531645,36.69807448985893,0.6946650209958629
2.6822784810126583,0.7455696202531645,36.76191531258103,0.6971232098130171
2.725316455696203,0.7455696202531645,36.78685871411836,0.6981094201220108
2.8113924050632915,0.7455696202531645,36.821601614946616,0.6994864201493131
2.768354430379747,0.7455696202531645,36.806713936752864,0.6988829017019352
2.8544303797468356,0.7455696202531645,36.830182981590745,0.6998686349494977
2.8974683544303796,0.7455696202531645,36.83716103540573,0.700188094522154
2.9835443037974683,0.7455696202531645,36.847416702034735,0.7006599315583681
2.940506329113924,0.7455696202531645,36.84280187160816,0.7004493487494643
3.026582278481013,0.7455696202531645,36.85288290055764,0.7009039094654325
3.069620253164557,0.7455696202531645,36.8569352548563,0.7010887154267781
3.1126582278481014,0.7455696202531645,36.86155062686535,0.7013015335427437
3.1556962025316455,0.7455696202531645,36.8671276743212,0.7015520753587459
3.2848101265822787,0.7455696202531645,36.88086212954605,0.7021656948033621
3.3278481012658228,0.7455696202531645,36.88579627586797,0.702389148991646
3.241772151898734,0.7455696202531645,36.87552138890504,0.7019342215563377
3.19873417721519,0.7455696202531645,36.87136579519928,0.7017456580474177
3.3708860759493673,0.7455696202531645,36.88974453307584,0.7025708597589186
3.4139240506329114,0.7455696202531645,36.894862827583886,0.7027923341012879
3.456962025316456,0.7455696202531645,36.898509848172594,0.7029487507176386
0.14303797468354432,0.7886075949367088,27.68410590141282,0.1901861508164401
3.5,0.7455696202531645,36.90208985948801,0.70311180467816
0.1,0.7886075949367088,27.684039932963252,0.19012841532044655
0.1860759493670886,0.7886075949367088,27.680773473409605,0.19007993564930437
0.2291139240506329,0.7886075949367088,27.680904121490627,0.1901450038237652
0.2721518987341772,0.7886075949367088,27.68095920311227,0.19016793297358
0.31518987341772153,0.7886075949367088,27.681160245778727,0.19023642972702914
0.35822784810126584,0.7886075949367088,27.678255564304145,0.19022140431115506
0.40126582278481016,0.7886075949367088,27.67525933030878,0.1901663584672371
0.4873417721518988,0.7886075949367088,27.672628593198553,0.19017822815302954
0.44430379746835447,0.7886075949367088,27.67221383856681,0.1900869612049123
0.5303797468354431,0.7886075949367088,27.66970408946506,0.19010665495981563
0.5734177215189874,0.7886075949367088,27.67032031428772,0.19021977288365152
0.6164556962025316,0.7886075949367088,27.667345332623572,0.19012399437791927
0.6594936708860759,0.7886075949367088,27.664934384255442,0.1901134884510488
0.7455696202531645,0.7886075949367088,27.65673419915922,0.1902170091477676
0.7025316455696202,0.7886075949367088,27.657858309198502,0.1900675081369684
0.8746835443037975,0.7886075949367088,27.54454487751247,0.1902400301604095
0.8316455696202532,0.7886075949367088,27.597940962410025,0.19015227294891193
0.7886075949367088,0.7886075949367088,27.650626937169715,0.19024919036115648
0.9177215189873418,0.7886075949367088,27.51205710654218,0.1903374791336018
0.9607594936708861,0.7886075949367088,27.478053421798144,0.19040661660397035
1.0037974683544304,0.7886075949367088,27.418511708908813,0.19049940852300504
1.0468354430379747,0.7886075949367088,27.398642073291118,0.19035562172308051
1.089873417721519,0.7886075949367088,27.396473615146327,0.19048228308927123
1.1329113924050633,0.7886075949367088,27.39370410738196,0.19053054216959164
1.1759493670886076,0.7886075949367088,27.37851482800119,0.1904743741690792
1.218987341772152,0.7886075949367088,27.37503401278918,0.19054990551000592
1.2620253164556963,0.7886075949367088,27.351258114312387,0.19060817968873167
1.3050632911392406,0.7886075949367088,27.336372698494003,0.1905409588670266
1.3481012658227849,0.7886075949367088,27.301777247480704,0.19082908935794052
1.3911392405063292,0.7886075949367088,27.309396341846885,0.19337630587446217
1.4341772151898735,0.7886075949367088,27.246277049915427,0.19360057928251692
1.4772151898734178,0.7886075949367088,27.20616919797267,0.19392126944221816
1.5632911392405064,0.7886075949367088,26.878365236623527,0.1946760504873449
1.5202531645569621,0.7886075949367088,27.131193966692553,0.1941725929358258
1.6063291139240508,0.7886075949367088,26.79165410991037,0.19498425419038204
1.649367088607595,0.7886075949367088,26.697022964596894,0.1952706389944105
1.6924050632911394,0.7886075949367088,26.621270256116333,0.19609132539541857
1.7354430379746837,0.7886075949367088,26.504713386994926,0.196784342035296
1.8215189873417723,0.7886075949367088,26.34315309904998,0.199127154649091
1.778481012658228,0.7886075949367088,26.419589192621817,0.1976869875323269
1.8645569620253166,0.7886075949367088,26.42239883147802,0.2060807202074505
1.907594936708861,0.7886075949367088,27.61802161919037,0.2701839934331125
1.9506329113924052,0.7886075949367088,29.542504098714794,0.37024994257145954
1.9936708860759496,0.7886075949367088,30.145205045961635,0.40076841218131687
2.036708860759494,0.7886075949367088,30.841930144158276,0.43521490717066413
2.079746835443038,0.7886075949367088,31.4116710639147,0.46284384569550846
2.1658227848101266,0.7886075949367088,32.58711343447607,0.5176052671324478
2.1227848101265825,0.7886075949367088,31.754256417368094,0.4790970418366616
2.251898734177215,0.7886075949367088,34.048732644175736,0.5840782214709994
2.208860759493671,0.7886075949367088,33.438376519344665,0.5563740937601883
2.337974683544304,0.7886075949367088,34.95764459164483,0.6235303481459324
2.2949367088607597,0.7886075949367088,34.48499859287961,0.603190584562065
2.3810126582278484,0.7886075949367088,35.11788103396793,0.6304060263171875
2.4240506329113924,0.7886075949367088,35.25219624881387,0.6362682106095323
2.467088607594937,0.7886075949367088,35.40152285420679,0.6428011154105002
2.510126582278481,0.7886075949367088,35.98002704761602,0.665950280874219
2.5531645569620256,0.7886075949367088,36.29654498656436,0.6786048329210028
2.5962025316455697,0.7886075949367088,36.52313708693794,0.6880438940355312
2.639240506329114,0.7886075949367088,36.70154880311101,0.6948775093383934
2.6822784810126583,0.7886075949367088,36.76515083709481,0.6973171520215483
2.725316455696203,0.7886075949367088,36.78943106244807,0.6982659581211536
2.768354430379747,0.7886075949367088,36.810055100426354,0.6990780616742315
2.8113924050632915,0.7886075949367088,36.82546772929452,0.6997016969046438
2.8544303797468356,0.7886075949367088,36.83435974922297,0.7000921070886148
2.8974683544303796,0.7886075949367088,36.8400286197876,0.7003533810922173
2.940506329113924,0.7886075949367088,36.8460739570766,0.7006240488788721
2.9835443037974683,0.7886075949367088,36.85077333421167,0.7008366562473017
3.026582278481013,0.7886075949367088,36.85566698355755,0.7010638592102921
3.069620253164557,0.7886075949367088,36.860293414722946,0.7012694231939243
3.1126582278481014,0.7886075949367088,36.86625273807024,0.7015400963948492
3.1556962025316455,0.7886075949367088,36.87026178425605,0.7017221674655039
3.241772151898734,0.7886075949367088,36.87943589272007,0.7021377871060341
3.19873417721519,0.7886075949367088,36.874614747191856,0.7019206479424152
3.2848101265822787,0.7886075949367088,36.885371529261086,0.7023964271121194
3.3708860759493673,0.7886075949367088,36.893389771625706,0.7027548242334922
3.3278481012658228,0.7886075949367088,36.88921296509091,0.7025687608398987
3.4139240506329114,0.7886075949367088,36.89781705970414,0.7029457614436175
3.456962025316456,0.7886075949367088,36.90204979901221,0.7031303052054314
0.1,0.8316455696202532,27.684039932963252,0.19012841532044655
3.5,0.7886075949367088,36.90629814470683,0.7033202763333727
0.14303797468354432,0.8316455696202532,27.68410590141282,0.1901861508164401
0.1860759493670886,0.8316455696202532,27.680773473409605,0.19007993564930437
0.2291139240506329,0.8316455696202532,27.680904121490627,0.1901450038237652
0.2721518987341772,0.8316455696202532,27.68095920311227,0.19016793297358
0.31518987341772153,0.8316455696202532,27.681160245778727,0.19023642972702914
0.35822784810126584,0.8316455696202532,27.678255564304145,0.19022140431115506
0.40126582278481016,0.8316455696202532,27.67525933030878,0.1901663584672371
0.44430379746835447,0.8316455696202532,27.67221383856681,0.1900869612049123
0.4873417721518988,0.8316455696202532,27.672628593198553,0.19017822815302954
0.5303797468354431,0.8316455696202532,27.66970408946506,0.19010665495981563
0.5734177215189874,0.8316455696202532,27.67032031428772,0.19021977288365152
0.6164556962025316,0.8316455696202532,27.667345332623572,0.19012399437791927
0.6594936708860759,0.8316455696202532,27.664934384255442,0.1901134884510488
0.7025316455696202,0.8316455696202532,27.657858309198502,0.1900675081369684
0.7886075949367088,0.8316455696202532,27.650626937169715,0.19024919036115648
0.7455696202531645,0.8316455696202532,27.65673419915922,0.1902170091477676
0.8316455696202532,0.8316455696202532,27.597940962410025,0.19015227294891193
0.8746835443037975,0.8316455696202532,27.54454487751247,0.1902400301604095
0.9177215189873418,0.8316455696202532,27.51205710654218,0.1903374791336018
0.9607594936708861,0.8316455696202532,27.478053421798144,0.19040661660397035
1.0037974683544304,0.8316455696202532,27.418511708908813,0.19049940852300504
1.0468354430379747,0.8316455696202532,27.398642073291118,0.19035562172308051
1.1329113924050633,0.8316455696202532,27.390040891003036,0.19034647756246711
1.089873417721519,0.8316455696202532,27.396473615146327,0.19048228308927123
1.1759493670886076,0.8316455696202532,27.37866267138153,0.19048828217640104
1.218987341772152,0.8316455696202532,27.37507380285033,0.19055353461267113
1.2620253164556963,0.8316455696202532,27.35136706367025,0.190618631975244
1.3481012658227849,0.8316455696202532,27.328193666422383,0.1933367968069849
1.3050632911392406,0.8316455696202532,27.33655961329066,0.19055873249386773
1.3911392405063292,0.8316455696202532,27.310574422713266,0.19348678951842765
1.4341772151898735,0.8316455696202532,27.248621723886174,0.19389393325602766
1.4772151898734178,0.8316455696202532,27.20606905732122,0.19390201892718656
1.5202531645569621,0.8316455696202532,27.13140209848451,0.19419142286267205
1.6063291139240508,0.8316455696202532,26.791723487174362,0.19499036189132596
1.5632911392405064,0.8316455696202532,26.878469302519516,0.19468530128573916
1.649367088607595,0.8316455696202532,26.697107831156828,0.1952744399684788
1.7354430379746837,0.8316455696202532,26.504936316948115,0.19680222108213485
1.6924050632911394,0.8316455696202532,26.62143494531097,0.19610515861155078
1.778481012658228,0.8316455696202532,26.41972849214645,0.1976959278848799
1.8645569620253166,0.8316455696202532,26.4228461750953,0.20611664918484296
1.8215189873417723,0.8316455696202532,26.34244751063514,0.19909963794589744
1.907594936708861,0.8316455696202532,27.618866338718735,0.27024152328376366
1.9506329113924052,0.8316455696202532,29.543298513812836,0.3703167631605225
2.036708860759494,0.8316455696202532,30.84371515751151,0.43535392353300345
1.9936708860759496,0.8316455696202532,30.146659542621038,0.4008842393488226
2.079746835443038,0.8316455696202532,31.422095393207844,0.46375012978985647
2.1227848101265825,0.8316455696202532,31.763849034935244,0.4799510177893096
2.208860759493671,0.8316455696202532,33.458453118708626,0.5578047505348628
2.1658227848101266,0.8316455696202532,32.59835132774051,0.5185500274884725
2.251898734177215,0.8316455696202532,34.05401629581047,0.5844118865790778
2.2949367088607597,0.8316455696202532,34.489533997050955,0.6034910479638447
2.3810126582278484,0.8316455696202532,35.123803895543276,0.6307709968775252
2.337974683544304,0.8316455696202532,34.96415214983207,0.6239300352006819
2.4240506329113924,0.8316455696202532,35.257785561365424,0.6365953579224305
2.467088607594937,0.8316455696202532,35.40684358348127,0.6431002512898578
2.510126582278481,0.8316455696202532,35.985384118080205,0.6662390930232336
2.5531645569620256,0.8316455696202532,36.31471790233426,0.6794995316763852
2.5962025316455697,0.8316455696202532,36.52651896329104,0.6882332618671124
2.6822784810126583,0.8316455696202532,36.76849231971006,0.6974985201900068
2.639240506329114,0.8316455696202532,36.70525855907981,0.6950829574761311
2.725316455696203,0.8316455696202532,36.79328532728298,0.6984775882385016
2.768354430379747,0.8316455696202532,36.81419536784697,0.6992974242032413
2.8113924050632915,0.8316455696202532,36.830132961708856,0.6999461258612089
2.8544303797468356,0.8316455696202532,36.83852384070681,0.7003188349174404
2.940506329113924,0.8316455696202532,36.84921982533857,0.7007987471646892
2.8974683544303796,0.8316455696202532,36.843426791179525,0.7005443079715586
2.9835443037974683,0.8316455696202532,36.85431557203084,0.7010312891634464
3.026582278481013,0.8316455696202532,36.85885907496401,0.7012399033890647
3.1126582278481014,0.8316455696202532,36.86923923667552,0.7017085175979637
3.069620253164557,0.8316455696202532,36.86366420711987,0.7014552706716731
3.1556962025316455,0.8316455696202532,36.874152445604274,0.7019284604414191
3.19873417721519,0.8316455696202532,36.87826909257042,0.7021109432258879
3.2848101265822787,0.8316455696202532,36.88851430628912,0.7025655057804621
3.241772151898734,0.8316455696202532,36.88373073719202,0.7023529619943062
3.3278481012658228,0.8316455696202532,36.89292590620595,0.7027604357867548
3.456962025316456,0.8316455696202532,36.90600576616038,0.7033399970443459
3.4139240506329114,0.8316455696202532,36.90177272288213,0.7031488503321132
3.3708860759493673,0.8316455696202532,36.89774850496178,0.7029745366387211
3.5,0.8316455696202532,36.91000425138403,0.703514731104376
0.1,0.8746835443037975,27.684039932963252,0.19012841532044655
0.14303797468354432,0.8746835443037975,27.68410590141282,0.1901861508164401
0.2291139240506329,0.8746835443037975,27.680904121490627,0.1901450038237652
0.1860759493670886,0.8746835443037975,27.680773473409605,0.19007993564930437
0.2721518987341772,0.8746835443037975,27.68095920311227,0.19016793297358
0.35822784810126584,0.8746835443037975,27.678255564304145,0.19022140431115506
0.31518987341772153,0.8746835443037975,27.681160245778727,0.19023642972702914
0.40126582278481016,0.8746835443037975,27.67525933030878,0.1901663584672371
0.44430379746835447,0.8746835443037975,27.67221383856681,0.1900869612049123
0.4873417721518988,0.8746835443037975,27.672628593198553,0.19017822815302954
0.5303797468354431,0.8746835443037975,27.66970408946506,0.19010665495981563
0.5734177215189874,0.8746835443037975,27.67032031428772,0.19021977288365152
0.6164556962025316,0.8746835443037975,27.667345332623572,0.19012399437791927
0.6594936708860759,0.8746835443037975,27.664934384255442,0.1901134884510488
0.7025316455696202,0.8746835443037975,27.657858309198502,0.1900675081369684
0.7455696202531645,0.8746835443037975,27.65673419915922,0.1902170091477676
0.7886075949367088,0.8746835443037975,27.650626937169715,0.19024919036115648
0.8316455696202532,0.8746835443037975,27.597940962410025,0.19015227294891193
0.9177215189873418,0.8746835443037975,27.51205710654218,0.1903374791336018
0.8746835443037975,0.8746835443037975,27.54454487751247,0.1902400301604095
0.9607594936708861,0.8746835443037975,27.478053421798144,0.19040661660397035
1.0468354430379747,0.8746835443037975,27.398642073291118,0.19035562172308051
1.0037974683544304,0.8746835443037975,27.418511708908813,0.19049940852300504
1.089873417721519,0.8746835443037975,27.396473615146327,0.19048228308927123
1.1329113924050633,0.8746835443037975,27.388541584698313,0.1903639675104364
1.1759493670886076,0.8746835443037975,27.378764638382,0.19049795744652456
1.2620253164556963,0.8746835443037975,27.347720926082637,0.19043631638730504
1.218987341772152,0.8746835443037975,27.37160235288757,0.19037978561364546
1.3050632911392406,0.8746835443037975,27.36594426405025,0.1933482433565283
1.3911392405063292,0.8746835443037975,27.314165458513088,0.19389805709565672
1.3481012658227849,0.8746835443037975,27.32942755350242,0.1934515827910452
1.4341772151898735,0.8746835443037975,27.248934247256443,0.19392240808265432
1.4772151898734178,0.8746835443037975,27.206280556042177,0.19392059601519104
1.5202531645569621,0.8746835443037975,27.1315408530125,0.19420371904913536
1.6063291139240508,0.8746835443037975,26.79176260360721,0.19499364605766478
1.5632911392405064,0.8746835443037975,26.87854310758436,0.19469162977863996
1.649367088607595,0.8746835443037975,26.697354712570146,0.19529245457124816
1.778481012658228,0.8746835443037975,26.417634547091673,0.19760887296070762
1.6924050632911394,0.8746835443037975,26.621776951609238,0.19613052213795096
1.7354430379746837,0.8746835443037975,26.505269170277067,0.19682582569215762
1.8215189873417723,0.8746835443037975,26.342797752610334,0.19912668165480707
1.8645569620253166,0.8746835443037975,26.424375609753817,0.2062418117512716
1.907594936708861,0.8746835443037975,27.62904295567937,0.27116531886403594
1.9936708860759496,0.8746835443037975,30.15668488745709,0.4017836974010885
1.9506329113924052,0.8746835443037975,29.55296223855612,0.3711948206686309
2.036708860759494,0.8746835443037975,30.854190914434295,0.4362918501155898
2.1227848101265825,0.8746835443037975,31.766607293996486,0.4801719795300216
2.079746835443038,0.8746835443037975,31.424358967959158,0.46394060806065096
2.1658227848101266,0.8746835443037975,32.602847053670885,0.518865629782864
2.208860759493671,0.8746835443037975,33.46249506620873,0.5580761588688531
2.251898734177215,0.8746835443037975,34.05789191977559,0.5846581976798703
2.2949367088607597,0.8746835443037975,34.497622281255374,0.6039405147111497
2.337974683544304,0.8746835443037975,34.9700843699836,0.6242652299242502
2.3810126582278484,0.8746835443037975,35.132578872698296,0.6312331596735978
2.4240506329113924,0.8746835443037975,35.304280650016786,0.6389109451355717
2.510126582278481,0.8746835443037975,35.99956973632601,0.6669450774966155
2.467088607594937,0.8746835443037975,35.41412422960289,0.6434858267979453
2.5962025316455697,0.8746835443037975,36.53132105549058,0.6884956769194225
2.5531645569620256,0.8746835443037975,36.381193147468224,0.6826440256680584
2.639240506329114,0.8746835443037975,36.70861633055583,0.6952772003321783
2.6822784810126583,0.8746835443037975,36.7720122733221,0.6977003330083584
2.768354430379747,0.8746835443037975,36.818270460016755,0.6995194641002009
2.725316455696203,0.8746835443037975,36.79598601006503,0.6986317425226701
2.8113924050632915,0.8746835443037975,36.83434749709625,0.7001752106883151
2.8974683544303796,0.8746835443037975,36.84706127027409,0.700736265468426
2.8544303797468356,0.8746835443037975,36.84135096948104,0.7004833167213073
2.9835443037974683,0.8746835443037975,36.85781370587913,0.7012214713524892
2.940506329113924,0.8746835443037975,36.85189678823125,0.7009564175389039
3.026582278481013,0.8746835443037975,36.863071402093865,0.7014663980587363
3.069620253164557,0.8746835443037975,36.86892705801391,0.7017344953680732
3.1556962025316455,0.8746835443037975,36.87756836416784,0.7021137280042211
3.19873417721519,0.8746835443037975,36.88276101142336,0.702342670549363
3.1126582278481014,0.8746835443037975,36.87259451832074,0.7018910033365576
3.241772151898734,0.8746835443037975,36.887614450471155,0.7025532235782379
3.2848101265822787,0.8746835443037975,36.89236761117966,0.7027646374007795
3.3278481012658228,0.8746835443037975,36.89687839075602,0.7029663445017992
3.456962025316456,0.8746835443037975,36.90978818199232,0.7035375896555874
3.4139240506329114,0.8746835443037975,36.906031905714386,0.7033685286883373
3.3708860759493673,0.8746835443037975,36.9011571708185,0.7031565854333182
0.14303797468354432,0.9177215189873418,27.68410590141282,0.1901861508164401
3.5,0.8746835443037975,36.91416156536263,0.7037287333334243
0.1860759493670886,0.9177215189873418,27.680773473409605,0.19007993564930437
0.2291139240506329,0.9177215189873418,27.680904121490627,0.1901450038237652
0.1,0.9177215189873418,27.684039932963252,0.19012841532044655
0.2721518987341772,0.9177215189873418,27.68095920311227,0.19016793297358
0.31518987341772153,0.9177215189873418,27.681160245778727,0.19023642972702914
0.35822784810126584,0.9177215189873418,27.678255564304145,0.19022140431115506
0.40126582278481016,0.9177215189873418,27.67525933030878,0.1901663584672371
0.44430379746835447,0.9177215189873418,27.67221383856681,0.1900869612049123
0.4873417721518988,0.9177215189873418,27.672628593198553,0.19017822815302954
0.5303797468354431,0.9177215189873418,27.66970408946506,0.19010665495981563
0.5734177215189874,0.9177215189873418,27.67032031428772,0.19021977288365152
0.6164556962025316,0.9177215189873418,27.667345332623572,0.19012399437791927
0.7455696202531645,0.9177215189873418,27.65673419915922,0.1902170091477676
0.7886075949367088,0.9177215189873418,27.650626937169715,0.19024919036115648
0.6594936708860759,0.9177215189873418,27.664934384255442,0.1901134884510488
0.7025316455696202,0.9177215189873418,27.657858309198502,0.1900675081369684
0.8746835443037975,0.9177215189873418,27.54454487751247,0.1902400301604095
0.8316455696202532,0.9177215189873418,27.597940962410025,0.19015227294891193
0.9177215189873418,0.9177215189873418,27.51205710654218,0.1903374791336018
0.9607594936708861,0.9177215189873418,27.478053421798144,0.19040661660397035
1.0037974683544304,0.9177215189873418,27.418511708908813,0.19049940852300504
1.0468354430379747,0.9177215189873418,27.398642073291118,0.19035562172308051
1.089873417721519,0.9177215189873418,27.396530232568733,0.1904878540089361
1.1329113924050633,0.9177215189873418,27.389207731447083,0.19042541567007107
1.1759493670886076,0.9177215189873418,27.378832959718228,0.19050459929182584
1.218987341772152,0.9177215189873418,27.371746703891997,0.1903935084738386
1.2620253164556963,0.9177215189873418,27.377341586838444,0.19324827056374527
1.3481012658227849,0.9177215189873418,27.33328055367818,0.19389284719153876
1.3050632911392406,0.9177215189873418,27.364344262929023,0.19329022773565177
1.3911392405063292,0.9177215189873418,27.31451267051535,0.193929612990462
1.4341772151898735,0.9177215189873418,27.24913054302048,0.19393853222947854
1.5202531645569621,0.9177215189873418,27.131579969445344,0.19420700376780706
1.4772151898734178,0.9177215189873418,27.20641947687603,0.19393287433450415
1.5632911392405064,0.9177215189873418,26.8786358126719,0.1946999304999068
1.6063291139240508,0.9177215189873418,26.791931315440962,0.1950082564809313
1.649367088607595,0.9177215189873418,26.69756682316563,0.1953073245163523
1.6924050632911394,0.9177215189873418,26.622069896485023,0.19615555439439653
1.7354430379746837,0.9177215189873418,26.503578394949365,0.19675452448662104
1.778481012658228,0.9177215189873418,26.40975029687598,0.19765024151129054
1.8215189873417723,0.9177215189873418,26.334558992625265,0.1991047062883677
1.8645569620253166,0.9177215189873418,26.435182201607848,0.20724170552809332
1.907594936708861,0.9177215189873418,27.63163638659074,0.2713931028957444
1.9506329113924052,0.9177215189873418,29.555648972797858,0.3714239337053645
1.9936708860759496,0.9177215189873418,30.15930113715048,0.40199428296918255
2.079746835443038,0.9177215189873418,31.42654371889984,0.4641017918998386
2.036708860759494,0.9177215189873418,30.856506278780966,0.43646894608922965
2.1658227848101266,0.9177215189873418,32.60690783702302,0.5191145288851429
2.1227848101265825,0.9177215189873418,31.76848816088308,0.48030962108807995
2.251898734177215,0.9177215189873418,34.06164339733741,0.5848860759746052
2.208860759493671,0.9177215189873418,33.46730839023953,0.5583626172163514
2.2949367088607597,0.9177215189873418,34.50184286887096,0.6041899404361979
2.337974683544304,0.9177215189873418,34.976629261945234,0.6246234874830763
2.3810126582278484,0.9177215189873418,35.15673341873461,0.6324548639694365
2.467088607594937,0.9177215189873418,35.419887437679144,0.6437954316407132
2.4240506329113924,0.9177215189873418,35.309710617963,0.6392104166743567
2.510126582278481,0.9177215189873418,36.01809026409151,0.6678554660272462
2.5531645569620256,0.9177215189873418,36.385662380190496,0.6828898684069243
2.5962025316455697,0.9177215189873418,36.53520303350929,0.6887165347264739
2.6822784810126583,0.9177215189873418,36.77508512490332,0.697876929142404
2.639240506329114,0.9177215189873418,36.71176718171916,0.6954587283533917
2.725316455696203,0.9177215189873418,36.80091933225861,0.6989017010997289
2.768354430379747,0.9177215189873418,36.823151891887115,0.6997845737028288
2.8113924050632915,0.9177215189873418,36.83858135847887,0.7004048751534445
2.8974683544303796,0.9177215189873418,36.850475859699515,0.7009297957919416
2.940506329113924,0.9177215189873418,36.85625079404456,0.7011941159190402
2.8544303797468356,0.9177215189873418,36.84503001510596,0.7006876044865195
2.9835443037974683,0.9177215189873418,36.86128626416084,0.7014210104973236
3.026582278481013,0.9177215189873418,36.86690802583863,0.7016771329775351
3.069620253164557,0.9177215189873418,36.872643703613136,0.7019844201050482
3.1126582278481014,0.9177215189873418,36.87854991549386,0.7022829631292118
3.19873417721519,0.9177215189873418,36.889344599252574,0.7028026144277214
3.1556962025316455,0.9177215189873418,36.88411027739618,0.7025580497008052
3.241772151898734,0.9177215189873418,36.895141889253686,0.7030798768872679
3.2848101265822787,0.9177215189873418,36.8997954678011,0.703292354153508
3.3278481012658228,0.9177215189873418,36.90436225843335,0.7035055515884924
3.4139240506329114,0.9177215189873418,36.91381712009484,0.703939957214411
3.3708860759493673,0.9177215189873418,36.9098707694978,0.7037598848882091
3.5,0.9177215189873418,36.92247809733386,0.7043478718327303
0.1,0.9607594936708861,27.684039932963252,0.19012841532044655
0.14303797468354432,0.9607594936708861,27.68410590141282,0.1901861508164401
3.456962025316456,0.9177215189873418,36.91839326207672,0.7041522606196285
0.1860759493670886,0.9607594936708861,27.680773473409605,0.19007993564930437
0.2291139240506329,0.9607594936708861,27.680904121490627,0.1901450038237652
0.2721518987341772,0.9607594936708861,27.68095920311227,0.19016793297358
0.31518987341772153,0.9607594936708861,27.681160245778727,0.19023642972702914
0.35822784810126584,0.9607594936708861,27.678255564304145,0.19022140431115506
0.40126582278481016,0.9607594936708861,27.67525933030878,0.1901663584672371
0.4873417721518988,0.9607594936708861,27.672628593198553,0.19017822815302954
0.44430379746835447,0.9607594936708861,27.67221383856681,0.1900869612049123
0.5303797468354431,0.9607594936708861,27.66970408946506,0.19010665495981563
0.5734177215189874,0.9607594936708861,27.67032031428772,0.19021977288365152
0.6164556962025316,0.9607594936708861,27.667345332623572,0.19012399437791927
0.7025316455696202,0.9607594936708861,27.657858309198502,0.1900675081369684
0.6594936708860759,0.9607594936708861,27.664934384255442,0.1901134884510488
0.7455696202531645,0.9607594936708861,27.65673419915922,0.1902170091477676
0.7886075949367088,0.9607594936708861,27.650626937169715,0.19024919036115648
0.8316455696202532,0.9607594936708861,27.597940962410025,0.19015227294891193
0.8746835443037975,0.9607594936708861,27.54454487751247,0.1902400301604095
0.9177215189873418,0.9607594936708861,27.51205710654218,0.1903374791336018
0.9607594936708861,0.9607594936708861,27.478053421798144,0.19040661660397035
1.0037974683544304,0.9607594936708861,27.418511708908813,0.19049940852300504
1.0468354430379747,0.9607594936708861,27.398642073291118,0.19035562172308051
1.089873417721519,0.9607594936708861,27.396530232568733,0.1904878540089361
1.1329113924050633,0.9607594936708861,27.390023612032596,0.19050068761857752
1.1759493670886076,0.9607594936708861,27.379144467917033,0.1905335930985476
1.218987341772152,0.9607594936708861,27.401634432825734,0.1932308866214983
1.2620253164556963,0.9607594936708861,27.382876836349546,0.19383377128582546
1.3050632911392406,0.9607594936708861,27.369872916340295,0.19387268821880083
1.3481012658227849,0.9607594936708861,27.33355822903999,0.19391799314271846
1.3911392405063292,0.9607594936708861,27.314686279981192,0.1939450718832242
1.4341772151898735,0.9607594936708861,27.249237975845464,0.1939475201407086
1.4772151898734178,0.9607594936708861,27.206458593308874,0.1939361592433893
1.5202531645569621,0.9607594936708861,27.131672674532894,0.19421529585221461
1.5632911392405064,0.9607594936708861,26.878948326835474,0.194728155268429
1.6063291139240508,0.9607594936708861,26.78225660805493,0.19496785951596646
1.649367088607595,0.9607594936708861,26.692062058715493,0.19538847411968543
1.6924050632911394,0.9607594936708861,26.613447238702328,0.1961823714851378
1.7354430379746837,0.9607594936708861,26.497663514863017,0.19684554275898894
1.778481012658228,0.9607594936708861,26.40723631148293,0.1976261827744743
1.8215189873417723,0.9607594936708861,26.33426507487726,0.19912888728277336
1.907594936708861,0.9607594936708861,27.633095881801456,0.2715176133939562
1.8645569620253166,0.9607594936708861,26.436456569522495,0.20736071237468942
1.9506329113924052,0.9607594936708861,29.55738219645798,0.3715597448196486
1.9936708860759496,0.9607594936708861,30.160813198303487,0.4021191758408051
2.036708860759494,0.9607594936708861,30.858404660779946,0.436610352160053
2.1227848101265825,0.9607594936708861,31.772005792245377,0.48053602637583526
2.1658227848101266,0.9607594936708861,32.617120895029686,0.5197005219949933
2.079746835443038,0.9607594936708861,31.428263944612482,0.46423078972504517
2.208860759493671,0.9607594936708861,33.4713735432787,0.5586105870140221
2.251898734177215,0.9607594936708861,34.06580697669571,0.5851405862928214
2.2949367088607597,0.9607594936708861,34.50821361005516,0.6045516542442072
2.337974683544304,0.9607594936708861,34.980566897028496,0.6248599227005908
2.3810126582278484,0.9607594936708861,35.16220690347992,0.6327693071185938
2.4240506329113924,0.9607594936708861,35.31630494934475,0.639616382292048
2.510126582278481,0.9607594936708861,36.03932281943702,0.6690260331634318
2.467088607594937,0.9607594936708861,35.427423049281266,0.6442981076291583
2.5531645569620256,0.9607594936708861,36.39224868768272,0.683398654859593
2.5962025316455697,0.9607594936708861,36.54196762002785,0.6892407594743115
2.639240506329114,0.9607594936708861,36.71973036705951,0.6960478401494881
2.6822784810126583,0.9607594936708861,36.78367885512032,0.6985207978637619
2.725316455696203,0.9607594936708861,36.81010124999045,0.6995785259895899
2.768354430379747,0.9607594936708861,36.83156105153778,0.7004334880957961
2.8113924050632915,0.9607594936708861,36.847685349631355,0.7011041869945799
2.8544303797468356,0.9607594936708861,36.85350755976427,0.7013716122253454
2.8974683544303796,0.9607594936708861,36.86027402992264,0.7016830305586453
2.940506329113924,0.9607594936708861,36.86627598116942,0.7019575629116362
3.069620253164557,0.9607594936708861,36.88128204633911,0.7026569239556048
2.9835443037974683,0.9607594936708861,36.87091190201229,0.7021784271136969
3.026582278481013,0.9607594936708861,36.87651089920186,0.7024380782759717
3.1126582278481014,0.9607594936708861,36.887714793321095,0.702956541883819
3.1556962025316455,0.9607594936708861,36.89239411967371,0.7031711785100724
3.19873417721519,0.9607594936708861,36.898555341642776,0.7034516557786704
3.241772151898734,0.9607594936708861,36.90313444774985,0.7036639164077957
3.2848101265822787,0.9607594936708861,36.908206018848134,0.7038968180887831
3.3278481012658228,0.9607594936708861,36.91332074716917,0.7041188591896063
3.3708860759493673,0.9607594936708861,36.91706178983363,0.7042946239620924
3.4139240506329114,0.9607594936708861,36.92201007380198,0.7045059950492474
0.1,1.0037974683544304,27.684039932963252,0.19012841532044655
3.456962025316456,0.9607594936708861,36.926086161904905,0.7046908734783839
3.5,0.9607594936708861,36.93037207598919,0.7048880012214519
0.14303797468354432,1.0037974683544304,27.68410590141282,0.1901861508164401
0.2291139240506329,1.0037974683544304,27.680904121490627,0.1901450038237652
0.31518987341772153,1.0037974683544304,27.681160245778727,0.19023642972702914
0.1860759493670886,1.0037974683544304,27.680773473409605,0.19007993564930437
0.2721518987341772,1.0037974683544304,27.68095920311227,0.19016793297358
0.35822784810126584,1.0037974683544304,27.678255564304145,0.19022140431115506
0.40126582278481016,1.0037974683544304,27.67525933030878,0.1901663584672371
0.4873417721518988,1.0037974683544304,27.672628593198553,0.19017822815302954
0.44430379746835447,1.0037974683544304,27.67221383856681,0.1900869612049123
0.5734177215189874,1.0037974683544304,27.67032031428772,0.19021977288365152
0.6164556962025316,1.0037974683544304,27.667345332623572,0.19012399437791927
0.5303797468354431,1.0037974683544304,27.66970408946506,0.19010665495981563
0.6594936708860759,1.0037974683544304,27.664934384255442,0.1901134884510488
0.7025316455696202,1.0037974683544304,27.657858309198502,0.1900675081369684
0.8316455696202532,1.0037974683544304,27.597940962410025,0.19015227294891193
0.7886075949367088,1.0037974683544304,27.650626937169715,0.19024919036115648
0.7455696202531645,1.0037974683544304,27.65673419915922,0.1902170091477676
0.8746835443037975,1.0037974683544304,27.54454487751247,0.1902400301604095
0.9177215189873418,1.0037974683544304,27.51205710654218,0.1903374791336018
0.9607594936708861,1.0037974683544304,27.478053421798144,0.19040661660397035
1.0037974683544304,1.0037974683544304,27.418511708908813,0.19049940852300504
1.089873417721519,1.0037974683544304,27.39663771421333,0.19049828169025243
1.0468354430379747,1.0037974683544304,27.39867920792569,0.19035930888079158
1.1759493670886076,1.0037974683544304,27.406249662031136,0.19320567006226683
1.1329113924050633,1.0037974683544304,27.382553407135386,0.19041635787518812
1.218987341772152,1.0037974683544304,27.407253427404964,0.19382635901924772
1.2620253164556963,1.0037974683544304,27.383259814760045,0.19386882471702876
1.3050632911392406,1.0037974683544304,27.370150591702114,0.19389777583865528
1.3481012658227849,1.0037974683544304,27.333698215028605,0.19392948274154082
1.3911392405063292,1.0037974683544304,27.313156802283288,0.1939476718035072
1.4341772151898735,1.0037974683544304,27.245538721400298,0.19393118015189648
1.4772151898734178,1.0037974683544304,27.203272191170143,0.19402842053109048
1.5202531645569621,1.0037974683544304,27.1228223006506,0.19422311808669998
1.5632911392405064,1.0037974683544304,26.87236227778972,0.19485011136992814
1.6063291139240508,1.0037974683544304,26.7813629720483,0.19500119894311177
1.649367088607595,1.0037974683544304,26.691460309976975,0.19539531749062392
1.6924050632911394,1.0037974683544304,26.611559976510893,0.19614015983220845
1.7354430379746837,1.0037974683544304,26.496803101883554,0.19684233784106
1.778481012658228,1.0037974683544304,26.408443575766665,0.19773490619467537
1.8215189873417723,1.0037974683544304,26.33228458210737,0.199158661880506
1.8645569620253166,1.0037974683544304,26.441549851049214,0.20783363488106452
1.907594936708861,1.0037974683544304,27.638857681193063,0.27204460451825013
1.9506329113924052,1.0037974683544304,29.563455728817654,0.3721231173640503
1.9936708860759496,1.0037974683544304,30.167541113472733,0.40273296530353353
2.036708860759494,1.0037974683544304,30.865661873827975,0.4372726172783491
2.079746835443038,1.0037974683544304,31.43695162567089,0.46498620305528576
2.1227848101265825,1.0037974683544304,31.782573613272014,0.48140495520863275
2.1658227848101266,1.0037974683544304,32.62772586881685,0.5205840004965652
2.208860759493671,1.0037974683544304,33.48214060162031,0.5595138504672678
2.251898734177215,1.0037974683544304,34.07878636222635,0.5861573523388979
2.2949367088607597,1.0037974683544304,34.520129809321155,0.6055213914628309
2.337974683544304,1.0037974683544304,34.99726308043539,0.6260680609729812
2.4240506329113924,1.0037974683544304,35.329788116164096,0.640633800358362
2.3810126582278484,1.0037974683544304,35.217919998527705,0.6359060848964314
2.467088607594937,1.0037974683544304,35.44818965139383,0.6456349717041902
2.510126582278481,1.0037974683544304,36.112769117323666,0.6728259052628695
2.5531645569620256,1.0037974683544304,36.40412614753055,0.6843019841366983
2.5962025316455697,1.0037974683544304,36.5525380773706,0.6900731078237661
2.639240506329114,1.0037974683544304,36.72970380084431,0.6968501499466111
2.725316455696203,1.0037974683544304,36.82032957971583,0.700380488460387
2.6822784810126583,1.0037974683544304,36.794528229025346,0.699356545734484
2.768354430379747,1.0037974683544304,36.84219687966336,0.7012485709052847
2.8113924050632915,1.0037974683544304,36.85669773688691,0.7018269720397177
2.8544303797468356,1.0037974683544304,36.862647986325406,0.702094939920177
2.8974683544303796,1.0037974683544304,36.86910344803201,0.702386398426796
2.940506329113924,1.0037974683544304,36.87530612401727,0.7026581339204623
2.9835443037974683,1.0037974683544304,36.88052289786102,0.7029057049139112
3.026582278481013,1.0037974683544304,36.88560232404199,0.703132648117818
3.069620253164557,1.0037974683544304,36.89100460516851,0.7033739294868924
3.1126582278481014,1.0037974683544304,36.896562210175965,0.7036219344991531
3.1556962025316455,1.0037974683544304,36.901938508100805,0.7038666842847308
3.19873417721519,1.0037974683544304,36.90727210745493,0.7041020749693362
3.241772151898734,1.0037974683544304,36.91202983214921,0.7043151804048948
3.2848101265822787,1.0037974683544304,36.91642923009708,0.7045165279312788
3.3278481012658228,1.0037974683544304,36.92181355654435,0.7047461368248606
3.3708860759493673,1.0037974683544304,36.92569311173175,0.704913675515003
3.456962025316456,1.0037974683544304,36.93548125658197,0.7053478904593726
3.4139240506329114,1.0037974683544304,36.93064517193041,0.7051332624739964
3.5,1.0037974683544304,36.939323067046764,0.7055235515235679
0.1,1.0468354430379747,27.684039932963252,0.19012841532044655
0.14303797468354432,1.0468354430379747,27.68410590141282,0.1901861508164401
0.1860759493670886,1.0468354430379747,27.680773473409605,0.19007993564930437
0.2291139240506329,1.0468354430379747,27.680904121490627,0.1901450038237652
0.2721518987341772,1.0468354430379747,27.68095920311227,0.19016793297358
0.31518987341772153,1.0468354430379747,27.681160245778727,0.19023642972702914
0.44430379746835447,1.0468354430379747,27.67221383856681,0.1900869612049123
0.35822784810126584,1.0468354430379747,27.678255564304145,0.19022140431115506
0.40126582278481016,1.0468354430379747,27.67525933030878,0.1901663584672371
0.5303797468354431,1.0468354430379747,27.66970408946506,0.19010665495981563
0.4873417721518988,1.0468354430379747,27.672628593198553,0.19017822815302954
0.5734177215189874,1.0468354430379747,27.67032031428772,0.19021977288365152
0.6164556962025316,1.0468354430379747,27.667345332623572,0.19012399437791927
0.6594936708860759,1.0468354430379747,27.664934384255442,0.1901134884510488
0.7455696202531645,1.0468354430379747,27.65673419915922,0.1902170091477676
0.7025316455696202,1.0468354430379747,27.657858309198502,0.1900675081369684
0.7886075949367088,1.0468354430379747,27.650626937169715,0.19024919036115648
0.8316455696202532,1.0468354430379747,27.597940962410025,0.19015227294891193
0.8746835443037975,1.0468354430379747,27.54454487751247,0.1902400301604095
0.9607594936708861,1.0468354430379747,27.478053421798144,0.19040661660397035
0.9177215189873418,1.0468354430379747,27.51205710654218,0.1903374791336018
1.0037974683544304,1.0468354430379747,27.418511708908813,0.19049940852300504
1.0468354430379747,1.0468354430379747,27.398747529261918,0.19036595092315237
1.089873417721519,1.0468354430379747,27.396777336805197,0.19051155322824684
1.1329113924050633,1.0468354430379747,27.41339419824616,0.1933432137843085
1.1759493670886076,1.0468354430379747,27.411559660772237,0.19383459235150405
1.218987341772152,1.0468354430379747,27.406001889596347,0.19386412082205662
1.2620253164556963,1.0468354430379747,27.382655301160383,0.1939976322468005
1.3050632911392406,1.0468354430379747,27.368813042889464,0.19397196622516222
1.3481012658227849,1.0468354430379747,27.329547741478418,0.1939107581864472
1.3911392405063292,1.0468354430379747,27.31112436809001,0.19402187976099317
1.4341772151898735,1.0468354430379747,27.242553778991212,0.193932069404519
1.4772151898734178,1.0468354430379747,27.200856012087264,0.19399328938365243
1.5202531645569621,1.0468354430379747,27.11754143994843,0.19415810173893305
1.5632911392405064,1.0468354430379747,26.86661871102745,0.19474633199161628
1.6063291139240508,1.0468354430379747,26.776989491046727,0.19506925804358644
1.649367088607595,1.0468354430379747,26.68588623860829,0.195377228087357
1.6924050632911394,1.0468354430379747,26.60456900282571,0.19614676868333172
1.7354430379746837,1.0468354430379747,26.48645928753155,0.19677863049179814
1.778481012658228,1.0468354430379747,26.393460637838906,0.19764870959588152
1.8215189873417723,1.0468354430379747,26.321830984358122,0.19912737484512955
1.8645569620253166,1.0468354430379747,26.45322970001475,0.20896781786589944
1.907594936708861,1.0468354430379747,27.65059097362005,0.2731454489484573
1.9936708860759496,1.0468354430379747,30.178133099126885,0.40371428925093333
1.9506329113924052,1.0468354430379747,29.574809616078035,0.3731704445195524
2.036708860759494,1.0468354430379747,30.876418866532543,0.4382423563841025
2.079746835443038,1.0468354430379747,31.44710387520814,0.46590308669627273
2.1227848101265825,1.0468354430379747,31.794138247840564,0.4823835142718334
2.208860759493671,1.0468354430379747,33.49323923672782,0.5604242221472231
2.1658227848101266,1.0468354430379747,32.64023871794406,0.5215863221812881
2.251898734177215,1.0468354430379747,34.093390407158125,0.5872280779910705
2.2949367088607597,1.0468354430379747,34.5324200900639,0.6064667646118873
2.337974683544304,1.0468354430379747,35.02761481550598,0.6278957526198734
2.3810126582278484,1.0468354430379747,35.22954261846668,0.6367951778591766
2.4240506329113924,1.0468354430379747,35.34283610060352,0.6415792523745849
2.467088607594937,1.0468354430379747,35.47288134252596,0.6470902794557416
2.510126582278481,1.0468354430379747,36.12142310021603,0.6734945150155086
2.5531645569620256,1.0468354430379747,36.41233811569297,0.6849343204618213
2.5962025316455697,1.0468354430379747,36.560354455997164,0.6906855611809368
2.639240506329114,1.0468354430379747,36.738733081545604,0.6975074285554969
2.6822784810126583,1.0468354430379747,36.802372497569934,0.6999432574633185
2.725316455696203,1.0468354430379747,36.82883745220498,0.7009816033611893
2.768354430379747,1.0468354430379747,36.85008319420876,0.7018073116295549
2.8113924050632915,1.0468354430379747,36.86385935063918,0.7023538964501461
2.940506329113924,1.0468354430379747,36.88193939409869,0.7031409426087787
2.8544303797468356,1.0468354430379747,36.86987936924613,0.7026109635359497
2.8974683544303796,1.0468354430379747,36.87582908926702,0.7028743261601614
2.9835443037974683,1.0468354430379747,36.88700595537623,0.7033705962689466
3.026582278481013,1.0468354430379747,36.8932156078457,0.7036472406290344
3.1126582278481014,1.0468354430379747,36.90330849609246,0.7040953450452399
3.069620253164557,1.0468354430379747,36.89784440284061,0.7038520129616158
3.1556962025316455,1.0468354430379747,36.909684390886156,0.7043790542523088
3.19873417721519,1.0468354430379747,36.91420211496119,0.7045773055850765
3.241772151898734,1.0468354430379747,36.91817863243354,0.704744700717452
3.2848101265822787,1.0468354430379747,36.9240000685328,0.7049950744898044
3.3278481012658228,1.0468354430379747,36.92768752449888,0.7051560467574559
3.3708860759493673,1.0468354430379747,36.93387152582473,0.7054305693630448
3.4139240506329114,1.0468354430379747,36.93844571855101,0.7056315404596121
3.456962025316456,1.0468354430379747,36.94265099706981,0.7058172511120794
0.1,1.089873417721519,27.684039932963252,0.19012841532044655
3.5,1.0468354430379747,36.946188597716436,0.7059738712229333
0.14303797468354432,1.089873417721519,27.68410590141282,0.1901861508164401
0.1860759493670886,1.089873417721519,27.680773473409605,0.19007993564930437
0.2291139240506329,1.089873417721519,27.680904121490627,0.1901450038237652
0.2721518987341772,1.089873417721519,27.68095920311227,0.19016793297358
0.31518987341772153,1.089873417721519,27.681160245778727,0.19023642972702914
0.35822784810126584,1.089873417721519,27.678255564304145,0.19022140431115506
0.44430379746835447,1.089873417721519,27.67221383856681,0.1900869612049123
0.40126582278481016,1.089873417721519,27.67525933030878,0.1901663584672371
0.4873417721518988,1.089873417721519,27.672628593198553,0.19017822815302954
0.5303797468354431,1.089873417721519,27.66970408946506,0.19010665495981563
0.5734177215189874,1.089873417721519,27.67032031428772,0.19021977288365152
0.6164556962025316,1.089873417721519,27.667345332623572,0.19012399437791927
0.6594936708860759,1.089873417721519,27.664934384255442,0.1901134884510488
0.7025316455696202,1.089873417721519,27.657858309198502,0.1900675081369684
0.7455696202531645,1.089873417721519,27.65673419915922,0.1902170091477676
0.8316455696202532,1.089873417721519,27.597940962410025,0.19015227294891193
0.7886075949367088,1.089873417721519,27.650626937169715,0.19024919036115648
0.8746835443037975,1.089873417721519,27.54454487751247,0.1902400301604095
0.9177215189873418,1.089873417721519,27.512125437226384,0.19034411139158158
0.9607594936708861,1.089873417721519,27.478190064470606,0.19041987148570091
1.0037974683544304,1.089873417721519,27.44471312027043,0.19317691530149797
1.089873417721519,1.089873417721519,27.421917877677735,0.19496544118168105
1.0468354430379747,1.089873417721519,27.431725816861686,0.19385072946236545
1.1329113924050633,1.089873417721519,27.415738206101956,0.1952163896240966
1.1759493670886076,1.089873417721519,27.410833830092596,0.19522140893064446
1.218987341772152,1.089873417721519,27.40630399465955,0.19519710964454243
1.2620253164556963,1.089873417721519,27.380423001081557,0.1952342274638815
1.3050632911392406,1.089873417721519,27.370046176692927,0.19524753246535229
1.3481012658227849,1.089873417721519,27.327072919498427,0.19519835830692217
1.3911392405063292,1.089873417721519,27.30818567269758,0.19522749690137714
1.4772151898734178,1.089873417721519,27.19804697587812,0.1952309355336933
1.5202531645569621,1.089873417721519,27.112722935798566,0.1953271879698822
1.4341772151898735,1.089873417721519,27.241450014719533,0.19527584509309942
1.5632911392405064,1.089873417721519,26.860600572514226,0.19579126149465065
1.6063291139240508,1.089873417721519,26.769149670504603,0.1960766356962528
1.649367088607595,1.089873417721519,26.67612571359768,0.19614792932029199
1.6924050632911394,1.089873417721519,26.59018348902019,0.19689791479530896
1.7354430379746837,1.089873417721519,26.470572633561986,0.19719903206336983
1.778481012658228,1.089873417721519,26.37157261585689,0.1979305297954213
1.8215189873417723,1.089873417721519,26.301618567627465,0.1993391628465963
1.8645569620253166,1.089873417721519,26.48249473573762,0.21178766636738966
1.907594936708861,1.089873417721519,27.6801553159909,0.2759589774905936
1.9506329113924052,1.089873417721519,29.604345587957337,0.37596098379848186
1.9936708860759496,1.089873417721519,30.2083905678994,0.4065377958164322
2.036708860759494,1.089873417721519,30.906184652854012,0.44103363753537
2.079746835443038,1.089873417721519,31.47823163505549,0.46876747393374135
2.1227848101265825,1.089873417721519,31.83303939115563,0.4856571036640707
2.1658227848101266,1.089873417721519,32.67308955425969,0.5245289699207091
2.208860759493671,1.089873417721519,33.52705061050316,0.5634112231484008
2.251898734177215,1.089873417721519,34.127659129644385,0.5902315568546975
2.2949367088607597,1.089873417721519,34.56534544458058,0.6093985707826465
2.3810126582278484,1.089873417721519,35.263929660178206,0.6397865539405112
2.4240506329113924,1.089873417721519,35.37676120554418,0.6445519232809129
2.337974683544304,1.089873417721519,35.10407465304852,0.6329613160454345
2.467088607594937,1.089873417721519,35.51988818282808,0.6506794964558335
2.5531645569620256,1.089873417721519,36.44426810127215,0.6878147268830224
2.510126582278481,1.089873417721519,36.153891234478294,0.6763989175503515
2.5962025316455697,1.089873417721519,36.59284125027411,0.6935769990613999
2.639240506329114,1.089873417721519,36.77153416423201,0.7004139127606898
2.6822784810126583,1.089873417721519,36.83501916327672,0.7028403363554594
2.725316455696203,1.089873417721519,36.86093275822818,0.7038471240721034
2.768354430379747,1.089873417721519,36.88219223681658,0.704679465945913
2.8544303797468356,1.089873417721519,36.90264582087513,0.7055079113955997
2.8113924050632915,1.089873417721519,36.895201973203,0.7051877629509674
2.940506329113924,1.089873417721519,36.91388823361889,0.7060068321587447
2.8974683544303796,1.089873417721519,36.909266118072054,0.7058006149571229
2.9835443037974683,1.089873417721519,36.919952260631064,0.7062808967544951
3.026582278481013,1.089873417721519,36.925529577484554,0.7065306050058121
3.1126582278481014,1.089873417721519,36.936890728371026,0.7070298198253042
3.069620253164557,1.089873417721519,36.93133519996246,0.7067891680463471
3.19873417721519,1.089873417721519,36.94646707069784,0.7074408552378365
3.1556962025316455,1.089873417721519,36.94178186842831,0.7072393042110321
3.241772151898734,1.089873417721519,36.951382990705675,0.707652028601218
3.2848101265822787,1.089873417721519,36.956844663715245,0.7078952201225182
3.3278481012658228,1.089873417721519,36.961849115555935,0.7081174250839862
3.3708860759493673,1.089873417721519,36.967415316956085,0.7083571731300201
3.4139240506329114,1.089873417721519,36.97176556669503,0.708548019018995
3.5,1.089873417721519,36.98047918974606,0.7089396053019508
0.1,1.1329113924050633,27.684039932963252,0.19012841532044655
3.456962025316456,1.089873417721519,36.97500112310846,0.708688830982872
0.14303797468354432,1.1329113924050633,27.68410590141282,0.1901861508164401
0.1860759493670886,1.1329113924050633,27.680773473409605,0.19007993564930437
0.2291139240506329,1.1329113924050633,27.680904121490627,0.1901450038237652
0.2721518987341772,1.1329113924050633,27.68095920311227,0.19016793297358
0.31518987341772153,1.1329113924050633,27.681160245778727,0.19023642972702914
0.35822784810126584,1.1329113924050633,27.678255564304145,0.19022140431115506
0.40126582278481016,1.1329113924050633,27.67525933030878,0.1901663584672371
0.44430379746835447,1.1329113924050633,27.67221383856681,0.1900869612049123
0.4873417721518988,1.1329113924050633,27.672628593198553,0.19017822815302954
0.5303797468354431,1.1329113924050633,27.66970408946506,0.19010665495981563
0.5734177215189874,1.1329113924050633,27.67032031428772,0.19021977288365152
0.6164556962025316,1.1329113924050633,27.667345332623572,0.19012399437791927
0.6594936708860759,1.1329113924050633,27.664934384255442,0.1901134884510488
0.7025316455696202,1.1329113924050633,27.657858309198502,0.1900675081369684
0.7455696202531645,1.1329113924050633,27.65673419915922,0.1902170091477676
0.8316455696202532,1.1329113924050633,27.616648774367125,0.1919401042146329
0.7886075949367088,1.1329113924050633,27.651006699654662,0.1902853508987476
0.8746835443037975,1.1329113924050633,27.576307275340067,0.19327388447190735
0.9177215189873418,1.1329113924050633,27.5500833987073,0.19395832541522584
0.9607594936708861,1.1329113924050633,27.531851827896872,0.19564868907616523
1.0037974683544304,1.1329113924050633,27.4439334583333,0.19578867158926627
1.089873417721519,1.1329113924050633,27.40890271563638,0.19604718921217962
1.1329113924050633,1.1329113924050633,27.40412896339765,0.1960092145293447
1.0468354430379747,1.1329113924050633,27.41482662278881,0.1957876009948658
1.1759493670886076,1.1329113924050633,27.400426283175715,0.19607669526267385
1.218987341772152,1.1329113924050633,27.394367146113574,0.19602906596784178
1.2620253164556963,1.1329113924050633,27.37220353467993,0.1960645737742993
1.3050632911392406,1.1329113924050633,27.359278009978567,0.1960345579618333
1.3481012658227849,1.1329113924050633,27.314233361440785,0.19608197087081328
1.3911392405063292,1.1329113924050633,27.293867148798117,0.1960501771101584
1.4772151898734178,1.1329113924050633,27.189406477308147,0.19603499308737765
1.4341772151898735,1.1329113924050633,27.228018508711642,0.1960671697288679
1.5202531645569621,1.1329113924050633,27.098426221898656,0.19619561155025125
1.5632911392405064,1.1329113924050633,26.841665558515224,0.19656301326532943
1.649367088607595,1.1329113924050633,26.65692636383598,0.19684341527921445
1.6063291139240508,1.1329113924050633,26.745079903925856,0.1966751632276049
1.6924050632911394,1.1329113924050633,26.556703127354805,0.19722643106405302
1.7354430379746837,1.1329113924050633,26.441094880151883,0.1975359284961816
1.778481012658228,1.1329113924050633,26.341091380961792,0.19838795989514607
1.8215189873417723,1.1329113924050633,26.262582230928857,0.1994864538541528
1.8645569620253166,1.1329113924050633,26.53199807803204,0.21627218031513182
1.907594936708861,1.1329113924050633,27.730451051486337,0.28045528161108557
1.9936708860759496,1.1329113924050633,30.259697655733657,0.4110522163873859
1.9506329113924052,1.1329113924050633,29.655180639883355,0.38045509586863324
2.036708860759494,1.1329113924050633,30.957408041287206,0.4455357236284522
2.079746835443038,1.1329113924050633,31.530756734883333,0.47333733161906066
2.1227848101265825,1.1329113924050633,31.885866673005584,0.4902364970827507
2.1658227848101266,1.1329113924050633,32.72576394266391,0.5290943737234218
2.208860759493671,1.1329113924050633,33.580859702191724,0.5680308224028575
2.2949367088607597,1.1329113924050633,34.62387165671342,0.6142399941396737
2.251898734177215,1.1329113924050633,34.181444957729695,0.5948471323771187
2.337974683544304,1.1329113924050633,35.16158143130651,0.637746778100853
2.3810126582278484,1.1329113924050633,35.321120418356166,0.6445514888386242
2.4240506329113924,1.1329113924050633,35.441566396516954,0.649679803261945
2.467088607594937,1.1329113924050633,35.63688526936494,0.6582459758395592
2.5531645569620256,1.1329113924050633,36.497094748529676,0.6923579761098669
2.510126582278481,1.1329113924050633,36.20902803639762,0.68105556879933
2.639240506329114,1.1329113924050633,36.82513413132307,0.7049927378204695
2.5962025316455697,1.1329113924050633,36.646525813849735,0.6981618936656732
2.6822784810126583,1.1329113924050633,36.88925943338946,0.7074392656887604
2.725316455696203,1.1329113924050633,36.915227724847504,0.7084509937540832
2.768354430379747,1.1329113924050633,36.93567059690529,0.7092424531869491
2.8113924050632915,1.1329113924050633,36.94864642186451,0.709757211914646
2.8544303797468356,1.1329113924050633,36.95655613495341,0.7100997898291068
2.8974683544303796,1.1329113924050633,36.963087272199395,0.7103815164109694
2.940506329113924,1.1329113924050633,36.968994194262926,0.7106560427037639
2.9835443037974683,1.1329113924050633,36.97512814336179,0.7109304396888025
3.069620253164557,1.1329113924050633,36.98543034261953,0.7113816713142357
3.026582278481013,1.1329113924050633,36.97967399571111,0.7111288055228959
3.1126582278481014,1.1329113924050633,36.99068840065225,0.7116047295693707
3.1556962025316455,1.1329113924050633,36.995387889812925,0.7118134234339469
3.19873417721519,1.1329113924050633,37.00106563080645,0.7120596501002465
3.241772151898734,1.1329113924050633,37.006489607785696,0.7122951805791927
3.2848101265822787,1.1329113924050633,37.012146430580486,0.7125469148447676
3.3278481012658228,1.1329113924050633,37.01735934451278,0.7127748744155247
3.3708860759493673,1.1329113924050633,37.021960763526046,0.7129704384089808
3.4139240506329114,1.1329113924050633,37.02605708234218,0.7131504187625378
3.456962025316456,1.1329113924050633,37.03179651402704,0.7134104213566447
3.5,1.1329113924050633,37.03630816638762,0.7136178070142509
0.1,1.1759493670886076,27.684039932963252,0.19012841532044655
0.14303797468354432,1.1759493670886076,27.68410590141282,0.1901861508164401
0.1860759493670886,1.1759493670886076,27.680773473409605,0.19007993564930437
0.2721518987341772,1.1759493670886076,27.68095920311227,0.19016793297358
0.2291139240506329,1.1759493670886076,27.680904121490627,0.1901450038237652
0.31518987341772153,1.1759493670886076,27.681160245778727,0.19023642972702914
0.35822784810126584,1.1759493670886076,27.678255564304145,0.19022140431115506
0.40126582278481016,1.1759493670886076,27.67525933030878,0.1901663584672371
0.44430379746835447,1.1759493670886076,27.67221383856681,0.1900869612049123
0.4873417721518988,1.1759493670886076,27.672628593198553,0.19017822815302954
0.5303797468354431,1.1759493670886076,27.671640753021038,0.19028661336258648
0.6164556962025316,1.1759493670886076,27.724090338519375,0.19534749098198323
0.5734177215189874,1.1759493670886076,27.703169594229248,0.19324424398411924
0.6594936708860759,1.1759493670886076,27.732743624161937,0.19634264265409856
0.7025316455696202,1.1759493670886076,27.736245300688378,0.19731148166654777
0.7455696202531645,1.1759493670886076,27.740207308189504,0.19800285735934406
0.7886075949367088,1.1759493670886076,27.734101540379477,0.19803001231925443
0.8746835443037975,1.1759493670886076,27.630014207792655,0.19819474438572032
0.8316455696202532,1.1759493670886076,27.685115782741477,0.1982494420779147
0.9177215189873418,1.1759493670886076,27.59682526086891,0.19822210304856802
0.9607594936708861,1.1759493670886076,27.50435948936521,0.19832810583354757
1.0468354430379747,1.1759493670886076,27.424968527488186,0.1983648005513615
1.0037974683544304,1.1759493670886076,27.439699359978928,0.19822848110424554
1.089873417721519,1.1759493670886076,27.41976841458845,0.19838829174272193
1.1329113924050633,1.1759493670886076,27.411922333750002,0.1983885106655794
1.1759493670886076,1.1759493670886076,27.40806980579292,0.19841199272181267
1.218987341772152,1.1759493670886076,27.403551850069103,0.1984143936118941
1.2620253164556963,1.1759493670886076,27.380584390656573,0.19834055845833676
1.3050632911392406,1.1759493670886076,27.36826395760398,0.19835962237085406
1.3481012658227849,1.1759493670886076,27.321936827160833,0.198317578547377
1.3911392405063292,1.1759493670886076,27.30054012573532,0.19828126296976256
1.4341772151898735,1.1759493670886076,27.23504580253548,0.19830140377508693
1.4772151898734178,1.1759493670886076,27.19979951037917,0.1984026155666484
1.5202531645569621,1.1759493670886076,27.103511913077497,0.19833889256689796
1.5632911392405064,1.1759493670886076,26.84347334085698,0.19839859146807445
1.6063291139240508,1.1759493670886076,26.743344157815045,0.19843095573140718
1.649367088607595,1.1759493670886076,26.654110777827473,0.1983164579628205
1.6924050632911394,1.1759493670886076,26.545741024336238,0.19841523631657798
1.7354430379746837,1.1759493670886076,26.42695026983253,0.19841307691738824
1.778481012658228,1.1759493670886076,26.325992625710104,0.19930044814013648
1.8215189873417723,1.1759493670886076,26.230590864294857,0.19977710193619452
1.8645569620253166,1.1759493670886076,26.575565877409247,0.22010117996828346
1.907594936708861,1.1759493670886076,27.77440215329836,0.2842751321161245
1.9506329113924052,1.1759493670886076,29.69911933025921,0.38424485139177195
1.9936708860759496,1.1759493670886076,30.3028949322716,0.41479424345582805
2.036708860759494,1.1759493670886076,31.001908262201145,0.4493433506734202
2.079746835443038,1.1759493670886076,31.57815890717767,0.47729859789788226
2.1227848101265825,1.1759493670886076,31.932853214760403,0.49416971509399743
2.1658227848101266,1.1759493670886076,32.77288060525434,0.5330315162970067
2.208860759493671,1.1759493670886076,33.62783302778848,0.5719480503910919
2.251898734177215,1.1759493670886076,34.22859435786467,0.5987711957901477
2.337974683544304,1.1759493670886076,35.20917740755364,0.6416902272189825
2.3810126582278484,1.1759493670886076,35.36953201368388,0.6485345314934701
2.2949367088607597,1.1759493670886076,34.6904465832781,0.6191259428142571
2.4240506329113924,1.1759493670886076,35.516211735691606,0.6548898390399644
2.467088607594937,1.1759493670886076,35.683012189438976,0.6621049978924975
2.510126582278481,1.1759493670886076,36.254671632331636,0.6848920621808133
2.5531645569620256,1.1759493670886076,36.54408425301778,0.6962527931510964
2.5962025316455697,1.1759493670886076,36.693826193255646,0.7020670758322762
2.639240506329114,1.1759493670886076,36.87123510585215,0.7088428419944429
2.6822784810126583,1.1759493670886076,36.93546537767483,0.7112944654794707
2.725316455696203,1.1759493670886076,36.96173385179961,0.7123165933919391
2.768354430379747,1.1759493670886076,36.981916504711144,0.7131008452546623
2.8113924050632915,1.1759493670886076,36.99538635428501,0.713633080719429
2.8544303797468356,1.1759493670886076,37.00383471674151,0.7140048361014967
2.8974683544303796,1.1759493670886076,37.010318024662176,0.7142899098449338
2.9835443037974683,1.1759493670886076,37.021196315078576,0.7147728790719782
2.940506329113924,1.1759493670886076,37.01648311211757,0.7145689517299275
3.026582278481013,1.1759493670886076,37.027063323940226,0.715032059925078
3.069620253164557,1.1759493670886076,37.032783778234595,0.715283761815524
3.1126582278481014,1.1759493670886076,37.038124117885445,0.7155144567652882
3.1556962025316455,1.1759493670886076,37.04316947690632,0.7157336660605412
3.19873417721519,1.1759493670886076,37.048530104577324,0.7159703406708112
3.241772151898734,1.1759493670886076,37.05530170427403,0.7162632686115407
3.2848101265822787,1.1759493670886076,37.059843714292846,0.7164594715562165
3.3278481012658228,1.1759493670886076,37.064392281773735,0.716657676455075
3.3708860759493673,1.1759493670886076,37.07031644292828,0.7169240822262812
3.4139240506329114,1.1759493670886076,37.07613880442335,0.7171831486275116
3.456962025316456,1.1759493670886076,37.080575164819955,0.7173832605192381
0.1,1.218987341772152,27.71768904722345,0.19313859923643403
3.5,1.1759493670886076,37.08451954430914,0.7175555426530872
0.14303797468354432,1.218987341772152,27.73591228893308,0.19481777921251775
0.1860759493670886,1.218987341772152,27.746416017174408,0.1959460802820394
0.2291139240506329,1.218987341772152,27.754759153831657,0.1966676470330832
0.40126582278481016,1.218987341772152,27.760751528947523,0.19763097535793764
0.35822784810126584,1.218987341772152,27.76033455832115,0.19740170600633763
0.2721518987341772,1.218987341772152,27.7587110330719,0.19701477130083225
0.31518987341772153,1.218987341772152,27.761287317214293,0.19725628946618992
0.44430379746835447,1.218987341772152,27.765607783608054,0.19835444135969155
0.4873417721518988,1.218987341772152,27.765085037571783,0.19846262826560615
0.5734177215189874,1.218987341772152,27.763535492231718,0.1984404255929251
0.5303797468354431,1.218987341772152,27.763032351230514,0.19840965878993835
0.6164556962025316,1.218987341772152,27.76178108109033,0.19846624223152942
0.6594936708860759,1.218987341772152,27.75995192870121,0.19856060931452557
0.7025316455696202,1.218987341772152,27.754348716947632,0.19866745013209536
0.7455696202531645,1.218987341772152,27.75188102159566,0.19868980114409088
0.8316455696202532,1.218987341772152,27.69509070021278,0.19873832350785886
0.7886075949367088,1.218987341772152,27.746597309959295,0.19871827430096511
0.8746835443037975,1.218987341772152,27.641081915463815,0.19876509357150085
0.9177215189873418,1.218987341772152,27.54342880377979,0.19885960540660824
0.9607594936708861,1.218987341772152,27.441882434674735,0.19875981116859762
1.0037974683544304,1.218987341772152,27.412238707376588,0.19888881990831206
1.0468354430379747,1.218987341772152,27.398469201430405,0.19887305101857658
1.089873417721519,1.218987341772152,27.38514335413936,0.19888974749559776
1.1329113924050633,1.218987341772152,27.38226953975041,0.19889880640532792
1.1759493670886076,1.218987341772152,27.379437305264513,0.19890882078714858
1.218987341772152,1.218987341772152,27.37485099949964,0.19891036509395016
1.2620253164556963,1.218987341772152,27.352052651911613,0.19878453521949932
1.3050632911392406,1.218987341772152,27.340451175537606,0.19893335084363994
1.3481012658227849,1.218987341772152,27.293081911378763,0.1989315146080317
1.3911392405063292,1.218987341772152,27.271184266496643,0.19892926729547122
1.4341772151898735,1.218987341772152,27.204037017767735,0.19879425972617196
1.4772151898734178,1.218987341772152,27.173783055312214,0.1989616161370411
1.5202531645569621,1.218987341772152,27.06962741674237,0.19884323408612006
1.5632911392405064,1.218987341772152,26.814962009617197,0.19888801294554495
1.649367088607595,1.218987341772152,26.627430664378615,0.1989080285177878
1.6063291139240508,1.218987341772152,26.709913217728563,0.1989544251516706
1.6924050632911394,1.218987341772152,26.507754244903033,0.1989462757857214
1.7354430379746837,1.218987341772152,26.395364181636065,0.19898467167260064
1.778481012658228,1.218987341772152,26.29193023515201,0.19987034717859958
1.8215189873417723,1.218987341772152,26.18725888600776,0.19989704655969082
1.8645569620253166,1.218987341772152,26.64743376055888,0.22620403206245276
1.907594936708861,1.218987341772152,27.84683184947839,0.2903599921581124
1.9506329113924052,1.218987341772152,29.771934200594796,0.39030632857725417
1.9936708860759496,1.218987341772152,30.375960723722542,0.42086279974763746
2.036708860759494,1.218987341772152,31.07755031779782,0.455548067844153
2.079746835443038,1.218987341772152,31.65865604451576,0.48375715338216213
2.1227848101265825,1.218987341772152,32.008719742720025,0.5003753808637824
2.1658227848101266,1.218987341772152,32.84947337151765,0.5392620568500007
2.251898734177215,1.218987341772152,34.30839322274114,0.6051547835864547
2.208860759493671,1.218987341772152,33.70619795885677,0.5782641134059288
2.2949367088607597,1.218987341772152,34.81004177001836,0.6274628360148066
2.3810126582278484,1.218987341772152,35.449216411939226,0.6548847189070841
2.337974683544304,1.218987341772152,35.28933600098007,0.6480746259718337
2.4240506329113924,1.218987341772152,35.59360058095731,0.661130474060047
2.467088607594937,1.218987341772152,35.75951019063147,0.6683039585441036
2.510126582278481,1.218987341772152,36.330001268140876,0.6910296577061527
2.5531645569620256,1.218987341772152,36.62039010772377,0.7024281509578502
2.5962025316455697,1.218987341772152,36.76993344825159,0.7082324092478355
2.639240506329114,1.218987341772152,36.94685067643328,0.7149896371471843
2.6822784810126583,1.218987341772152,37.01180109421367,0.7174666377394359
2.768354430379747,1.218987341772152,37.05836157513988,0.7192794692911729
2.725316455696203,1.218987341772152,37.038186782037684,0.7184992189177433
2.8113924050632915,1.218987341772152,37.072535593886066,0.7198481998151233
2.8544303797468356,1.218987341772152,37.08086820679248,0.7202139411970095
2.8974683544303796,1.218987341772152,37.08771876826086,0.7205148818917494
2.940506329113924,1.218987341772152,37.09327436370349,0.7207601399075352
2.9835443037974683,1.218987341772152,37.09951452136502,0.7210348099459373
3.026582278481013,1.218987341772152,37.10352839859171,0.7212120370288791
3.069620253164557,1.218987341772152,37.10971226465959,0.7214789758110086
3.1126582278481014,1.218987341772152,37.11521268977545,0.7217161254551694
3.1556962025316455,1.218987341772152,37.12083657295259,0.7219584143804781
3.19873417721519,1.218987341772152,37.127607381779136,0.7222562602843909
3.241772151898734,1.218987341772152,37.13326863119083,0.7225054948058204
3.2848101265822787,1.218987341772152,37.13821886926964,0.7227225559105386
3.3278481012658228,1.218987341772152,37.143499255156335,0.7229544014986752
3.3708860759493673,1.218987341772152,37.15022459842926,0.7232500161566966
3.4139240506329114,1.218987341772152,37.15387437081642,0.7234095298973049
0.1,1.2620253164556963,27.77430012504255,0.19766477836742397
3.5,1.218987341772152,37.161605247401894,0.7237501168545322
3.456962025316456,1.218987341772152,37.15864133012982,0.7236230832812797
0.14303797468354432,1.2620253164556963,27.783141206371038,0.19855558702249326
0.2291139240506329,1.2620253164556963,27.781241690463204,0.19860833944242468
0.2721518987341772,1.2620253164556963,27.77964670396826,0.19857193714564664
0.1860759493670886,1.2620253164556963,27.780408141644838,0.198580860571839
0.31518987341772153,1.2620253164556963,27.779094970660633,0.19865531545641468
0.35822784810126584,1.2620253164556963,27.774057742591115,0.19860522394651334
0.40126582278481016,1.2620253164556963,27.774289297187128,0.19872661761781357
0.44430379746835447,1.2620253164556963,27.77178795595162,0.19879536426863537
0.4873417721518988,1.2620253164556963,27.770548081669407,0.19883711836636778
0.5303797468354431,1.2620253164556963,27.770278083914494,0.19886228543188356
0.5734177215189874,1.2620253164556963,27.7688832104254,0.19894981227674224
0.6164556962025316,1.2620253164556963,27.767681227426383,0.19886694596178964
0.7025316455696202,1.2620253164556963,27.759323942089036,0.19892191952713345
0.6594936708860759,1.2620253164556963,27.766077744313616,0.19897887991641341
0.7455696202531645,1.2620253164556963,27.75605695390263,0.19902122048236331
0.7886075949367088,1.2620253164556963,27.749606701702792,0.19902111440974876
0.8316455696202532,1.2620253164556963,27.6856361313858,0.19902993253526877
0.8746835443037975,1.2620253164556963,27.555795528644275,0.1989869065053571
0.9177215189873418,1.2620253164556963,27.475369732022326,0.19899702446692633
0.9607594936708861,1.2620253164556963,27.43138231155226,0.19892817300715848
1.0037974683544304,1.2620253164556963,27.40426534054148,0.1990834857526203
1.0468354430379747,1.2620253164556963,27.381387978247282,0.1989646172117514
1.089873417721519,1.2620253164556963,27.376535622544363,0.19898027466317264
1.1329113924050633,1.2620253164556963,27.375034533190362,0.1990697751226403
1.1759493670886076,1.2620253164556963,27.372607730216366,0.1990905103493
1.218987341772152,1.2620253164556963,27.368218595418057,0.19910384265125272
1.2620253164556963,1.2620253164556963,27.344782440052118,0.19895518204407453
1.3050632911392406,1.2620253164556963,27.331631895658496,0.19903271142666012
1.3481012658227849,1.2620253164556963,27.284827771280046,0.1990456826398962
1.3911392405063292,1.2620253164556963,27.260913904861855,0.19897291164250186
1.4341772151898735,1.2620253164556963,27.19490731265616,0.19893497338374008
1.5202531645569621,1.2620253164556963,27.06125414718538,0.19907527301805167
1.4772151898734178,1.2620253164556963,27.16470691919902,0.19906386272859894
1.5632911392405064,1.2620253164556963,26.805396516237078,0.19909052513086417
1.6063291139240508,1.2620253164556963,26.696946348640417,0.19902773179738534
1.6924050632911394,1.2620253164556963,26.496901826506157,0.19911437261643614
1.649367088607595,1.2620253164556963,26.61606819510659,0.19908473727437997
1.7354430379746837,1.2620253164556963,26.38272019821985,0.19911760025270214
1.8215189873417723,1.2620253164556963,26.17164674158264,0.19993647277843765
1.8645569620253166,1.2620253164556963,26.67564937784989,0.22851163641951824
1.907594936708861,1.2620253164556963,27.87527557055237,0.29266146407129207
1.778481012658228,1.2620253164556963,26.275316047180887,0.19992598047033674
1.9506329113924052,1.2620253164556963,29.800983796701228,0.39262485158207466
1.9936708860759496,1.2620253164556963,30.405290530149102,0.4231953735270928
2.036708860759494,1.2620253164556963,31.107967093912336,0.457935964975037
2.079746835443038,1.2620253164556963,31.690457176453826,0.48621491150529944
2.1227848101265825,1.2620253164556963,32.0416296754824,0.5028883336253515
2.1658227848101266,1.2620253164556963,32.88084986695072,0.5416916440693323
2.208860759493671,1.2620253164556963,33.742435362703944,0.5809285608131812
2.251898734177215,1.2620253164556963,34.34205750022696,0.6076909874636415
2.2949367088607597,1.2620253164556963,34.844980853304556,0.6300586422453605
2.337974683544304,1.2620253164556963,35.32345240657945,0.6506157174794842
2.3810126582278484,1.2620253164556963,35.49132571131204,0.6578078774992582
2.4240506329113924,1.2620253164556963,35.68736021528326,0.6664629908872256
2.467088607594937,1.2620253164556963,35.79161737123673,0.6707426805915696
2.510126582278481,1.2620253164556963,36.36168827912967,0.6934542262602478
2.5531645569620256,1.2620253164556963,36.652468691817255,0.7048679716061529
2.5962025316455697,1.2620253164556963,36.80240086825608,0.7106909904427495
2.639240506329114,1.2620253164556963,36.97954638028059,0.7174597348397136
2.6822784810126583,1.2620253164556963,37.04429743335561,0.7199216656896452
2.725316455696203,1.2620253164556963,37.07030274061977,0.7209374330619855
2.8113924050632915,1.2620253164556963,37.1055156447957,0.722325434849232
2.768354430379747,1.2620253164556963,37.091042972377565,0.7217486965336731
2.8544303797468356,1.2620253164556963,37.11363320384733,0.7226748795153496
2.940506329113924,1.2620253164556963,37.12532996025696,0.7231937572060312
2.8974683544303796,1.2620253164556963,37.119379245586224,0.7229230228641661
2.9835443037974683,1.2620253164556963,37.130341043218564,0.7234113888253147
3.026582278481013,1.2620253164556963,37.13584808349393,0.7236518493100257
3.069620253164557,1.2620253164556963,37.14217134346345,0.7239252721324065
3.1126582278481014,1.2620253164556963,37.147690491848365,0.7241614894064683
3.1556962025316455,1.2620253164556963,37.155093006421446,0.724488254354223
3.19873417721519,1.2620253164556963,37.16097763014507,0.7247398630863192
3.241772151898734,1.2620253164556963,37.165932422025726,0.7249539855760709
3.2848101265822787,1.2620253164556963,37.1719025819854,0.7252225251862561
3.3278481012658228,1.2620253164556963,37.17816081119011,0.7254941169080551
3.3708860759493673,1.2620253164556963,37.182637811388865,0.7256866024932648
3.4139240506329114,1.2620253164556963,37.18721857817602,0.7258903493439388
3.456962025316456,1.2620253164556963,37.190868489363126,0.7260515542996144
0.1,1.3050632911392406,27.784109705899954,0.1986982204720433
0.14303797468354432,1.3050632911392406,27.78464904139653,0.19870930474024828
3.5,1.2620253164556963,37.19531220710916,0.7262446571378562
0.2291139240506329,1.3050632911392406,27.78446954394383,0.19882637182437676
0.1860759493670886,1.3050632911392406,27.783953195851595,0.19873990967603197
0.31518987341772153,1.3050632911392406,27.784245018267036,0.19886977701582112
0.2721518987341772,1.3050632911392406,27.783580804213905,0.19887002192511755
0.35822784810126584,1.3050632911392406,27.778767744968185,0.19885474086852936
0.40126582278481016,1.3050632911392406,27.77738026865078,0.19896361947714006
0.44430379746835447,1.3050632911392406,27.774506061321308,0.19897108019740373
0.4873417721518988,1.3050632911392406,27.774800923013775,0.19901403682120802
0.5303797468354431,1.3050632911392406,27.770847481335917,0.19902399970183404
0.5734177215189874,1.3050632911392406,27.770998027509613,0.19907939441460415
0.6594936708860759,1.3050632911392406,27.7693564664408,0.19908510055549838
0.6164556962025316,1.3050632911392406,27.770178050470264,0.19902464297600087
0.7025316455696202,1.3050632911392406,27.759963876092133,0.19903511268446158
0.7886075949367088,1.3050632911392406,27.73489764652747,0.19904981942928537
0.7455696202531645,1.3050632911392406,27.758421287187247,0.19910044163480195
0.8746835443037975,1.3050632911392406,27.508401590976117,0.1990253718139921
0.8316455696202532,1.3050632911392406,27.58396484607891,0.19900641339230482
0.9177215189873418,1.3050632911392406,27.468209395515977,0.19901761392179526
1.0468354430379747,1.3050632911392406,27.376444309615955,0.19909842158563626
0.9607594936708861,1.3050632911392406,27.429674587306803,0.1991120185847684
1.0037974683544304,1.3050632911392406,27.401809711267237,0.1991207421193137
1.089873417721519,1.3050632911392406,27.371810458119374,0.19907140961991368
1.1329113924050633,1.3050632911392406,27.369374233301006,0.1991073408043627
1.1759493670886076,1.3050632911392406,27.367603495868384,0.19917289852949932
1.218987341772152,1.3050632911392406,27.363066208586975,0.1991406934002393
1.2620253164556963,1.3050632911392406,27.341288695328704,0.1991232790931552
1.3050632911392406,1.3050632911392406,27.32663108031445,0.19911509411850598
1.3481012658227849,1.3050632911392406,27.279650919801153,0.1991449670081256
1.3911392405063292,1.3050632911392406,27.255957967968094,0.19906636578984366
1.4772151898734178,1.3050632911392406,27.16091709780288,0.19916583642149924
1.4341772151898735,1.3050632911392406,27.19158125999749,0.19911626707499108
1.5202531645569621,1.3050632911392406,27.054716538873542,0.19913213190305074
1.5632911392405064,1.3050632911392406,26.797539551399833,0.19908192267236682
1.6063291139240508,1.3050632911392406,26.692489589368027,0.1991560685684473
1.649367088607595,1.3050632911392406,26.608156184168585,0.19910983787780098
1.6924050632911394,1.3050632911392406,26.489995757654132,0.19919395402271742
1.7354430379746837,1.3050632911392406,26.37740936616455,0.1993056617491292
1.778481012658228,1.3050632911392406,26.265626996998257,0.19990203298775178
1.8215189873417723,1.3050632911392406,26.16199081409358,0.19992398315673623
1.8645569620253166,1.3050632911392406,26.695837176421247,0.230072835488401
1.907594936708861,1.3050632911392406,27.895071773195465,0.29418753183407576
1.9506329113924052,1.3050632911392406,29.82137810934532,0.3941736340280104
1.9936708860759496,1.3050632911392406,30.42527359102086,0.42472111684775804
2.079746835443038,1.3050632911392406,31.714191102221523,0.4879398155999675
2.036708860759494,1.3050632911392406,31.136532532320775,0.4599216174785578
2.208860759493671,1.3050632911392406,33.76673816265215,0.5826710530423885
2.1227848101265825,1.3050632911392406,32.06402258234133,0.504534867496036
2.1658227848101266,1.3050632911392406,32.90447982399327,0.5433969965302313
2.251898734177215,1.3050632911392406,34.386331139747924,0.6104206688854935
2.337974683544304,1.3050632911392406,35.34800614079901,0.6523620784910952
2.3810126582278484,1.3050632911392406,35.542057940385945,0.6607864103382514
2.2949367088607597,1.3050632911392406,34.87029405939948,0.6318370466964237
2.467088607594937,1.3050632911392406,35.814072549217904,0.6723846705057204
2.4240506329113924,1.3050632911392406,35.711967065548414,0.6682031870685524
2.510126582278481,1.3050632911392406,36.38468229654723,0.6951214547491325
2.5531645569620256,1.3050632911392406,36.67653095995807,0.706578870709743
2.5962025316455697,1.3050632911392406,36.82573478973357,0.7123663293628932
2.639240506329114,1.3050632911392406,37.002513141237706,0.7191201403220507
2.6822784810126583,1.3050632911392406,37.068420219630454,0.7216387968753217
2.725316455696203,1.3050632911392406,37.093888131469335,0.722626992777545
2.768354430379747,1.3050632911392406,37.11488083737199,0.723442662646077
2.8113924050632915,1.3050632911392406,37.13007132260749,0.7240499010254797
2.8544303797468356,1.3050632911392406,37.137227114424256,0.7243550305988871
2.8974683544303796,1.3050632911392406,37.14371371702623,0.724645643145021
2.940506329113924,1.3050632911392406,37.14884915477133,0.7248692345303318
2.9835443037974683,1.3050632911392406,37.15375872646238,0.7250779862701664
3.026582278481013,1.3050632911392406,37.160346107740565,0.7253648590156785
3.069620253164557,1.3050632911392406,37.16662277706961,0.7256405649647079
3.1126582278481014,1.3050632911392406,37.173791474571104,0.7259535186193998
3.1556962025316455,1.3050632911392406,37.17989113095401,0.7262148471377685
3.241772151898734,1.3050632911392406,37.19196960485963,0.7267424453789589
3.19873417721519,1.3050632911392406,37.185844249093456,0.7264746469626521
3.2848101265822787,1.3050632911392406,37.19802623932835,0.7270019474445238
3.3278481012658228,1.3050632911392406,37.203346811784535,0.7272385133729908
3.3708860759493673,1.3050632911392406,37.20711049665444,0.7274013317585468
3.4139240506329114,1.3050632911392406,37.2111423287726,0.7275793762412017
3.5,1.3050632911392406,37.22034199447241,0.7279891762923462
3.456962025316456,1.3050632911392406,37.21615707565158,0.7278027851873022
0.1,1.3481012658227849,27.795240783782347,0.19927708941289987
0.1860759493670886,1.3481012658227849,27.790773200980112,0.19918734399893565
0.14303797468354432,1.3481012658227849,27.794942443251784,0.19928024158503851
0.2291139240506329,1.3481012658227849,27.789822787133684,0.19924064409916847
0.2721518987341772,1.3481012658227849,27.79162264439902,0.19936064080833302
0.31518987341772153,1.3481012658227849,27.788700653741724,0.19933399673091848
0.35822784810126584,1.3481012658227849,27.784726794493494,0.19932677203135185
0.40126582278481016,1.3481012658227849,27.78473083689266,0.19934146461697078
0.4873417721518988,1.3481012658227849,27.777774796770185,0.1993403137972361
0.44430379746835447,1.3481012658227849,27.78042205579421,0.19941528345994988
0.5303797468354431,1.3481012658227849,27.776340918773506,0.1994208714391003
0.5734177215189874,1.3481012658227849,27.774957991246964,0.1993544987936733
0.6164556962025316,1.3481012658227849,27.77372998194454,0.19935954053441268
0.6594936708860759,1.3481012658227849,27.771590753605647,0.19937511250409404
0.7025316455696202,1.3481012658227849,27.765182018230753,0.19939364787126157
0.7455696202531645,1.3481012658227849,27.742504679956088,0.19940092223307
0.8316455696202532,1.3481012658227849,27.56870452652862,0.1994355652386193
0.7886075949367088,1.3481012658227849,27.62175721539784,0.1994048498137118
0.8746835443037975,1.3481012658227849,27.509020825729184,0.1994595272984779
0.9177215189873418,1.3481012658227849,27.469999126862696,0.19949870470896103
0.9607594936708861,1.3481012658227849,27.431908204761,0.1994570493017333
1.0468354430379747,1.3481012658227849,27.37700019412142,0.19932990262359324
1.0037974683544304,1.3481012658227849,27.387272834118153,0.1993358430047326
1.1759493670886076,1.3481012658227849,27.369918877228553,0.19951914537443635
1.1329113924050633,1.3481012658227849,27.37305972744127,0.19951765195037446
1.089873417721519,1.3481012658227849,27.372405363450294,0.19933991942917603
1.218987341772152,1.3481012658227849,27.364697293766895,0.19943681991946244
1.2620253164556963,1.3481012658227849,27.34328136174115,0.19944842668449045
1.3050632911392406,1.3481012658227849,27.326752996714745,0.19934478881384612
1.3481012658227849,1.3481012658227849,27.28003762752719,0.19936953318628167
1.3911392405063292,1.3481012658227849,27.260447820168153,0.19952510744284582
1.4772151898734178,1.3481012658227849,27.162298915504213,0.19946801456159954
1.4341772151898735,1.3481012658227849,27.19311814964189,0.19942160054676852
1.5202531645569621,1.3481012658227849,27.05572783980676,0.19943081860852238
1.6063291139240508,1.3481012658227849,26.692693294568972,0.19940169577337605
1.5632911392405064,1.3481012658227849,26.799410183872247,0.19941326765040532
1.649367088607595,1.3481012658227849,26.610049834541535,0.19946451159719047
1.6924050632911394,1.3481012658227849,26.492245266655143,0.19954899231029724
1.778481012658228,1.3481012658227849,26.261177025508243,0.1998994972028198
1.8215189873417723,1.3481012658227849,26.159027105276845,0.19999772540057428
1.7354430379746837,1.3481012658227849,26.378598462779472,0.19963055339824032
1.8645569620253166,1.3481012658227849,26.705662463268762,0.23081570868078552
1.907594936708861,1.3481012658227849,27.905352137930027,0.29495133503653764
1.9936708860759496,1.3481012658227849,30.438659897729508,0.42565188633619955
1.9506329113924052,1.3481012658227849,29.8320077018563,0.39495361072556406
2.036708860759494,1.3481012658227849,31.153541089993077,0.46102648860291123
2.079746835443038,1.3481012658227849,31.72724325221674,0.4888444457923347
2.1227848101265825,1.3481012658227849,32.07757965060168,0.5054586365638251
2.251898734177215,1.3481012658227849,34.44296734640153,0.6134558242441254
2.1658227848101266,1.3481012658227849,32.92009887739308,0.5444407372256975
2.208860759493671,1.3481012658227849,33.78455762278632,0.5838085936103586
2.337974683544304,1.3481012658227849,35.36769413079625,0.653568599906488
2.2949367088607597,1.3481012658227849,34.88617671157259,0.632863515941061
2.3810126582278484,1.3481012658227849,35.57596366860014,0.6626524040434443
2.4240506329113924,1.3481012658227849,35.724605081297405,0.6690657059238871
2.467088607594937,1.3481012658227849,35.82761727954775,0.6732956747506698
2.5531645569620256,1.3481012658227849,36.69073336874397,0.7075151934462012
2.510126582278481,1.3481012658227849,36.398142577366414,0.6960199353212935
2.5962025316455697,1.3481012658227849,36.839970147980296,0.7133033148376196
2.639240506329114,1.3481012658227849,37.01649120209647,0.7200390714984471
2.6822784810126583,1.3481012658227849,37.08220448261374,0.7225477175029942
2.725316455696203,1.3481012658227849,37.10790140393276,0.7235443999984508
2.768354430379747,1.3481012658227849,37.12882888707626,0.7243606506357002
2.8113924050632915,1.3481012658227849,37.14376524062899,0.7249521442393152
2.8544303797468356,1.3481012658227849,37.15090247206076,0.7252522679997608
2.8974683544303796,1.3481012658227849,37.156512831346504,0.7254975707441846
2.9835443037974683,1.3481012658227849,37.16787684528573,0.7259981398008584
3.026582278481013,1.3481012658227849,37.17546596015574,0.7263308643509498
2.940506329113924,1.3481012658227849,37.16232705035157,0.7257560685278368
3.069620253164557,1.3481012658227849,37.182217300467585,0.7266203755476528
3.1126582278481014,1.3481012658227849,37.1883145150628,0.7268824732049991
3.1556962025316455,1.3481012658227849,37.19521574281895,0.7271826756675054
3.19873417721519,1.3481012658227849,37.20149531362828,0.7274535373811856
3.241772151898734,1.3481012658227849,37.20797795281198,0.7277423642564756
3.2848101265822787,1.3481012658227849,37.21269571304914,0.7279455073719671
3.3278481012658228,1.3481012658227849,37.21796300659297,0.728174282026421
3.3708860759493673,1.3481012658227849,37.22244983916589,0.7283723274616749
3.4139240506329114,1.3481012658227849,37.2266238137328,0.7285557527933053
3.456962025316456,1.3481012658227849,37.231864001488105,0.7287942500685145
0.1,1.3911392405063292,27.797995453546548,0.199448238391731
3.5,1.3481012658227849,37.23530749818026,0.7289435968953211
0.1860759493670886,1.3911392405063292,27.79514164911607,0.19950334748483273
0.2291139240506329,1.3911392405063292,27.79448798364247,0.1995676440445573
0.14303797468354432,1.3911392405063292,27.79888355922264,0.19946140131444143
0.31518987341772153,1.3911392405063292,27.795292698683117,0.19957590957562424
0.2721518987341772,1.3911392405063292,27.794285409285266,0.19951023415557825
0.35822784810126584,1.3911392405063292,27.78855287237485,0.19950575039022492
0.40126582278481016,1.3911392405063292,27.785923611737825,0.19950381252669244
0.44430379746835447,1.3911392405063292,27.784235789333746,0.1995196173029789
0.4873417721518988,1.3911392405063292,27.783568703716774,0.19959091140092095
0.5303797468354431,1.3911392405063292,27.780254412699744,0.19960863344687574
0.5734177215189874,1.3911392405063292,27.779965442882176,0.19963043192894753
0.6164556962025316,1.3911392405063292,27.77766762108805,0.19954808435109747
0.7025316455696202,1.3911392405063292,27.736865340394854,0.19950049846716508
0.6594936708860759,1.3911392405063292,27.77539785286876,0.19955439378295034
0.7455696202531645,1.3911392405063292,27.63117846766859,0.19960207709562677
0.7886075949367088,1.3911392405063292,27.62016244448649,0.1995989302547791
0.8746835443037975,1.3911392405063292,27.507355505073924,0.19964931328837549
0.9607594936708861,1.3911392405063292,27.415994261519387,0.19953012168039358
0.8316455696202532,1.3911392405063292,27.5661686639755,0.19964485652077793
0.9177215189873418,1.3911392405063292,27.470235215194393,0.1996628778514453
1.0468354430379747,1.3911392405063292,27.378884814340463,0.1996589157233159
1.089873417721519,1.3911392405063292,27.373813334955404,0.19962474777759817
1.0037974683544304,1.3911392405063292,27.387511646521148,0.1995621530226994
1.1329113924050633,1.3911392405063292,27.371850033516626,0.19967405762485496
1.1759493670886076,1.3911392405063292,27.366098636902812,0.1994999231757265
1.2620253164556963,1.3911392405063292,27.3415359027916,0.19957944945907855
1.218987341772152,1.3911392405063292,27.36228346940351,0.19951916103404904
1.3050632911392406,1.3911392405063292,27.327441144182806,0.19962620911136508
1.3911392405063292,1.3911392405063292,27.25838447624712,0.1996525720599175
1.3481012658227849,1.3911392405063292,27.280143736612555,0.1996303122958932
1.4341772151898735,1.3911392405063292,27.191262138912744,0.19954353978709874
1.4772151898734178,1.3911392405063292,27.160582363361353,0.19963466468251503
1.5202531645569621,1.3911392405063292,27.05224288173616,0.1995562643344941
1.5632911392405064,1.3911392405063292,26.798529054412036,0.19966001615934326
1.649367088607595,1.3911392405063292,26.607571587052224,0.1997107690127703
1.6924050632911394,1.3911392405063292,26.490447136753108,0.1997515893447894
1.6063291139240508,1.3911392405063292,26.691163920086378,0.1995967234780022
1.7354430379746837,1.3911392405063292,26.37578910302308,0.19983175297414646
1.778481012658228,1.3911392405063292,26.256564255417743,0.1999522009101131
1.8215189873417723,1.3911392405063292,26.153553089734157,0.20002648471581821
1.8645569620253166,1.3911392405063292,26.71953769146968,0.23183158859349082
1.907594936708861,1.3911392405063292,27.919984048510077,0.2960035288105798
1.9506329113924052,1.3911392405063292,29.84676358025463,0.39600509876149453
2.036708860759494,1.3911392405063292,31.173979610561524,0.46236602621076583
1.9936708860759496,1.3911392405063292,30.455572152320556,0.42682306629469857
2.079746835443038,1.3911392405063292,31.743585030314975,0.48997140751176277
2.1227848101265825,1.3911392405063292,32.096556703764364,0.5067337013879175
2.1658227848101266,1.3911392405063292,32.939199276363155,0.5457027767650875
2.208860759493671,1.3911392405063292,33.80370852120392,0.5850668546687149
2.251898734177215,1.3911392405063292,34.46449541843849,0.6148383231420058
2.2949367088607597,1.3911392405063292,34.908082954320165,0.6342612828800294
2.337974683544304,1.3911392405063292,35.39346954849659,0.6551396645907978
2.4240506329113924,1.3911392405063292,35.74438600278186,0.6703510536826676
2.3810126582278484,1.3911392405063292,35.6360592742319,0.6658223707947788
2.467088607594937,1.3911392405063292,35.8457926416429,0.6745018616203085
2.510126582278481,1.3911392405063292,36.416929475001716,0.6972588946877344
2.5531645569620256,1.3911392405063292,36.708457707249586,0.7086920855595384
2.5962025316455697,1.3911392405063292,36.85873882100323,0.7145282580043634
2.639240506329114,1.3911392405063292,37.03483108963708,0.7212416763370328
2.6822784810126583,1.3911392405063292,37.099957538075884,0.7237178818061949
2.768354430379747,1.3911392405063292,37.14791343746424,0.7255864631461038
2.725316455696203,1.3911392405063292,37.12550184749581,0.7247083591597802
2.8113924050632915,1.3911392405063292,37.16212668873187,0.7261508496902094
2.8544303797468356,1.3911392405063292,37.168902313252445,0.726442132109237
2.940506329113924,1.3911392405063292,37.18151769038794,0.7269903571139307
2.8974683544303796,1.3911392405063292,37.175109777642554,0.7267132551025447
2.9835443037974683,1.3911392405063292,37.18786782204662,0.7272671936744083
3.026582278481013,1.3911392405063292,37.19560343744204,0.727604684919013
3.069620253164557,1.3911392405063292,37.200759933739576,0.7278265463082522
3.1126582278481014,1.3911392405063292,37.20985985753292,0.7282202510569856
3.1556962025316455,1.3911392405063292,37.21544440981934,0.7284621718188381
3.19873417721519,1.3911392405063292,37.22216247580642,0.7287536430095779
3.241772151898734,1.3911392405063292,37.22762863613431,0.7289933970123826
3.2848101265822787,1.3911392405063292,37.23306342986427,0.7292353233789475
3.3278481012658228,1.3911392405063292,37.23798861407918,0.7294467770013248
3.3708860759493673,1.3911392405063292,37.2432463073618,0.7296857460569895
3.4139240506329114,1.3911392405063292,37.247404561348255,0.7298669795072695
3.5,1.3911392405063292,37.25376895143864,0.7301438324102376
3.456962025316456,1.3911392405063292,37.25027070802281,0.7299903817540898
0.1,1.4341772151898735,27.80022469324922,0.19961279933653242
0.1860759493670886,1.4341772151898735,27.79654798185143,0.19961256427116608
0.14303797468354432,1.4341772151898735,27.800789561689395,0.19961379327489126
0.2291139240506329,1.4341772151898735,27.793994729577197,0.1996146253838214
0.2721518987341772,1.4341772151898735,27.79361322789513,0.19961490898551804
0.31518987341772153,1.4341772151898735,27.791967053890264,0.19954020614327878
0.40126582278481016,1.4341772151898735,27.788345526926665,0.1996340217945035
0.35822784810126584,1.4341772151898735,27.789323695631428,0.19962798605427204
0.44430379746835447,1.4341772151898735,27.784298923295225,0.1995867471804239
0.4873417721518988,1.4341772151898735,27.784536797251675,0.19966289530072184
0.5303797468354431,1.4341772151898735,27.78038220907082,0.19959113629359573
0.6164556962025316,1.4341772151898735,27.777156794054687,0.1995929779677708
0.5734177215189874,1.4341772151898735,27.779525366174283,0.19959223825532246
0.7025316455696202,1.4341772151898735,27.632113564531252,0.19955224161147284
0.6594936708860759,1.4341772151898735,27.6784350049415,0.19958273610257038
0.7455696202531645,1.4341772151898735,27.628275545933494,0.19968900057783925
0.7886075949367088,1.4341772151898735,27.61768214553906,0.19960327807604566
0.8746835443037975,1.4341772151898735,27.503710418534123,0.19954724023938955
0.8316455696202532,1.4341772151898735,27.563032661610464,0.19962750367226936
0.9177215189873418,1.4341772151898735,27.45421425167738,0.19963678702989315
0.9607594936708861,1.4341772151898735,27.415240977088434,0.19955762761589385
1.0037974683544304,1.4341772151898735,27.387923675044476,0.19965041262472746
1.089873417721519,1.4341772151898735,27.37429845656363,0.1996686150668046
1.0468354430379747,1.4341772151898735,27.378583015559897,0.19966934422857494
1.1329113924050633,1.4341772151898735,27.369482477883167,0.19955815592888654
1.1759493670886076,1.4341772151898735,27.369366837013665,0.1997066741692732
1.218987341772152,1.4341772151898735,27.363740781781868,0.1996242434004909
1.2620253164556963,1.4341772151898735,27.342119951160385,0.1996306344768832
1.3050632911392406,1.4341772151898735,27.32682842643439,0.19960376901598761
1.3481012658227849,1.4341772151898735,27.28014226223956,0.19962250197770934
1.3911392405063292,1.4341772151898735,27.256543805271352,0.19958971271928266
1.4772151898734178,1.4341772151898735,27.16097245350018,0.19967749846100458
1.4341772151898735,1.4341772151898735,27.191091951351286,0.19957792051130552
1.5202531645569621,1.4341772151898735,27.05213824111969,0.1995865963945137
1.5632911392405064,1.4341772151898735,26.798025591171246,0.19967076978962106
1.6063291139240508,1.4341772151898735,26.69336567088468,0.19974652784229954
1.649367088607595,1.4341772151898735,26.60759419917473,0.19976023556670242
1.6924050632911394,1.4341772151898735,26.489397538807992,0.19973244462462422
1.7354430379746837,1.4341772151898735,26.374657076030655,0.1998184138949408
1.778481012658228,1.4341772151898735,26.25653269101203,0.19999634856208115
1.8215189873417723,1.4341772151898735,26.15231142483239,0.20003650439128606
1.907594936708861,1.4341772151898735,27.924691678710516,0.2963222172083023
1.8645569620253166,1.4341772151898735,26.724478880686675,0.23216806594222442
1.9506329113924052,1.4341772151898735,29.853134704579382,0.3964149267672635
2.036708860759494,1.4341772151898735,31.182009594389335,0.46285459571543114
1.9936708860759496,1.4341772151898735,30.463783832448712,0.4273268553474066
2.079746835443038,1.4341772151898735,31.753213622364516,0.49055262630599883
2.1227848101265825,1.4341772151898735,32.10517410005894,0.5072437514438709
2.208860759493671,1.4341772151898735,33.83243393935796,0.5865908891537555
2.1658227848101266,1.4341772151898735,32.95172815707162,0.5464122990814086
2.251898734177215,1.4341772151898735,34.47424329811419,0.6154109732254776
2.337974683544304,1.4341772151898735,35.42891084122172,0.6569134591982287
2.2949367088607597,1.4341772151898735,34.91752514655485,0.6348134530157874
2.3810126582278484,1.4341772151898735,35.64427768305266,0.666312732945485
2.4240506329113924,1.4341772151898735,35.7524491685542,0.6708311302059256
2.467088607594937,1.4341772151898735,35.8538138121516,0.6749745605178994
2.510126582278481,1.4341772151898735,36.42492557168229,0.6977258047912647
2.5531645569620256,1.4341772151898735,36.71737932674495,0.7092046944652405
2.5962025316455697,1.4341772151898735,36.86731744828617,0.715019022086091
2.639240506329114,1.4341772151898735,37.04324615109718,0.7217286654678491
2.6822784810126583,1.4341772151898735,37.10904833244371,0.7242379057333055
2.725316455696203,1.4341772151898735,37.13518097867816,0.7252547989619367
2.768354430379747,1.4341772151898735,37.15722175103519,0.7261152696846753
2.8113924050632915,1.4341772151898735,37.17089929127434,0.7266499480103182
2.8544303797468356,1.4341772151898735,37.17750424006908,0.7269336831783778
3.026582278481013,1.4341772151898735,37.20505866511622,0.7281363173416393
2.940506329113924,1.4341772151898735,37.19142320419142,0.7275384100641574
2.9835443037974683,1.4341772151898735,37.19896330952889,0.7278723858569333
2.8974683544303796,1.4341772151898735,37.184087389469624,0.7272164175641075
3.069620253164557,1.4341772151898735,37.21343520117367,0.7284915231883952
3.1126582278481014,1.4341772151898735,37.21986121244413,0.7287708643675643
3.1556962025316455,1.4341772151898735,37.22755772010411,0.7291065681906964
3.19873417721519,1.4341772151898735,37.23278170465769,0.7293378838660867
3.241772151898734,1.4341772151898735,37.23908220337774,0.7296158996097013
3.2848101265822787,1.4341772151898735,37.24406594875559,0.7298340890099604
3.3278481012658228,1.4341772151898735,37.24845130641594,0.7300239370419019
3.3708860759493673,1.4341772151898735,37.25236070783999,0.7301933671853578
3.456962025316456,1.4341772151898735,37.25934981604049,0.7304966118714612
3.4139240506329114,1.4341772151898735,37.2558067967062,0.7303440189240862
0.1,1.4772151898734178,27.799996105610607,0.19965298622984556
3.5,1.4341772151898735,37.26273975910627,0.7306414140997123
0.14303797468354432,1.4772151898734178,27.800665036121963,0.19965460395415194
0.1860759493670886,1.4772151898734178,27.796562844869936,0.19966391546631532
0.2291139240506329,1.4772151898734178,27.795932947041226,0.19957818054079635
0.2721518987341772,1.4772151898734178,27.794588475874537,0.19967749417605254
0.35822784810126584,1.4772151898734178,27.789635489938547,0.1996120999314038
0.31518987341772153,1.4772151898734178,27.794144303584055,0.1996053698798783
0.40126582278481016,1.4772151898734178,27.78860900777107,0.19969347284636604
0.44430379746835447,1.4772151898734178,27.784889630939897,0.19968554009025632
0.4873417721518988,1.4772151898734178,27.784074717159726,0.19961454560013367
0.5303797468354431,1.4772151898734178,27.781444770497917,0.19962039911405316
0.5734177215189874,1.4772151898734178,27.775528163614922,0.19970122128044746
0.6164556962025316,1.4772151898734178,27.656956365953228,0.19956656531612108
0.6594936708860759,1.4772151898734178,27.638915969516347,0.1996956086775893
0.7025316455696202,1.4772151898734178,27.628789118976915,0.19956460137902515
0.7455696202531645,1.4772151898734178,27.625346627811123,0.19963083015570882
0.7886075949367088,1.4772151898734178,27.615739590576762,0.19973427251303433
0.8316455696202532,1.4772151898734178,27.5643239417292,0.19970455242982257
0.9177215189873418,1.4772151898734178,27.454940192678084,0.19970541956278642
0.8746835443037975,1.4772151898734178,27.487729708017476,0.1996067939136385
0.9607594936708861,1.4772151898734178,27.4150506294089,0.1995679151078006
1.0037974683544304,1.4772151898734178,27.388237401286204,0.19969180490026459
1.0468354430379747,1.4772151898734178,27.37665869875048,0.19956936481762969
1.089873417721519,1.4772151898734178,27.375581782401365,0.19974681496293875
1.1329113924050633,1.4772151898734178,27.370334106804833,0.19959449712192764
1.1759493670886076,1.4772151898734178,27.366130569404383,0.19956553386995396
1.218987341772152,1.4772151898734178,27.364661746496502,0.1996965927413556
1.2620253164556963,1.4772151898734178,27.3427135747091,0.19968017986345948
1.3050632911392406,1.4772151898734178,27.32676149395854,0.1996394789444646
1.3481012658227849,1.4772151898734178,27.27976809162579,0.19964151091080506
1.3911392405063292,1.4772151898734178,27.25833803147782,0.19971561161676854
1.4341772151898735,1.4772151898734178,27.19167934131524,0.19962713617345942
1.4772151898734178,1.4772151898734178,27.161187663961027,0.19970992335051177
1.5202531645569621,1.4772151898734178,27.05348053160408,0.19969210936633278
1.5632911392405064,1.4772151898734178,26.7994625303637,0.19977877779904837
1.6063291139240508,1.4772151898734178,26.69226010348398,0.19970684416240703
1.6924050632911394,1.4772151898734178,26.489620470645857,0.19977709988272135
1.649367088607595,1.4772151898734178,26.60669796566386,0.19973753051992738
1.7354430379746837,1.4772151898734178,26.37593986916508,0.19992995683795994
1.778481012658228,1.4772151898734178,26.25594601470117,0.20000655710620233
1.8215189873417723,1.4772151898734178,26.151518032828836,0.20004227974493755
1.8645569620253166,1.4772151898734178,26.728145600983854,0.2324129776781522
1.907594936708861,1.4772151898734178,27.930250565192328,0.2966741557207854
1.9506329113924052,1.4772151898734178,29.86130246024822,0.39689379620750886
1.9936708860759496,1.4772151898734178,30.47007684859937,0.42770887536137836
2.036708860759494,1.4772151898734178,31.192319669694474,0.4634505329884671
2.079746835443038,1.4772151898734178,31.761180768000763,0.49102106716202454
2.1227848101265825,1.4772151898734178,32.11520222179807,0.5078183152111184
2.1658227848101266,1.4772151898734178,32.96559465833375,0.5471807985452787
2.208860759493671,1.4772151898734178,33.88545922882096,0.5892782642474051
2.251898734177215,1.4772151898734178,34.485535387694604,0.6160353395158549
2.2949367088607597,1.4772151898734178,34.93080702546726,0.6355237850677979
2.337974683544304,1.4772151898734178,35.45718508060402,0.6583163828929631
2.3810126582278484,1.4772151898734178,35.652828666368734,0.6667857603574099
2.467088607594937,1.4772151898734178,35.862363401186386,0.6754477096122391
2.4240506329113924,1.4772151898734178,35.75939075149652,0.6712260810895423
2.510126582278481,1.4772151898734178,36.43344617092507,0.6981978255532463
2.5531645569620256,1.4772151898734178,36.725473558255025,0.7096548784735793
2.5962025316455697,1.4772151898734178,36.87590539434297,0.7154903655081837
2.639240506329114,1.4772151898734178,37.05174319265478,0.7221911067784251
2.6822784810126583,1.4772151898734178,37.116489661911004,0.7246513012253506
2.725316455696203,1.4772151898734178,37.142802419027475,0.7256776967395246
2.8113924050632915,1.4772151898734178,37.17880123565474,0.7270860866859645
2.768354430379747,1.4772151898734178,37.16510368447973,0.7265459855503242
2.8544303797468356,1.4772151898734178,37.18627623364034,0.7274015970901508
2.8974683544303796,1.4772151898734178,37.19431015398211,0.7277516791970021
3.026582278481013,1.4772151898734178,37.214739714047916,0.7286413053112355
2.940506329113924,1.4772151898734178,37.20193216605357,0.7280855594065101
2.9835443037974683,1.4772151898734178,37.207627228256854,0.7283325005088714
3.069620253164557,1.4772151898734178,37.2241076474344,0.7290424599244391
3.1126582278481014,1.4772151898734178,37.23190059494124,0.7293879000991169
3.19873417721519,1.4772151898734178,37.24318958063434,0.7298793714495784
3.1556962025316455,1.4772151898734178,37.23776824735715,0.7296420800729109
3.241772151898734,1.4772151898734178,37.24835092324987,0.7301050895633319
3.2848101265822787,1.4772151898734178,37.253073358880684,0.7303107121482215
3.3278481012658228,1.4772151898734178,37.25716572474637,0.7304847793368333
3.3708860759493673,1.4772151898734178,37.260276663833885,0.7306216095114684
3.4139240506329114,1.4772151898734178,37.264719511125165,0.730814970881464
3.456962025316456,1.4772151898734178,37.26812443216429,0.7309627460683842
3.5,1.4772151898734178,37.272006071689596,0.7311265448728792
0.1,1.5202531645569621,27.80183144437458,0.19969119063023757
0.14303797468354432,1.5202531645569621,27.801571938303614,0.19961339852833473
0.1860759493670886,1.5202531645569621,27.796432199668057,0.19963557476533977
0.2291139240506329,1.5202531645569621,27.79547378855934,0.19963067342999452
0.2721518987341772,1.5202531645569621,27.795695824961324,0.19962791060590043
0.35822784810126584,1.5202531645569621,27.79101314735202,0.19963594848065905
0.31518987341772153,1.5202531645569621,27.79770973989415,0.19963147485877936
0.40126582278481016,1.5202531645569621,27.78724636538353,0.1996425802416084
0.44430379746835447,1.5202531645569621,27.785840311541783,0.19963805759553527
0.4873417721518988,1.5202531645569621,27.784111825024002,0.1996471421029386
0.5303797468354431,1.5202531645569621,27.765830069301163,0.199579636853282
0.5734177215189874,1.5202531645569621,27.650355347481906,0.1997090474750341
0.6164556962025316,1.5202531645569621,27.63789786582419,0.1996417844657447
0.6594936708860759,1.5202531645569621,27.631509477484414,0.19959721719659052
0.7025316455696202,1.5202531645569621,27.629523970778248,0.1997299724397383
0.7455696202531645,1.5202531645569621,27.622677522434508,0.19975469613740054
0.7886075949367088,1.5202531645569621,27.611307550497568,0.19961285077313654
0.8316455696202532,1.5202531645569621,27.5469924871686,0.19975973125104005
0.8746835443037975,1.5202531645569621,27.48742261629808,0.19963610682345223
0.9177215189873418,1.5202531645569621,27.453839636860348,0.19974875859294897
1.0037974683544304,1.5202531645569621,27.38713119199155,0.19969422284514143
0.9607594936708861,1.5202531645569621,27.416043740621138,0.19969541497894963
1.089873417721519,1.5202531645569621,27.373147629431568,0.19971287163008697
1.0468354430379747,1.5202531645569621,27.37765869088698,0.19969809665050753
1.1329113924050633,1.5202531645569621,27.371637801302782,0.1997222920964944
1.1759493670886076,1.5202531645569621,27.365811033047834,0.19960399176168345
1.218987341772152,1.5202531645569621,27.36334449328622,0.1996084862875503
1.2620253164556963,1.5202531645569621,27.342939630412552,0.19977228744526151
1.3050632911392406,1.5202531645569621,27.327253699414786,0.1997553795428532
1.3481012658227849,1.5202531645569621,27.280297012714687,0.19974403137678384
1.3911392405063292,1.5202531645569621,27.25804600855907,0.199771372437295
1.4341772151898735,1.5202531645569621,27.190094272958955,0.19963428812864328
1.4772151898734178,1.5202531645569621,27.159098092413736,0.1996581722056163
1.5202531645569621,1.5202531645569621,27.053214014224988,0.19975079835045614
1.5632911392405064,1.5202531645569621,26.796693587496247,0.19971797810286068
1.649367088607595,1.5202531645569621,26.604981370811636,0.19976642115886795
1.6063291139240508,1.5202531645569621,26.6925004390117,0.19979566871992463
1.7354430379746837,1.5202531645569621,26.375742001564056,0.199981424091065
1.6924050632911394,1.5202531645569621,26.48889437210903,0.1998131588934392
1.778481012658228,1.5202531645569621,26.254783093333767,0.20002070671771607
1.8645569620253166,1.5202531645569621,26.73640304997887,0.2329432287997629
1.8215189873417723,1.5202531645569621,26.150163194787506,0.20005684879229485
1.9506329113924052,1.5202531645569621,29.875176967089093,0.39771608240485334
1.907594936708861,1.5202531645569621,27.937739790653566,0.29715278622758323
1.9936708860759496,1.5202531645569621,30.480843696899854,0.4283683617620314
2.036708860759494,1.5202531645569621,31.202149792424375,0.4640498916997244
2.079746835443038,1.5202531645569621,31.772355267912577,0.4916892407317134
2.1227848101265825,1.5202531645569621,32.13091309095934,0.5087294101996719
2.208860759493671,1.5202531645569621,33.89800327340365,0.5900012486612295
2.1658227848101266,1.5202531645569621,32.978564964199116,0.5479384968077787
2.251898734177215,1.5202531645569621,34.49823474742972,0.6167564238372555
2.2949367088607597,1.5202531645569621,34.94910957292941,0.6365096729845887
2.337974683544304,1.5202531645569621,35.51082256258385,0.6609541204778653
2.3810126582278484,1.5202531645569621,35.6634241931157,0.6674014614741336
2.4240506329113924,1.5202531645569621,35.77063930604997,0.6718746934257237
2.510126582278481,1.5202531645569621,36.443703961404374,0.6987957992457268
2.467088607594937,1.5202531645569621,35.87404566359413,0.6761164718573044
2.5531645569620256,1.5202531645569621,36.73654961401558,0.7102861422675931
2.5962025316455697,1.5202531645569621,36.88598791343224,0.7160758369705792
2.639240506329114,1.5202531645569621,37.06348571758253,0.7228486754359195
2.6822784810126583,1.5202531645569621,37.12844808165782,0.7253255498328116
2.725316455696203,1.5202531645569621,37.15525291712722,0.7263602164492022
2.768354430379747,1.5202531645569621,37.17544950380031,0.7271398717375731
2.8113924050632915,1.5202531645569621,37.18957507073829,0.727700701445145
2.8544303797468356,1.5202531645569621,37.1995444900936,0.7281295748813982
2.8974683544303796,1.5202531645569621,37.205377893388516,0.7283784900238758
2.940506329113924,1.5202531645569621,37.213776963746824,0.728748418776769
3.026582278481013,1.5202531645569621,37.23202543051464,0.7295440129410943
2.9835443037974683,1.5202531645569621,37.221917120632206,0.7291076271565546
3.069620253164557,1.5202531645569621,37.23877123344442,0.7298387956309818
3.1126582278481014,1.5202531645569621,37.24524580063802,0.7301186139407231
3.1556962025316455,1.5202531645569621,37.251325895896514,0.7303816340174654
3.19873417721519,1.5202531645569621,37.25526394700748,0.7305470738076956
3.241772151898734,1.5202531645569621,37.259876876357716,0.7307472524986902
3.2848101265822787,1.5202531645569621,37.264664976596904,0.7309543966124643
3.3708860759493673,1.5202531645569621,37.272696264284235,0.7312979608678358
3.3278481012658228,1.5202531645569621,37.26803870130009,0.7311005224973594
3.4139240506329114,1.5202531645569621,37.275838773230674,0.731434454397946
3.456962025316456,1.5202531645569621,37.279092350579575,0.7315691690008804
3.5,1.5202531645569621,37.2825480595834,0.731715493883612
0.1,1.5632911392405064,27.803017189317558,0.19966154525219892
0.1860759493670886,1.5632911392405064,27.80101732572174,0.19972828723097655
0.14303797468354432,1.5632911392405064,27.803238428784127,0.19966510092004672
0.2291139240506329,1.5632911392405064,27.797626774074555,0.19966416938086817
0.2721518987341772,1.5632911392405064,27.79705039815033,0.1996675962749719
0.31518987341772153,1.5632911392405064,27.797310765652167,0.19966741324333262
0.35822784810126584,1.5632911392405064,27.791155741875446,0.1996715813392236
0.40126582278481016,1.5632911392405064,27.787967588110565,0.19966336713920685
0.44430379746835447,1.5632911392405064,27.78569129671301,0.19967179342265506
0.5303797468354431,1.5632911392405064,27.64123064236122,0.19968215470699657
0.5734177215189874,1.5632911392405064,27.638662682252868,0.19969198629827847
0.6164556962025316,1.5632911392405064,27.63535444343377,0.19969163615665936
0.4873417721518988,1.5632911392405064,27.736754772341598,0.1997425955787372
0.6594936708860759,1.5632911392405064,27.632014560177993,0.19975522585131691
0.7025316455696202,1.5632911392405064,27.623546991054198,0.19967336748007988
0.7455696202531645,1.5632911392405064,27.602976054331116,0.19965344713298036
0.7886075949367088,1.5632911392405064,27.598081326331723,0.19973693357312455
0.8316455696202532,1.5632911392405064,27.545828595385846,0.1997454515247066
0.8746835443037975,1.5632911392405064,27.486044928630257,0.1996211343561373
0.9177215189873418,1.5632911392405064,27.451628611487582,0.19971207858088483
0.9607594936708861,1.5632911392405064,27.4155837237353,0.19974270668975533
1.0037974683544304,1.5632911392405064,27.387276246579308,0.19978318571467596
1.089873417721519,1.5632911392405064,27.373697183695356,0.19977096888382814
1.0468354430379747,1.5632911392405064,27.375754242378573,0.19967088449079998
1.1329113924050633,1.5632911392405064,27.369895780843198,0.19970671961728517
1.1759493670886076,1.5632911392405064,27.366605304801173,0.1996876337231205
1.218987341772152,1.5632911392405064,27.363724570042393,0.19972258573310545
1.2620253164556963,1.5632911392405064,27.34052709823615,0.19971358565443453
1.3050632911392406,1.5632911392405064,27.324136380751483,0.19963181530022292
1.3481012658227849,1.5632911392405064,27.277650825358858,0.1996786300604323
1.3911392405063292,1.5632911392405064,27.255602964111834,0.1996921866420983
1.4341772151898735,1.5632911392405064,27.191175378505836,0.19977831901699425
1.4772151898734178,1.5632911392405064,27.16104956268412,0.19983747248418407
1.5202531645569621,1.5632911392405064,27.052238454762808,0.1997927284482653
1.6063291139240508,1.5632911392405064,26.691463678258618,0.1998049902363213
1.649367088607595,1.5632911392405064,26.604300146794735,0.19984061939572148
1.5632911392405064,1.5632911392405064,26.795477833391267,0.19978264703320703
1.6924050632911394,1.5632911392405064,26.488928989438502,0.19990492624297765
1.7354430379746837,1.5632911392405064,26.37403610907667,0.19998658691262003
1.778481012658228,1.5632911392405064,26.252592683878923,0.20001438274685976
1.8645569620253166,1.5632911392405064,26.74784299621913,0.2336681114555666
1.8215189873417723,1.5632911392405064,26.148382023537494,0.20008240803583233
1.907594936708861,1.5632911392405064,27.949131824175435,0.2978714703109465
1.9506329113924052,1.5632911392405064,29.89000107717338,0.3986038674260215
1.9936708860759496,1.5632911392405064,30.4930451331729,0.42911177688222124
2.036708860759494,1.5632911392405064,31.218411120519907,0.4649915050716367
2.079746835443038,1.5632911392405064,31.79042356971968,0.49274315401518043
2.1227848101265825,1.5632911392405064,32.14411198040379,0.5095140081054563
2.1658227848101266,1.5632911392405064,33.008971707158594,0.5495692249564947
2.208860759493671,1.5632911392405064,33.91164400459969,0.5907938312966056
2.251898734177215,1.5632911392405064,34.512855968250285,0.6175998904149975
2.2949367088607597,1.5632911392405064,34.98893859288601,0.6385353548723066
2.337974683544304,1.5632911392405064,35.52268670538832,0.661654465345266
2.4240506329113924,1.5632911392405064,35.78403026123835,0.6726471866926695
2.3810126582278484,1.5632911392405064,35.676132033690116,0.6681446766870797
2.467088607594937,1.5632911392405064,35.88617303888867,0.6768268775891048
2.510126582278481,1.5632911392405064,36.45670262377195,0.6995480124819382
2.5962025316455697,1.5632911392405064,36.899886214247346,0.7168714373912637
2.5531645569620256,1.5632911392405064,36.749879266041056,0.7110504369318402
2.639240506329114,1.5632911392405064,37.07771541334466,0.723657693646809
2.6822784810126583,1.5632911392405064,37.14244499693239,0.7261165961647026
2.725316455696203,1.5632911392405064,37.16898374466645,0.7271432622237736
2.768354430379747,1.5632911392405064,37.18935522281979,0.7279233212693704
2.8113924050632915,1.5632911392405064,37.20546104417085,0.7285728767681657
2.8544303797468356,1.5632911392405064,37.213976154399674,0.7289331818140669
2.8974683544303796,1.5632911392405064,37.22365961418602,0.7293625093647247
2.940506329113924,1.5632911392405064,37.230951433576486,0.7296831189514509
2.9835443037974683,1.5632911392405064,37.23953165573282,0.7300518089684026
3.026582278481013,1.5632911392405064,37.24749561066748,0.7303937171855541
3.069620253164557,1.5632911392405064,37.25447181951067,0.7306906614575993
3.1126582278481014,1.5632911392405064,37.2592828319013,0.730895994371486
3.1556962025316455,1.5632911392405064,37.26431848953409,0.7311107639735929
3.19873417721519,1.5632911392405064,37.269374057895476,0.7313301578846729
3.241772151898734,1.5632911392405064,37.27415870473579,0.7315343595128643
3.3278481012658228,1.5632911392405064,37.28217288707107,0.7318766353132413
3.2848101265822787,1.5632911392405064,37.27682978262204,0.7316466730554837
3.4139240506329114,1.5632911392405064,37.289671466251,0.7321958363571969
3.456962025316456,1.5632911392405064,37.29281012705987,0.7323303379126148
3.3708860759493673,1.5632911392405064,37.28537528443959,0.7320129416988589
0.14303797468354432,1.6063291139240508,27.80155522633982,0.19971120384882812
3.5,1.5632911392405064,37.29522062458461,0.7324324045791691
0.1,1.6063291139240508,27.804035314208583,0.1997020183120542
0.1860759493670886,1.6063291139240508,27.802215371627227,0.19977224364096255
0.2291139240506329,1.6063291139240508,27.799318139530723,0.19977485361596006
0.2721518987341772,1.6063291139240508,27.799504140375113,0.19971290958958277
0.31518987341772153,1.6063291139240508,27.79758480554121,0.19977965327373132
0.35822784810126584,1.6063291139240508,27.79250379754359,0.19978467915669312
0.44430379746835447,1.6063291139240508,27.712433037922402,0.19971262183141356
0.4873417721518988,1.6063291139240508,27.64296766479844,0.19977718277361242
0.40126582278481016,1.6063291139240508,27.785906147248035,0.19970846962356575
0.5303797468354431,1.6063291139240508,27.637112407554,0.19962627027318627
0.6164556962025316,1.6063291139240508,27.632818737466938,0.19975252552052208
0.5734177215189874,1.6063291139240508,27.634025215877287,0.1996625952919501
0.6594936708860759,1.6063291139240508,27.62955491632085,0.19974608535870642
0.7025316455696202,1.6063291139240508,27.609939432888975,0.19978075071377493
0.7455696202531645,1.6063291139240508,27.603913945353423,0.19974383170683482
0.7886075949367088,1.6063291139240508,27.595829782581262,0.19969775745705842
0.8316455696202532,1.6063291139240508,27.54416639359702,0.1997005828653566
0.8746835443037975,1.6063291139240508,27.487214895386664,0.19976326184614832
0.9177215189873418,1.6063291139240508,27.450279374036842,0.1996570482286456
0.9607594936708861,1.6063291139240508,27.41467320678949,0.1997348880764029
1.0037974683544304,1.6063291139240508,27.385183434249782,0.19967809401074674
1.0468354430379747,1.6063291139240508,27.376871572995864,0.19976502263659282
1.089873417721519,1.6063291139240508,27.37318372330624,0.19976709990602065
1.1329113924050633,1.6063291139240508,27.370898314734063,0.19979305140261652
1.1759493670886076,1.6063291139240508,27.3676243866609,0.1998120329188343
1.218987341772152,1.6063291139240508,27.36502838310643,0.19983124240300265
1.2620253164556963,1.6063291139240508,27.339513257264066,0.19967249763649655
1.3050632911392406,1.6063291139240508,27.32604446960672,0.1997825162030587
1.3481012658227849,1.6063291139240508,27.277501335295405,0.1997136495686185
1.3911392405063292,1.6063291139240508,27.256057960334243,0.19975490677944402
1.4341772151898735,1.6063291139240508,27.190401482065457,0.19978195960776418
1.4772151898734178,1.6063291139240508,27.160170339322015,0.19981391299819792
1.5632911392405064,1.6063291139240508,26.797475069595123,0.19996345777920183
1.5202531645569621,1.6063291139240508,27.05207836546543,0.19984920292920388
1.6063291139240508,1.6063291139240508,26.69297631760899,0.19993850715339387
1.649367088607595,1.6063291139240508,26.605820195310077,0.19998275243164998
1.6924050632911394,1.6063291139240508,26.489579591466068,0.19997695117471606
1.7354430379746837,1.6063291139240508,26.371959126505047,0.19996385787355384
1.778481012658228,1.6063291139240508,26.250951711420075,0.2000220156042096
1.8215189873417723,1.6063291139240508,26.146104476559664,0.2000628645713246
1.8645569620253166,1.6063291139240508,26.757200332783842,0.23424678584081154
1.907594936708861,1.6063291139240508,27.958669580577627,0.29845234507089824
1.9506329113924052,1.6063291139240508,29.90507760098092,0.3994595186562662
1.9936708860759496,1.6063291139240508,30.50297866190679,0.42970491914074116
2.036708860759494,1.6063291139240508,31.236332082097114,0.4659968680011644
2.1227848101265825,1.6063291139240508,32.15887610011631,0.5103388492864029
2.079746835443038,1.6063291139240508,31.802496848785594,0.4934340858455277
2.1658227848101266,1.6063291139240508,33.063847805329075,0.5523718252541219
2.208860759493671,1.6063291139240508,33.92769366191835,0.5916808633954572
2.251898734177215,1.6063291139240508,34.53017047484515,0.6185320704960741
2.2949367088607597,1.6063291139240508,35.062526996471,0.642095231191433
2.337974683544304,1.6063291139240508,35.534214813403466,0.6623042893309211
2.3810126582278484,1.6063291139240508,35.688483870382576,0.6688375178149567
2.4240506329113924,1.6063291139240508,35.79748294494747,0.6733921410641487
2.467088607594937,1.6063291139240508,35.89987240170376,0.6775884237737592
2.510126582278481,1.6063291139240508,36.469904896550325,0.7002842144228111
2.5962025316455697,1.6063291139240508,36.912544384096726,0.7175730628781453
2.5531645569620256,1.6063291139240508,36.76385726710612,0.7118181393280733
2.639240506329114,1.6063291139240508,37.08978593179079,0.7243255533162353
2.6822784810126583,1.6063291139240508,37.153763396067234,0.7267476891273722
2.768354430379747,1.6063291139240508,37.20409806334264,0.7287108286862395
2.725316455696203,1.6063291139240508,37.18102951244807,0.7277983962828111
2.8113924050632915,1.6063291139240508,37.22006396443978,0.7293476077599329
2.8974683544303796,1.6063291139240508,37.237917916108664,0.7301225200080468
2.8544303797468356,1.6063291139240508,37.23031677128203,0.7297868255219006
2.940506329113924,1.6063291139240508,37.24617525065968,0.7304783409428512
2.9835443037974683,1.6063291139240508,37.254938426798105,0.7308527688444104
3.026582278481013,1.6063291139240508,37.26117935493639,0.7311163178461981
3.069620253164557,1.6063291139240508,37.2662676140635,0.7313280866449319
3.1126582278481014,1.6063291139240508,37.27208342968003,0.7315791734631475
3.1556962025316455,1.6063291139240508,37.27729904719946,0.731799908760701
3.19873417721519,1.6063291139240508,37.281884967576794,0.7319963536346311
3.3278481012658228,1.6063291139240508,37.29405271082714,0.7325168997206357
3.241772151898734,1.6063291139240508,37.28508451021115,0.7321341275727462
3.2848101265822787,1.6063291139240508,37.29007776703266,0.7323414815374176
3.3708860759493673,1.6063291139240508,37.29767165434908,0.7326700467667107
3.4139240506329114,1.6063291139240508,37.30131764031219,0.7328237276002799
0.1,1.649367088607595,27.81030991685986,0.1998543764066817
3.456962025316456,1.6063291139240508,37.304529974738955,0.7329630967957698
0.14303797468354432,1.649367088607595,27.80877640540533,0.19985276451834014
0.2291139240506329,1.649367088607595,27.80523437064266,0.19985927417782023
3.5,1.6063291139240508,37.3071381719478,0.7330740581378196
0.1860759493670886,1.649367088607595,27.80595180368159,0.19986319768077818
0.2721518987341772,1.649367088607595,27.80372846332944,0.1998590859096579
0.31518987341772153,1.649367088607595,27.805114909766296,0.1998656784346332
0.40126582278481016,1.649367088607595,27.71017829447258,0.19985793109324584
0.44430379746835447,1.649367088607595,27.645781018763383,0.19989282457237093
0.35822784810126584,1.649367088607595,27.77711773235954,0.19986731211922126
0.4873417721518988,1.649367088607595,27.642819117149035,0.1999404176708942
0.5303797468354431,1.649367088607595,27.641724040558213,0.19994696753465035
0.5734177215189874,1.649367088607595,27.638118449416677,0.19990396829422685
0.6594936708860759,1.649367088607595,27.6165448545162,0.19995962411942333
0.6164556962025316,1.649367088607595,27.63390034799351,0.1999045117103409
0.7025316455696202,1.649367088607595,27.61111352530617,0.1999468358851592
0.7455696202531645,1.649367088607595,27.607345106546866,0.1999740682379632
0.8316455696202532,1.649367088607595,27.547745750274427,0.19996079926021917
0.7886075949367088,1.649367088607595,27.598913513463067,0.19992908053877845
0.9177215189873418,1.649367088607595,27.452624237361242,0.1998796904565448
0.8746835443037975,1.649367088607595,27.489824367715435,0.19995076601362893
0.9607594936708861,1.649367088607595,27.416185070018663,0.19988432656006214
1.0037974683544304,1.649367088607595,27.38918426736807,0.1999643106429335
1.0468354430379747,1.649367088607595,27.378666606587746,0.19992565522941783
1.089873417721519,1.649367088607595,27.3756104241211,0.19996584615375596
1.1329113924050633,1.649367088607595,27.37289468059899,0.1999567395079258
1.1759493670886076,1.649367088607595,27.37002876967429,0.19996749346071552
1.218987341772152,1.649367088607595,27.36726354634623,0.1999681853936358
1.2620253164556963,1.649367088607595,27.343746164655155,0.19998202258447167
1.3050632911392406,1.649367088607595,27.328185893836896,0.19996279943608472
1.3481012658227849,1.649367088607595,27.280049864068065,0.19996101223459176
1.3911392405063292,1.649367088607595,27.257713310631402,0.1999539569066318
1.4772151898734178,1.649367088607595,27.161334984870436,0.19997877031948974
1.5202531645569621,1.649367088607595,27.05075833985397,0.19997600903307622
1.4341772151898735,1.649367088607595,27.191353415494987,0.19996000732472827
1.5632911392405064,1.649367088607595,26.79393156206863,0.19998246546334633
1.6063291139240508,1.649367088607595,26.690744510255062,0.19998804926286265
1.649367088607595,1.649367088607595,26.600927110668714,0.19999170287749377
1.6924050632911394,1.649367088607595,26.484454002200472,0.199968357812841
1.7354430379746837,1.649367088607595,26.367631200050713,0.1999544583542549
1.778481012658228,1.649367088607595,26.24638094265504,0.20004069390797766
1.8215189873417723,1.649367088607595,26.143177655216224,0.20016745618278303
1.8645569620253166,1.649367088607595,26.783091502541904,0.2358403833331389
1.907594936708861,1.649367088607595,27.9845054461914,0.3000291272489129
1.9506329113924052,1.649367088607595,29.93489252106609,0.4012403186962932
1.9936708860759496,1.649367088607595,30.533869581130002,0.43154597793281896
2.036708860759494,1.649367088607595,31.267737565886858,0.46784746363849067
2.079746835443038,1.649367088607595,31.833311327196665,0.495252908416386
2.1227848101265825,1.649367088607595,32.20970430522568,0.5131407196384828
2.208860759493671,1.649367088607595,33.95662838322764,0.5933736965934794
2.1658227848101266,1.649367088607595,33.09451057813586,0.5541616019013678
2.337974683544304,1.649367088607595,35.56382084804779,0.6640332045809758
2.251898734177215,1.649367088607595,34.56503659398363,0.6205026209530478
2.2949367088607597,1.649367088607595,35.09186683561292,0.6438063573053805
2.3810126582278484,1.649367088607595,35.719007229444784,0.6706035865878519
2.4240506329113924,1.649367088607595,35.827142005161555,0.6751127973739204
2.467088607594937,1.649367088607595,35.92831057086273,0.6792414358357254
2.510126582278481,1.649367088607595,36.49910985336844,0.7019672705872505
2.5531645569620256,1.649367088607595,36.79191793780205,0.7134458431071913
2.5962025316455697,1.649367088607595,36.94053722741736,0.7191891859429084
2.639240506329114,1.649367088607595,37.1170916851293,0.7259128267921556
2.6822784810126583,1.649367088607595,37.18407589726428,0.7284705355581363
2.725316455696203,1.649367088607595,37.21214726988409,0.7295632449004613
2.8544303797468356,1.649367088607595,37.26171547852894,0.7315607459043758
2.768354430379747,1.649367088607595,37.23437260442838,0.7304301783055268
2.8113924050632915,1.649367088607595,37.251553016766,0.7311244885864129
2.8974683544303796,1.649367088607595,37.269447682829615,0.7318938193224772
2.940506329113924,1.649367088607595,37.27697865340377,0.732217282113359
2.9835443037974683,1.649367088607595,37.28402422452982,0.7325149986500823
3.026582278481013,1.649367088607595,37.291172968377154,0.732821429189686
3.069620253164557,1.649367088607595,37.296518778472645,0.7330472470297352
3.1126582278481014,1.649367088607595,37.30132963168424,0.733244892611156
3.1556962025316455,1.649367088607595,37.30651359666149,0.7334643034785205
3.19873417721519,1.649367088607595,37.31113197381237,0.7336668989200738
3.241772151898734,1.649367088607595,37.31429198384116,0.7337997398349124
3.2848101265822787,1.649367088607595,37.31886017904143,0.7339889937892347
3.3278481012658228,1.649367088607595,37.32253531415853,0.7341458312440675
3.3708860759493673,1.649367088607595,37.326547547005205,0.7343174550028186
3.4139240506329114,1.649367088607595,37.32871961495763,0.7344065958864099
3.456962025316456,1.649367088607595,37.330787852091284,0.7344874710445257
0.1,1.6924050632911394,27.81272784976955,0.19991937807740426
0.14303797468354432,1.6924050632911394,27.811467229169434,0.19991203578426897
0.1860759493670886,1.6924050632911394,27.808355718494337,0.1999111063214618
3.5,1.649367088607595,37.333815028875485,0.7346147684286338
0.2291139240506329,1.6924050632911394,27.807723755069457,0.19992090282264527
0.2721518987341772,1.6924050632911394,27.80879954682649,0.19994130338212768
0.31518987341772153,1.6924050632911394,27.77976524290246,0.19991270311598655
0.35822784810126584,1.6924050632911394,27.656984777795472,0.19993965288471227
0.40126582278481016,1.6924050632911394,27.646402175421084,0.19994061122163387
0.44430379746835447,1.6924050632911394,27.643525403666725,0.19991706136194462
0.4873417721518988,1.6924050632911394,27.640536933098748,0.19991995270563304
0.5303797468354431,1.6924050632911394,27.639467847300676,0.19994454937719433
0.5734177215189874,1.6924050632911394,27.635958970221843,0.19994365403949552
0.6164556962025316,1.6924050632911394,27.619333833420416,0.19996708516369696
0.6594936708860759,1.6924050632911394,27.61641397684427,0.19993502020453907
0.7886075949367088,1.6924050632911394,27.599189347235484,0.19995565515290695
0.7025316455696202,1.6924050632911394,27.611442846803886,0.19995620058445854
0.7455696202531645,1.6924050632911394,27.607649318942574,0.19996696294129618
0.8316455696202532,1.6924050632911394,27.547265064277244,0.19997709996881013
0.9177215189873418,1.6924050632911394,27.454248921167387,0.19995674404188318
0.8746835443037975,1.6924050632911394,27.489383431867285,0.19996610567548415
1.0037974683544304,1.6924050632911394,27.388425269020857,0.1999383153731417
0.9607594936708861,1.6924050632911394,27.416690960479517,0.19994888039767936
1.0468354430379747,1.6924050632911394,27.37916413650508,0.19996716038915974
1.089873417721519,1.6924050632911394,27.375651847410786,0.1999731663585966
1.1329113924050633,1.6924050632911394,27.372933048222393,0.1999590139572845
1.1759493670886076,1.6924050632911394,27.369732760930937,0.19995950556888517
1.218987341772152,1.6924050632911394,27.36694371629268,0.1999763281213296
1.2620253164556963,1.6924050632911394,27.34302944329305,0.19997684279920766
1.3050632911392406,1.6924050632911394,27.327704545763755,0.1999867621182777
1.3911392405063292,1.6924050632911394,27.25646220106883,0.1999848825527496
1.4772151898734178,1.6924050632911394,27.160419425494148,0.19997243284027022
1.3481012658227849,1.6924050632911394,27.279100053767145,0.1999837806026984
1.4341772151898735,1.6924050632911394,27.18896803379524,0.19997130093210963
1.5202531645569621,1.6924050632911394,27.04764497968991,0.19997149461225017
1.5632911392405064,1.6924050632911394,26.78990373756674,0.1999736184274174
1.6063291139240508,1.6924050632911394,26.688020611134874,0.19997641503154637
1.649367088607595,1.6924050632911394,26.594306230984802,0.19997545436555636
1.6924050632911394,1.6924050632911394,26.48175078738441,0.19995645270006845
1.7354430379746837,1.6924050632911394,26.365572835773833,0.20001456892158825
1.778481012658228,1.6924050632911394,26.244821748617362,0.20017079953653477
1.8215189873417723,1.6924050632911394,26.13968511002424,0.20023708669117413
1.8645569620253166,1.6924050632911394,26.81014533279622,0.23746264107399634
1.907594936708861,1.6924050632911394,28.01452458988352,0.30180666867278516
1.9936708860759496,1.6924050632911394,30.56243154703675,0.43322159007099187
1.9506329113924052,1.6924050632911394,29.968633437161245,0.40319662957717656
2.036708860759494,1.6924050632911394,31.302052569573668,0.46979455829363986
2.1658227848101266,1.6924050632911394,33.12554465148839,0.5559344384529238
2.079746835443038,1.6924050632911394,31.86196423423067,0.49691603467682466
2.208860759493671,1.6924050632911394,33.986606782564664,0.595088639427006
2.1227848101265825,1.6924050632911394,32.239470730975,0.5148592465835573
2.251898734177215,1.6924050632911394,34.62145391326268,0.6234685103951668
2.2949367088607597,1.6924050632911394,35.1228197750048,0.6455660167417956
2.337974683544304,1.6924050632911394,35.59591371142538,0.6658464659917167
2.3810126582278484,1.6924050632911394,35.75004999072071,0.6723649999748312
2.4240506329113924,1.6924050632911394,35.85537519744223,0.676735637049227
2.467088607594937,1.6924050632911394,35.95711793194031,0.6808897901166268
2.510126582278481,1.6924050632911394,36.528947615918774,0.7036605562260277
2.5962025316455697,1.6924050632911394,36.97118452406772,0.7209202299466237
2.5531645569620256,1.6924050632911394,36.82194236169014,0.7151518377830166
2.639240506329114,1.6924050632911394,37.14947674587259,0.7277183637393183
2.6822784810126583,1.6924050632911394,37.21638065274068,0.7302697145515342
2.725316455696203,1.6924050632911394,37.2464237139369,0.7314526707727955
2.768354430379747,1.6924050632911394,37.2691305041515,0.7323408612272413
2.8113924050632915,1.6924050632911394,37.28547664150617,0.7329947270564412
2.8544303797468356,1.6924050632911394,37.29470699459245,0.7333857855442053
2.8974683544303796,1.6924050632911394,37.30177861413146,0.7336844582546516
2.940506329113924,1.6924050632911394,37.308786403459095,0.7339823876263063
3.026582278481013,1.6924050632911394,37.321917938286056,0.7345418935051828
2.9835443037974683,1.6924050632911394,37.31570460148855,0.7342754038970559
3.069620253164557,1.6924050632911394,37.32712932625048,0.7347605406731477
3.1126582278481014,1.6924050632911394,37.33293140457159,0.7350089006664593
3.1556962025316455,1.6924050632911394,37.33688239898592,0.7351721503009264
3.19873417721519,1.6924050632911394,37.34073435892028,0.7353371255054797
3.241772151898734,1.6924050632911394,37.34494669229359,0.7355118399265819
3.3278481012658228,1.6924050632911394,37.35171865973904,0.735793003777543
3.2848101265822787,1.6924050632911394,37.34889265570721,0.7356728542268499
0.1,1.7354430379746837,27.814591979152723,0.1999391000904887
3.456962025316456,1.6924050632911394,37.36126470213938,0.7361945347970557
3.4139240506329114,1.6924050632911394,37.358066413402845,0.7360614250222566
3.3708860759493673,1.6924050632911394,37.354737382926615,0.735920008586705
3.5,1.6924050632911394,37.364569308598114,0.7363366506812382
0.1860759493670886,1.7354430379746837,27.812138679809447,0.1999388814890545
0.14303797468354432,1.7354430379746837,27.814838248115002,0.19994168519115552
0.2291139240506329,1.7354430379746837,27.810485521389545,0.19994196490610455
0.2721518987341772,1.7354430379746837,27.760856627322173,0.1999430040101697
0.31518987341772153,1.7354430379746837,27.649751159344998,0.19994281882417414
0.35822784810126584,1.7354430379746837,27.64534058641838,0.1999432913337151
0.40126582278481016,1.7354430379746837,27.6434579015335,0.1999441828966326
0.44430379746835447,1.7354430379746837,27.64389623458788,0.19995011314956956
0.4873417721518988,1.7354430379746837,27.639455194677364,0.1999491589414674
0.5303797468354431,1.7354430379746837,27.622771977541266,0.19994986217182495
0.6164556962025316,1.7354430379746837,27.619831408401712,0.1999659918586042
0.6594936708860759,1.7354430379746837,27.616549176096058,0.1999538650533369
0.7025316455696202,1.7354430379746837,27.611429605446283,0.19997622476103788
0.7886075949367088,1.7354430379746837,27.599396559897862,0.19997776283729168
0.8316455696202532,1.7354430379746837,27.547100167801908,0.19998079789639744
0.5734177215189874,1.7354430379746837,27.620863323957487,0.1999750075408688
0.8746835443037975,1.7354430379746837,27.48919620983471,0.1999528386658037
0.7455696202531645,1.7354430379746837,27.607040244582727,0.199965249407907
0.9177215189873418,1.7354430379746837,27.454171557382324,0.199980189350267
0.9607594936708861,1.7354430379746837,27.417378790529668,0.19997856467202416
1.0468354430379747,1.7354430379746837,27.379091941669433,0.1999763028913466
1.0037974683544304,1.7354430379746837,27.38875612445233,0.19997415842415642
1.089873417721519,1.7354430379746837,27.37512702268249,0.19996377080415684
1.1329113924050633,1.7354430379746837,27.373123197664604,0.19997382928169952
1.1759493670886076,1.7354430379746837,27.370154451323994,0.19998039001241613
1.218987341772152,1.7354430379746837,27.367180604921163,0.19997333950859938
1.3050632911392406,1.7354430379746837,27.325443342510923,0.19996520855958475
1.3481012658227849,1.7354430379746837,27.275979736675794,0.1999812400916215
1.3911392405063292,1.7354430379746837,27.254548961036512,0.19997870522808356
1.2620253164556963,1.7354430379746837,27.34154639601594,0.19998890051238172
1.5202531645569621,1.7354430379746837,27.0465235186371,0.19997744200081158
1.4772151898734178,1.7354430379746837,27.160135416537702,0.19997778029108432
1.4341772151898735,1.7354430379746837,27.188169451727255,0.19998643410381117
1.5632911392405064,1.7354430379746837,26.787283078584675,0.19997363518889533
1.6063291139240508,1.7354430379746837,26.685381549315395,0.19998907497880758
1.6924050632911394,1.7354430379746837,26.47976346473661,0.1999600979942829
1.649367088607595,1.7354430379746837,26.590565434933932,0.1999363683644625
1.7354430379746837,1.7354430379746837,26.36411323176513,0.2001012710895045
1.778481012658228,1.7354430379746837,26.242119473261248,0.20013896572301856
1.8215189873417723,1.7354430379746837,26.139063385384784,0.2003633009683014
1.8645569620253166,1.7354430379746837,26.836106967354613,0.23897332718199324
1.907594936708861,1.7354430379746837,28.03793080404294,0.30316040011316964
1.9506329113924052,1.7354430379746837,29.994259513621063,0.40464733081674925
1.9936708860759496,1.7354430379746837,30.61090885537105,0.4358240508859251
2.036708860759494,1.7354430379746837,31.33184715142109,0.4714570473619842
2.079746835443038,1.7354430379746837,31.891382700447206,0.4985547408430572
2.1658227848101266,1.7354430379746837,33.153181454050866,0.5574617088033066
2.1227848101265825,1.7354430379746837,32.30695178824476,0.518363689892828
2.208860759493671,1.7354430379746837,34.01854276359855,0.5968190561456896
2.251898734177215,1.7354430379746837,34.71149964801799,0.6279190158510716
2.2949367088607597,1.7354430379746837,35.151824244502045,0.6471527660088929
2.337974683544304,1.7354430379746837,35.62113574819922,0.6672458714403615
2.3810126582278484,1.7354430379746837,35.77483216077554,0.6737310209655092
2.4240506329113924,1.7354430379746837,35.8813078098801,0.678165800279505
2.467088607594937,1.7354430379746837,35.983019931573565,0.6823125903508318
2.5531645569620256,1.7354430379746837,36.84532017314691,0.7164459596806007
2.510126582278481,1.7354430379746837,36.55406007748624,0.7050393371654599
2.5962025316455697,1.7354430379746837,36.997557175229744,0.7223445015015716
2.639240506329114,1.7354430379746837,37.17767749467164,0.7292341404723864
2.6822784810126583,1.7354430379746837,37.24648792485776,0.7318732301718291
2.725316455696203,1.7354430379746837,37.27553458540637,0.7330065037966054
2.8113924050632915,1.7354430379746837,37.31215757666794,0.7344322104231852
2.768354430379747,1.7354430379746837,37.29753440424783,0.7338607698751818
2.8544303797468356,1.7354430379746837,37.32168575889703,0.7348357321245916
2.8974683544303796,1.7354430379746837,37.32844146998197,0.7351190811293171
2.940506329113924,1.7354430379746837,37.33566406038367,0.7354209258024446
2.9835443037974683,1.7354430379746837,37.34175032072218,0.7356777306779115
3.069620253164557,1.7354430379746837,37.35283345197223,0.7361412305796445
3.026582278481013,1.7354430379746837,37.34717640505134,0.7359023117663375
3.1126582278481014,1.7354430379746837,37.35809862124832,0.7363632967807638
3.1556962025316455,1.7354430379746837,37.36119675882969,0.7364918427968733
3.19873417721519,1.7354430379746837,37.364519956599715,0.7366280714184027
3.2848101265822787,1.7354430379746837,37.372377736904966,0.7369547863892805
3.241772151898734,1.7354430379746837,37.36890233742529,0.736812549061348
3.3278481012658228,1.7354430379746837,37.37618110558157,0.7371156272037228
3.3708860759493673,1.7354430379746837,37.37959016794084,0.737260069404204
3.4139240506329114,1.7354430379746837,37.38339778982484,0.7374217579698319
0.14303797468354432,1.778481012658228,27.820610313437797,0.19994285008866014
0.1,1.778481012658228,27.82238898542396,0.1999419018075012
3.5,1.7354430379746837,37.3892791000204,0.7376645047644125
3.456962025316456,1.7354430379746837,37.385960978480924,0.7375281672189519
0.1860759493670886,1.778481012658228,27.817593561352684,0.19994730965554064
0.2721518987341772,1.778481012658228,27.65237920796884,0.1999488624363161
0.2291139240506329,1.778481012658228,27.71405804003066,0.19994879519725414
0.31518987341772153,1.778481012658228,27.649474604507766,0.19994605102812554
0.35822784810126584,1.778481012658228,27.64856179126445,0.1999501163354408
0.40126582278481016,1.778481012658228,27.645091646776216,0.1999588520932154
0.44430379746835447,1.778481012658228,27.643043257950104,0.19995848818087483
0.4873417721518988,1.778481012658228,27.62330271512606,0.19996135013885932
0.5734177215189874,1.778481012658228,27.620949626977467,0.19995970470383048
0.5303797468354431,1.778481012658228,27.62192176941143,0.19995525083227972
0.6164556962025316,1.778481012658228,27.61906888433711,0.1999586653123848
0.6594936708860759,1.778481012658228,27.615574214872886,0.1999769685099669
0.7025316455696202,1.778481012658228,27.612080195122726,0.19998205855413667
0.7886075949367088,1.778481012658228,27.600449386299378,0.19998761923368755
0.7455696202531645,1.778481012658228,27.607836618587218,0.19997822004082444
0.8316455696202532,1.778481012658228,27.547219919270486,0.19997151339188401
0.8746835443037975,1.778481012658228,27.48958951837213,0.1999620241477298
0.9177215189873418,1.778481012658228,27.45384264883573,0.19996998380362166
0.9607594936708861,1.778481012658228,27.417260466777297,0.19997994530509253
1.0037974683544304,1.778481012658228,27.388547160946114,0.19998473855075485
1.0468354430379747,1.778481012658228,27.379593421833142,0.1999824427454753
1.089873417721519,1.778481012658228,27.37520695413687,0.19996417733596744
1.218987341772152,1.778481012658228,27.368136747086616,0.19998564824603746
1.1759493670886076,1.778481012658228,27.370783176175454,0.19998851200029372
1.1329113924050633,1.778481012658228,27.373131876837284,0.19996432100887765
1.3050632911392406,1.778481012658228,27.32433519832445,0.19996382474707608
1.2620253164556963,1.778481012658228,27.34048491475152,0.19998012264571763
1.3911392405063292,1.778481012658228,27.253859628012382,0.199986858228734
1.3481012658227849,1.778481012658228,27.275136710295257,0.1999650466418151
1.4341772151898735,1.778481012658228,27.187785332110685,0.19998625602345918
1.4772151898734178,1.778481012658228,27.16024764046658,0.19997143918459878
1.5202531645569621,1.778481012658228,27.04286559450995,0.19998685859701434
1.5632911392405064,1.778481012658228,26.78180823056679,0.1999869060420327
1.6063291139240508,1.778481012658228,26.682247546418036,0.19995793379159033
1.649367088607595,1.778481012658228,26.58337474234154,0.19994431620985276
1.6924050632911394,1.778481012658228,26.47768407511744,0.20003499527966823
1.7354430379746837,1.778481012658228,26.35982841686529,0.20015133847515043
1.778481012658228,1.778481012658228,26.237568824906365,0.20027375658449212
1.8215189873417723,1.778481012658228,26.136732634227045,0.20049179824141491
1.8645569620253166,1.778481012658228,26.88113479805638,0.2415523407730969
1.907594936708861,1.778481012658228,28.08097350169244,0.30560884940740946
1.9506329113924052,1.778481012658228,30.040678726487602,0.407251376885517
1.9936708860759496,1.778481012658228,30.659965696358622,0.43854470088259023
2.036708860759494,1.778481012658228,31.376620750077908,0.47394963975046384
2.079746835443038,1.778481012658228,31.952179991177697,0.5018379825614306
2.1227848101265825,1.778481012658228,32.350423077606685,0.5207824262239481
2.1658227848101266,1.778481012658228,33.19931142930782,0.5600088475312976
2.251898734177215,1.778481012658228,34.75707963340091,0.6304354812950341
2.208860759493671,1.778481012658228,34.08582634242549,0.6003742641221944
2.2949367088607597,1.778481012658228,35.19583128296213,0.64958425108181
2.337974683544304,1.778481012658228,35.66669417285647,0.6697490209423019
2.4240506329113924,1.778481012658228,35.92448414669712,0.6805515552946269
2.3810126582278484,1.778481012658228,35.82041899141733,0.6762359490279256
2.467088607594937,1.778481012658228,36.026881848764994,0.6847261768590297
2.510126582278481,1.778481012658228,36.59678977544133,0.7073983155854597
2.5531645569620256,1.778481012658228,36.89154982296076,0.7189621089947286
2.5962025316455697,1.778481012658228,37.04552296129232,0.7249407496622019
2.639240506329114,1.778481012658228,37.22656829743516,0.7318653817676571
2.6822784810126583,1.778481012658228,37.29440737872268,0.7344587742673537
2.725316455696203,1.778481012658228,37.32112281788284,0.7354828091586647
2.8974683544303796,1.778481012658228,37.37397019858667,0.7375803072271337
2.8113924050632915,1.778481012658228,37.358697332605644,0.7369407716952832
2.768354430379747,1.778481012658228,37.343589757346955,0.7363536381581327
2.8544303797468356,1.778481012658228,37.36581368773202,0.7372385326124196
2.940506329113924,1.778481012658228,37.38027344201587,0.7378436108275934
2.9835443037974683,1.778481012658228,37.386337653902075,0.7381009242551112
3.069620253164557,1.778481012658228,37.39643965819301,0.7385150169326522
3.1556962025316455,1.778481012658228,37.40453425414855,0.7388530110928049
3.026582278481013,1.778481012658228,37.391814396921184,0.7383242167667229
3.1126582278481014,1.778481012658228,37.40077779971217,0.7386964514110398
3.19873417721519,1.778481012658228,37.408438893484366,0.7390155882201476
3.241772151898734,1.778481012658228,37.412959270586796,0.7392055587320825
3.3278481012658228,1.778481012658228,37.41910451725766,0.7394576627863929
3.2848101265822787,1.778481012658228,37.41712468774595,0.7393773289771716
3.3708860759493673,1.778481012658228,37.423965209418704,0.7396644174354979
3.4139240506329114,1.778481012658228,37.42645814942116,0.739767811219281
0.1,1.8215189873417723,27.830915628601343,0.19995721547749323
3.5,1.778481012658228,37.432034452806406,0.7399980086640973
0.14303797468354432,1.8215189873417723,27.831900117538094,0.199959155089649
3.456962025316456,1.778481012658228,37.42988406580147,0.73990806224255
0.2291139240506329,1.8215189873417723,27.655522273208437,0.19995796059717919
0.1860759493670886,1.8215189873417723,27.71066463613986,0.19996075841464853
0.2721518987341772,1.8215189873417723,27.655449918873774,0.19996074030882033
0.31518987341772153,1.8215189873417723,27.653524490730188,0.19996124814222876
0.40126582278481016,1.8215189873417723,27.64728246330653,0.1999770963967809
0.35822784810126584,1.8215189873417723,27.648956149921116,0.19996709985103045
0.44430379746835447,1.8215189873417723,27.627718631619768,0.19997423838431486
0.4873417721518988,1.8215189873417723,27.626383925187646,0.19997059001946085
0.5303797468354431,1.8215189873417723,27.625630088166382,0.19996854223514596
0.6594936708860759,1.8215189873417723,27.61809696312577,0.199965105579554
0.5734177215189874,1.8215189873417723,27.62443931429405,0.1999733802154258
0.6164556962025316,1.8215189873417723,27.622131185417846,0.19998922737565614
0.7025316455696202,1.8215189873417723,27.61421941248306,0.19998117058620826
0.7455696202531645,1.8215189873417723,27.60927757010146,0.19996295209259013
0.7886075949367088,1.8215189873417723,27.60244498937786,0.19996274790268947
0.8746835443037975,1.8215189873417723,27.49124903162051,0.19998547918789572
0.8316455696202532,1.8215189873417723,27.54890750030868,0.19998342090051704
0.9177215189873418,1.8215189873417723,27.4538199176436,0.1999733880857525
0.9607594936708861,1.8215189873417723,27.416559194861318,0.199963889469985
1.0037974683544304,1.8215189873417723,27.388782471975134,0.19998072411303658
1.0468354430379747,1.8215189873417723,27.382189655402968,0.19998134725767108
1.089873417721519,1.8215189873417723,27.379296076993743,0.1999705965366364
1.1759493670886076,1.8215189873417723,27.372606260232324,0.19996473002378604
1.1329113924050633,1.8215189873417723,27.377130645202623,0.19998892572819588
1.218987341772152,1.8215189873417723,27.367978624390965,0.19998947786327861
1.2620253164556963,1.8215189873417723,27.339383353874645,0.19996999627750978
1.3050632911392406,1.8215189873417723,27.32445947599743,0.19998256662211533
1.3481012658227849,1.8215189873417723,27.273069248675252,0.19996297384915399
1.3911392405063292,1.8215189873417723,27.252633435409095,0.1999679147349319
1.4341772151898735,1.8215189873417723,27.188686753663198,0.19991180129742184
1.4772151898734178,1.8215189873417723,27.16137575371418,0.19996725831812023
1.5202531645569621,1.8215189873417723,27.03932404001543,0.19991295090783956
1.5632911392405064,1.8215189873417723,26.774872330501626,0.19994952722183723
1.6063291139240508,1.8215189873417723,26.682695153693828,0.20009941707528542
1.649367088607595,1.8215189873417723,26.5838084594855,0.20016894363311283
1.6924050632911394,1.8215189873417723,26.480259083504635,0.2003076478625496
1.7354430379746837,1.8215189873417723,26.360184403056106,0.20042257334993346
1.778481012658228,1.8215189873417723,26.236245744354992,0.20045178116101542
1.8215189873417723,1.8215189873417723,26.17837187373731,0.20298253999771804
1.8645569620253166,1.8215189873417723,26.951394356594356,0.2454868642775937
1.907594936708861,1.8215189873417723,28.1495132127328,0.30942079975040887
1.9506329113924052,1.8215189873417723,30.11351913472041,0.41125821422862024
1.9936708860759496,1.8215189873417723,30.732453125568515,0.4425248017807447
2.036708860759494,1.8215189873417723,31.45064515521932,0.4779977600986502
2.079746835443038,1.8215189873417723,32.06578472076553,0.5078374665176884
2.1658227848101266,1.8215189873417723,33.27720366637066,0.5642499560803285
2.1227848101265825,1.8215189873417723,32.429814288471455,0.5250951757419479
2.208860759493671,1.8215189873417723,34.1747963303326,0.6051123349588421
2.251898734177215,1.8215189873417723,34.82896647564234,0.6343574397082555
2.2949367088607597,1.8215189873417723,35.2683571113212,0.6535317266888637
2.3810126582278484,1.8215189873417723,35.89178877458109,0.6801216789241652
2.337974683544304,1.8215189873417723,35.74014232980831,0.6737336722385553
2.4240506329113924,1.8215189873417723,35.996744433988084,0.684472746926223
2.467088607594937,1.8215189873417723,36.09927290094785,0.6886515117011501
2.510126582278481,1.8215189873417723,36.67504701069761,0.7115927062231758
2.5531645569620256,1.8215189873417723,36.96879065733706,0.7231067826601362
2.5962025316455697,1.8215189873417723,37.12490669144346,0.729180251158115
2.639240506329114,1.8215189873417723,37.30331135166525,0.7359774495870545
2.725316455696203,1.8215189873417723,37.39623361847387,0.7395114441252373
2.6822784810126583,1.8215189873417723,37.36970417250966,0.7384998604937716
2.768354430379747,1.8215189873417723,37.41800647333554,0.7403479489195605
2.8544303797468356,1.8215189873417723,37.44148707572654,0.7412844220273378
2.8113924050632915,1.8215189873417723,37.43390521840378,0.7409708062443389
2.8974683544303796,1.8215189873417723,37.44944513520811,0.7416192870379226
2.940506329113924,1.8215189873417723,37.45462631247635,0.7418366187564145
2.9835443037974683,1.8215189873417723,37.45995864738478,0.7420588369840122
3.026582278481013,1.8215189873417723,37.464895496554504,0.7422598239463095
3.069620253164557,1.8215189873417723,37.469689924578816,0.7424585691858978
3.1126582278481014,1.8215189873417723,37.47442761349377,0.7426561175522433
3.1556962025316455,1.8215189873417723,37.478320739038026,0.7428172685877159
3.19873417721519,1.8215189873417723,37.48245198827086,0.742988930974689
3.2848101265822787,1.8215189873417723,37.48956167410977,0.7432800448123195
3.241772151898734,1.8215189873417723,37.48666489200667,0.7431614155779799
3.3278481012658228,1.8215189873417723,37.493816049959136,0.7434597492950041
3.3708860759493673,1.8215189873417723,37.496390845921155,0.7435649787583835
0.14303797468354432,1.8645569620253166,27.679315118572344,0.19998515746880288
3.4139240506329114,1.8215189873417723,37.49968860512927,0.7436985637164811
3.456962025316456,1.8215189873417723,37.501525787490515,0.7437745482919565
0.1,1.8645569620253166,27.866635775952112,0.19997412748856902
3.5,1.8215189873417723,37.50311789052897,0.7438397511290501
0.1860759493670886,1.8645569620253166,27.674953172664512,0.19998427797320467
0.2291139240506329,1.8645569620253166,27.670363746143,0.19996554545013337
0.2721518987341772,1.8645569620253166,27.67029611718194,0.19998898657170602
0.31518987341772153,1.8645569620253166,27.667905832025944,0.19999064482513446
0.35822784810126584,1.8645569620253166,27.666397546415183,0.19997402436983167
0.40126582278481016,1.8645569620253166,27.661537583415267,0.19990161817077426
0.44430379746835447,1.8645569620253166,27.660629205440074,0.1998833152302116
0.4873417721518988,1.8645569620253166,27.660632134789644,0.19996458356591432
0.5303797468354431,1.8645569620253166,27.659664136850537,0.19996465731673316
0.5734177215189874,1.8645569620253166,27.65664782464247,0.19999675759500593
0.6594936708860759,1.8645569620253166,27.655051541399992,0.200166627040877
0.6164556962025316,1.8645569620253166,27.654927011615335,0.20003080968720346
0.7886075949367088,1.8645569620253166,27.640376226520114,0.20016168316893485
0.8316455696202532,1.8645569620253166,27.58729143666846,0.20023547147303444
0.7025316455696202,1.8645569620253166,27.65104143426585,0.20007331421008087
0.7455696202531645,1.8645569620253166,27.647184939639956,0.20010994702789692
0.9177215189873418,1.8645569620253166,27.490653014498566,0.20026632283836318
0.9607594936708861,1.8645569620253166,27.45760489332355,0.20029510267547038
1.0037974683544304,1.8645569620253166,27.424003609736037,0.20028129852745968
1.0468354430379747,1.8645569620253166,27.413776411897977,0.20029929953592612
0.8746835443037975,1.8645569620253166,27.528567469177325,0.20025812881100852
1.1329113924050633,1.8645569620253166,27.406115425480806,0.20033117177514825
1.1759493670886076,1.8645569620253166,27.402610397677815,0.2003861520514499
1.218987341772152,1.8645569620253166,27.39704760377465,0.20036400953628133
1.2620253164556963,1.8645569620253166,27.366958278327587,0.20043704891152503
1.089873417721519,1.8645569620253166,27.40865115739416,0.2002894572176292
1.3050632911392406,1.8645569620253166,27.347805532064786,0.20032357804666898
1.3481012658227849,1.8645569620253166,27.299760514386705,0.2003794770004308
1.3911392405063292,1.8645569620253166,27.27513135475202,0.200384546992534
1.4341772151898735,1.8645569620253166,27.21843837597156,0.2004701195073647
1.5632911392405064,1.8645569620253166,26.761722564102115,0.20051788582103863
1.6063291139240508,1.8645569620253166,26.692264799001663,0.20061664739379928
1.649367088607595,1.8645569620253166,26.562527286572188,0.20077327252866178
1.6924050632911394,1.8645569620253166,26.459040294318818,0.2008787911833075
1.4772151898734178,1.8645569620253166,27.161199981077747,0.20044726554412287
1.5202531645569621,1.8645569620253166,27.034259575753662,0.20044412375384635
1.7354430379746837,1.8645569620253166,26.3195425681019,0.20101813211328382
1.778481012658228,1.8645569620253166,26.213263786841214,0.2010947576024264
1.8215189873417723,1.8645569620253166,26.646129158063854,0.2285395949679447
1.907594936708861,1.8645569620253166,28.61771456024419,0.334713675188479
1.8645569620253166,1.8645569620253166,27.4204001021361,0.27098306929161403
1.9936708860759496,1.8645569620253166,31.20991672203356,0.46812808516360654
1.9506329113924052,1.8645569620253166,30.58868253470334,0.436772715011077
2.036708860759494,1.8645569620253166,31.935039457986676,0.5039219577813301
2.079746835443038,1.8645569620253166,32.552700951558826,0.5338677518397713
2.1227848101265825,1.8645569620253166,32.913169626132124,0.5509262421857988
2.1658227848101266,1.8645569620253166,33.75819742765719,0.5899427206324785
2.208860759493671,1.8645569620253166,34.713762951920415,0.6334803857712581
2.251898734177215,1.8645569620253166,35.308816549806714,0.659936957784784
2.2949367088607597,1.8645569620253166,35.747673332934575,0.6790675010019569
2.3810126582278484,1.8645569620253166,36.3700635335395,0.705586428124428
2.337974683544304,1.8645569620253166,36.21695945341557,0.6991358967741012
2.4240506329113924,1.8645569620253166,36.47882744812591,0.710113244791218
2.467088607594937,1.8645569620253166,36.58415727489964,0.7144193877311404
2.510126582278481,1.8645569620253166,37.1587113055453,0.7372748753757189
2.5531645569620256,1.8645569620253166,37.45447532977416,0.7488606858984662
2.5962025316455697,1.8645569620253166,37.60610320873665,0.7547190896957173
2.639240506329114,1.8645569620253166,37.78379378602693,0.7614778645416219
2.6822784810126583,1.8645569620253166,37.85027058069136,0.7639947167480088
2.725316455696203,1.8645569620253166,37.87842471727534,0.7650728020599437
2.768354430379747,1.8645569620253166,37.90016029797243,0.7659083361372871
2.8113924050632915,1.8645569620253166,37.9155351251478,0.766508437226947
2.8544303797468356,1.8645569620253166,37.92251795956862,0.766797201755963
2.8974683544303796,1.8645569620253166,37.929564250407196,0.7670864816569918
2.940506329113924,1.8645569620253166,37.934990802068896,0.7673139434927114
2.9835443037974683,1.8645569620253166,37.9401580046006,0.7675279297712406
3.026582278481013,1.8645569620253166,37.94491862937824,0.7677231122003623
3.069620253164557,1.8645569620253166,37.94998533533576,0.7679333894670431
3.1126582278481014,1.8645569620253166,37.95369899221374,0.7680835214196563
3.19873417721519,1.8645569620253166,37.962498997233006,0.7684452263330627
3.1556962025316455,1.8645569620253166,37.95765402310482,0.7682449061725077
3.241772151898734,1.8645569620253166,37.9659768914444,0.768586347819699
3.2848101265822787,1.8645569620253166,37.96828631307061,0.7686803478042404
3.3278481012658228,1.8645569620253166,37.972326960935,0.7688469051538452
3.3708860759493673,1.8645569620253166,37.97506727945301,0.7689593676452349
0.1,1.907594936708861,27.689534063706798,0.199959818744967
3.456962025316456,1.8645569620253166,37.97968175690728,0.7691522568679598
0.14303797468354432,1.907594936708861,27.688596949365746,0.19996985371591597
3.5,1.8645569620253166,37.98247082088551,0.7692636959768854
3.4139240506329114,1.8645569620253166,37.977027058182514,0.7690373295901629
0.1860759493670886,1.907594936708861,27.689252658194263,0.20000400017678552
0.2291139240506329,1.907594936708861,27.69030181623685,0.2001067677289602
0.2721518987341772,1.907594936708861,27.691176535674913,0.2002785832941441
0.31518987341772153,1.907594936708861,27.691656588657548,0.20043420606681514
0.40126582278481016,1.907594936708861,27.69151312063839,0.20051679842727577
0.35822784810126584,1.907594936708861,27.690994183959553,0.20042075831718206
0.44430379746835447,1.907594936708861,27.691410863049338,0.20053352523510992
0.4873417721518988,1.907594936708861,27.690323314995716,0.2005539976405613
0.5303797468354431,1.907594936708861,27.687938700673918,0.20059131964536925
0.5734177215189874,1.907594936708861,27.686003286389194,0.2006393777529543
0.6594936708860759,1.907594936708861,27.68633430232958,0.20088660679024753
0.7025316455696202,1.907594936708861,27.67943261766848,0.2007716891079455
0.7455696202531645,1.907594936708861,27.67764450198383,0.20089403295834063
0.6164556962025316,1.907594936708861,27.686597770201928,0.20073361160627648
0.7886075949367088,1.907594936708861,27.667291571866492,0.20073432978795314
0.8316455696202532,1.907594936708861,27.612538802802142,0.200754402815025
0.8746835443037975,1.907594936708861,27.561731826299873,0.20075486570833156
0.9177215189873418,1.907594936708861,27.520515010946966,0.20075682805759043
0.9607594936708861,1.907594936708861,27.478019288869543,0.20080496383414195
1.0037974683544304,1.907594936708861,27.44347571942568,0.20077329976551925
1.0468354430379747,1.907594936708861,27.43203898885705,0.20080494760771533
1.089873417721519,1.907594936708861,27.42743121036762,0.20084179741393035
1.1759493670886076,1.907594936708861,27.417663523459705,0.20075681548229748
1.1329113924050633,1.907594936708861,27.42361755788514,0.20089249589436578
1.218987341772152,1.907594936708861,27.41565695620371,0.20089972350088536
1.2620253164556963,1.907594936708861,27.385626159260568,0.20088129088983603
1.3050632911392406,1.907594936708861,27.367280170015786,0.20082561654387793
1.3911392405063292,1.907594936708861,27.30306801704725,0.20096533370282213
1.3481012658227849,1.907594936708861,27.318382558715335,0.20095701873775085
1.4341772151898735,1.907594936708861,27.228492211660676,0.2008855175857836
1.4772151898734178,1.907594936708861,27.17308091508768,0.20093158188445695
1.5202531645569621,1.907594936708861,27.04419587504893,0.20097861061709874
1.5632911392405064,1.907594936708861,26.779051466110474,0.20103816141853648
1.6063291139240508,1.907594936708861,26.70979134180935,0.20115325923956054
1.649367088607595,1.907594936708861,26.567703431810866,0.2012614019611444
1.6924050632911394,1.907594936708861,26.469335271382793,0.20156505267666128
1.7354430379746837,1.907594936708861,26.325956405775457,0.2016972051242145
1.778481012658228,1.907594936708861,26.205101334660586,0.20171894391544165
1.8215189873417723,1.907594936708861,26.898942417041674,0.24210742252307108
1.8645569620253166,1.907594936708861,27.68118265872102,0.28491917645928727
1.907594936708861,1.907594936708861,28.881355823022318,0.3487283923647769
1.9506329113924052,1.907594936708861,30.859803984795374,0.45110734480639736
1.9936708860759496,1.907594936708861,31.487712873080703,0.4827858743050878
2.036708860759494,1.907594936708861,32.2302536241651,0.5194185118647875
2.079746835443038,1.907594936708861,32.82576869863211,0.5482487888393303
2.1227848101265825,1.907594936708861,33.18496686415966,0.5652318378396703
2.1658227848101266,1.907594936708861,34.04497653959571,0.6049341542475681
2.251898734177215,1.907594936708861,35.58004417249695,0.6741698290546354
2.208860759493671,1.907594936708861,34.9861638229663,0.6477792613199896
2.2949367088607597,1.907594936708861,36.01977895120991,0.6933291150308312
2.337974683544304,1.907594936708861,36.49051619057731,0.7134558653239075
2.4240506329113924,1.907594936708861,36.75640244900968,0.7246118441070144
2.3810126582278484,1.907594936708861,36.64760599913581,0.7200896675111081
2.510126582278481,1.907594936708861,37.43796972820562,0.7518387186457461
2.467088607594937,1.907594936708861,36.86537464995447,0.7290866662705996
2.5531645569620256,1.907594936708861,37.729944406998136,0.7632354311689173
2.5962025316455697,1.907594936708861,37.88257691055581,0.7691384596847076
2.639240506329114,1.907594936708861,38.06003892491802,0.7758813727906351
2.725316455696203,1.907594936708861,38.157842333674374,0.7796118993626824
2.6822784810126583,1.907594936708861,38.128372494005,0.7784756963310708
2.768354430379747,1.907594936708861,38.178166183963484,0.7803845389069657
2.8544303797468356,1.907594936708861,38.200640406549304,0.7812730709408409
2.8113924050632915,1.907594936708861,38.19324473771866,0.7809738561001974
2.8974683544303796,1.907594936708861,38.20676346295028,0.7815304374825179
2.940506329113924,1.907594936708861,38.21225454579375,0.7817572419403215
2.9835443037974683,1.907594936708861,38.21665843956926,0.7819367445073672
3.026582278481013,1.907594936708861,38.221126661395886,0.7821169711055107
3.069620253164557,1.907594936708861,38.22602151369417,0.7823144813737251
3.1126582278481014,1.907594936708861,38.22997567256644,0.782475880619551
3.1556962025316455,1.907594936708861,38.23442054861115,0.7826593371602336
3.19873417721519,1.907594936708861,38.23712199997577,0.7827663421342312
3.241772151898734,1.907594936708861,38.24158769848787,0.7829485439378057
3.2848101265822787,1.907594936708861,38.24402414948462,0.783046227760934
3.3278481012658228,1.907594936708861,38.247107717125786,0.7831711156066514
3.3708860759493673,1.907594936708861,38.24842949816454,0.7832260484645662
3.4139240506329114,1.907594936708861,38.25184213723738,0.7833650868693872
3.456962025316456,1.907594936708861,38.25442651565558,0.7834696619168668
0.14303797468354432,1.9506329113924052,27.741898043002987,0.20109315553919302
0.1,1.9506329113924052,27.742247158475042,0.2010328648886934
3.5,1.907594936708861,38.25666906876266,0.7835598452411985
0.2291139240506329,1.9506329113924052,27.738980742128575,0.20114156301056
0.1860759493670886,1.9506329113924052,27.741313608059365,0.2011367793808159
0.2721518987341772,1.9506329113924052,27.738356296450135,0.20117576137612092
0.31518987341772153,1.9506329113924052,27.73641257451432,0.20122759786615765
0.35822784810126584,1.9506329113924052,27.737718428488062,0.20133401636703435
0.40126582278481016,1.9506329113924052,27.734329337444873,0.20135040994668213
0.44430379746835447,1.9506329113924052,27.73583606896615,0.20144786870935594
0.4873417721518988,1.9506329113924052,27.735371335184205,0.20148092298222695
0.5303797468354431,1.9506329113924052,27.731931886371857,0.20136487211321993
0.5734177215189874,1.9506329113924052,27.730645012928505,0.2015148778243746
0.6164556962025316,1.9506329113924052,27.730815449137552,0.20151424953790165
0.6594936708860759,1.9506329113924052,27.728076656526778,0.20154807387672583
0.7025316455696202,1.9506329113924052,27.723451376794433,0.20155328754948013
0.7455696202531645,1.9506329113924052,27.720186062654317,0.20158721443642505
0.8316455696202532,1.9506329113924052,27.653857817525477,0.20147446708242048
0.8746835443037975,1.9506329113924052,27.60280203868284,0.20149608517335196
0.9177215189873418,1.9506329113924052,27.558306197416265,0.2015210979781325
0.7886075949367088,1.9506329113924052,27.71166624775564,0.20146969032913395
0.9607594936708861,1.9506329113924052,27.514930164221823,0.20155675377406673
1.0037974683544304,1.9506329113924052,27.481222645723726,0.20165593242216803
1.0468354430379747,1.9506329113924052,27.46854125880886,0.2015247006815799
1.1329113924050633,1.9506329113924052,27.46157190278295,0.20151669206929992
1.089873417721519,1.9506329113924052,27.466610407327067,0.20165856906793253
1.1759493670886076,1.9506329113924052,27.456885443923913,0.20152766093194396
1.218987341772152,1.9506329113924052,27.451747306268903,0.2016175213707125
1.2620253164556963,1.9506329113924052,27.420324142672914,0.20157111181469653
1.3050632911392406,1.9506329113924052,27.403305311097167,0.20164905706030503
1.3481012658227849,1.9506329113924052,27.355798000631243,0.2016587482271548
1.3911392405063292,1.9506329113924052,27.335718729256175,0.2016602914271574
1.4341772151898735,1.9506329113924052,27.253657613616955,0.20173281336892115
1.4772151898734178,1.9506329113924052,27.194511835801716,0.20171281907316016
1.5202531645569621,1.9506329113924052,27.064053099042805,0.20169796590421488
1.5632911392405064,1.9506329113924052,26.807130821491143,0.2019147697063945
1.6063291139240508,1.9506329113924052,26.721327413306483,0.2020212604754721
1.6924050632911394,1.9506329113924052,26.490960669175035,0.20243675805312444
1.649367088607595,1.9506329113924052,26.593820049582156,0.20223173180859366
1.7354430379746837,1.9506329113924052,26.341106040232965,0.20254361847654045
1.778481012658228,1.9506329113924052,26.222895997532763,0.20263004928905118
1.8645569620253166,1.9506329113924052,27.9582169890784,0.29936673683750914
1.8215189873417723,1.9506329113924052,27.170556301415473,0.25634139146615237
1.907594936708861,1.9506329113924052,29.162242241765284,0.3633111323218753
1.9506329113924052,1.9506329113924052,31.144897335108016,0.46583500865589483
1.9936708860759496,1.9506329113924052,31.77626176411349,0.4976683642935781
2.036708860759494,1.9506329113924052,32.55814636853689,0.5362268380009144
2.079746835443038,1.9506329113924052,33.11979215490011,0.5633802773841717
2.1227848101265825,1.9506329113924052,33.480253049627805,0.5804207200921705
2.1658227848101266,1.9506329113924052,34.35686398423727,0.6208973087703615
2.208860759493671,1.9506329113924052,35.28539482920736,0.66312723624941
2.251898734177215,1.9506329113924052,35.88245709007804,0.6896517887317337
2.2949367088607597,1.9506329113924052,36.32070297200102,0.7087326278546292
2.337974683544304,1.9506329113924052,36.794742688821955,0.7290001661120453
2.3810126582278484,1.9506329113924052,36.95408231046484,0.7357320859873013
2.4240506329113924,1.9506329113924052,37.0652142815382,0.7403543709003576
2.467088607594937,1.9506329113924052,37.16424197563912,0.7443678271526676
2.510126582278481,1.9506329113924052,37.735123449794926,0.7670203534739519
2.5962025316455697,1.9506329113924052,38.182931695916,0.7844364356191927
2.5531645569620256,1.9506329113924052,38.031201870136016,0.7785837653578819
2.6822784810126583,1.9506329113924052,38.43200357785235,0.7939131072013863
2.725316455696203,1.9506329113924052,38.45961484356234,0.7949662024198136
2.639240506329114,1.9506329113924052,38.363263955504465,0.7912949914015266
2.768354430379747,1.9506329113924052,38.47889937094968,0.7956929819398036
2.8113924050632915,1.9506329113924052,38.492613428598446,0.7962143050975896
2.8544303797468356,1.9506329113924052,38.50089559562673,0.796556007337399
2.8974683544303796,1.9506329113924052,38.5057385809033,0.7967531463526422
2.940506329113924,1.9506329113924052,38.50989733087345,0.7969227951826793
2.9835443037974683,1.9506329113924052,38.514114236997486,0.797090228554623
3.026582278481013,1.9506329113924052,38.5193318155892,0.7972976794573464
3.069620253164557,1.9506329113924052,38.5236858494202,0.7974729500583955
3.1556962025316455,1.9506329113924052,38.531064284934025,0.7977674470145435
3.1126582278481014,1.9506329113924052,38.52684465306334,0.7975981577037454
3.19873417721519,1.9506329113924052,38.535289214041775,0.7979423062610204
3.241772151898734,1.9506329113924052,38.53805842421743,0.7980525827302088
3.2848101265822787,1.9506329113924052,38.54123036146689,0.7981796943353658
3.3278481012658228,1.9506329113924052,38.543287430462506,0.7982654088838111
3.3708860759493673,1.9506329113924052,38.5465825055578,0.798401369677247
3.4139240506329114,1.9506329113924052,38.549538395983454,0.7985223636769815
3.456962025316456,1.9506329113924052,38.55138987974929,0.7985969956427783
0.1,1.9936708860759496,27.791782562422053,0.20184273532631591
3.5,1.9506329113924052,38.55383953571755,0.7986960965217021
0.14303797468354432,1.9936708860759496,27.791270102346793,0.2019423160714257
0.1860759493670886,1.9936708860759496,27.79128179533358,0.20199887911227693
0.2291139240506329,1.9936708860759496,27.788945808327572,0.2019961605934662
0.2721518987341772,1.9936708860759496,27.789260140878046,0.20203498286969823
0.35822784810126584,1.9936708860759496,27.78908285791849,0.202106967863814
0.31518987341772153,1.9936708860759496,27.788604995317243,0.2020357579360067
0.40126582278481016,1.9936708860759496,27.789577391806304,0.20212204979832066
0.44430379746835447,1.9936708860759496,27.79019219764804,0.202109275825875
0.4873417721518988,1.9936708860759496,27.7924722180432,0.20226164672085886
0.5303797468354431,1.9936708860759496,27.793711455963596,0.20233701179227745
0.5734177215189874,1.9936708860759496,27.793049141149734,0.20225090963615364
0.6164556962025316,1.9936708860759496,27.79440434392309,0.20236547640018365
0.6594936708860759,1.9936708860759496,27.792930964667416,0.2023695256803291
0.7025316455696202,1.9936708860759496,27.79050255590461,0.20243790172718215
0.7455696202531645,1.9936708860759496,27.788333412222965,0.20250474237358496
0.7886075949367088,1.9936708860759496,27.781088321687402,0.20255065263717678
0.8316455696202532,1.9936708860759496,27.724690995307483,0.20261321619309478
0.8746835443037975,1.9936708860759496,27.66394563194477,0.20261236561000132
0.9177215189873418,1.9936708860759496,27.614224613380454,0.2026273988096864
0.9607594936708861,1.9936708860759496,27.563433691216026,0.20250674813046102
1.0037974683544304,1.9936708860759496,27.525208563974978,0.20251878172939047
1.0468354430379747,1.9936708860759496,27.510587657253975,0.20249522761095456
1.089873417721519,1.9936708860759496,27.504911481039088,0.20252148891873362
1.1329113924050633,1.9936708860759496,27.501879860861248,0.2025397858916178
1.1759493670886076,1.9936708860759496,27.4961739795032,0.20254734753400885
1.2620253164556963,1.9936708860759496,27.458175000577224,0.20259003301054312
1.218987341772152,1.9936708860759496,27.48763667150232,0.20249905635674792
1.3050632911392406,1.9936708860759496,27.433587492608734,0.2025394905075038
1.3481012658227849,1.9936708860759496,27.388781740672663,0.20255446488645634
1.3911392405063292,1.9936708860759496,27.360574804141937,0.20255443719590802
1.4341772151898735,1.9936708860759496,27.279911944409292,0.20271227455322155
1.4772151898734178,1.9936708860759496,27.220272565290607,0.20276427825662136
1.5202531645569621,1.9936708860759496,27.091754517081853,0.20274963516201366
1.5632911392405064,1.9936708860759496,26.839327425897032,0.2028365629790195
1.6063291139240508,1.9936708860759496,26.73928596013056,0.20297817737097218
1.649367088607595,1.9936708860759496,26.603229274111158,0.20340749904031213
1.6924050632911394,1.9936708860759496,26.518326690085182,0.20343997090971722
1.7354430379746837,1.9936708860759496,26.366094387694996,0.20348681548597425
1.778481012658228,1.9936708860759496,26.32366813424076,0.20766292444142082
1.8215189873417723,1.9936708860759496,27.38963222612743,0.26753414590042185
1.8645569620253166,1.9936708860759496,28.181549404842972,0.3107333156732702
1.907594936708861,1.9936708860759496,29.37786595770843,0.3742267754321645
1.9506329113924052,1.9936708860759496,31.37423256368355,0.47740101295865217
1.9936708860759496,1.9936708860759496,32.00400908252606,0.5091306879246257
2.036708860759494,1.9936708860759496,32.796525811352396,0.5481914204808661
2.079746835443038,1.9936708860759496,33.34442253140921,0.5746549636584097
2.1227848101265825,1.9936708860759496,33.71083722148227,0.5919621242866022
2.1658227848101266,1.9936708860759496,34.637359213836945,0.6347461909368435
2.208860759493671,1.9936708860759496,35.50596648511923,0.6741483468105127
2.251898734177215,1.9936708860759496,36.100804819024155,0.70055946790176
2.2949367088607597,1.9936708860759496,36.545302843349035,0.719921696072191
2.337974683544304,1.9936708860759496,37.02302617570257,0.7403437187588874
2.3810126582278484,1.9936708860759496,37.176232089104566,0.7467857464058434
2.4240506329113924,1.9936708860759496,37.27996206890577,0.7510648061514316
2.467088607594937,1.9936708860759496,37.380158775818686,0.7551258323914849
2.510126582278481,1.9936708860759496,37.95138821770989,0.7777744529309905
2.5531645569620256,1.9936708860759496,38.25158505340831,0.789515968724855
2.5962025316455697,1.9936708860759496,38.40831570401841,0.7955808263288137
2.6822784810126583,1.9936708860759496,38.56382509045546,0.8000109054036743
2.639240506329114,1.9936708860759496,38.541759005398426,0.8000057222410577
2.8113924050632915,1.9936708860759496,38.58822596386071,0.8000109239425575
2.725316455696203,1.9936708860759496,38.57468394496156,0.8000109080768153
2.8544303797468356,1.9936708860759496,38.590184632369485,0.8000108828564743
2.8974683544303796,1.9936708860759496,38.59138378462784,0.8000060320107731
2.940506329113924,1.9936708860759496,38.59282981210898,0.8000109246557426
2.768354430379747,1.9936708860759496,38.58234443894456,0.8000058597013187
3.026582278481013,1.9936708860759496,38.59593247005934,0.8000108578081239
2.9835443037974683,1.9936708860759496,38.59446809253313,0.8000109281848743
3.069620253164557,1.9936708860759496,38.59687455659489,0.800010906456423
3.1126582278481014,1.9936708860759496,38.59752735562249,0.8000059666415521
3.1556962025316455,1.9936708860759496,38.59820396269039,0.800010942424097
3.19873417721519,1.9936708860759496,38.59880810758065,0.8000108688769342
3.241772151898734,1.9936708860759496,38.599503126776646,0.8000110115978144
3.2848101265822787,1.9936708860759496,38.600015870395545,0.8000109004479043
3.3278481012658228,1.9936708860759496,38.60274683642698,0.8000109065707449
3.3708860759493673,1.9936708860759496,38.60467900746822,0.8000059869218186
0.1,2.036708860759494,27.828430678810868,0.20294814709869083
3.4139240506329114,1.9936708860759496,38.60584294015748,0.8000108305187196
3.456962025316456,1.9936708860759496,38.60713636860704,0.8000109998640959
3.5,1.9936708860759496,38.60850268035363,0.8000108925657383
0.14303797468354432,2.036708860759494,27.828499230953778,0.2028836411349023
0.1860759493670886,2.036708860759494,27.827388880856542,0.20293925269252552
0.2291139240506329,2.036708860759494,27.827395566080696,0.20293999990691894
0.31518987341772153,2.036708860759494,27.824592523512315,0.2029459603471047
0.2721518987341772,2.036708860759494,27.82708304229482,0.20291948186298614
0.35822784810126584,2.036708860759494,27.825423141752847,0.20298693231930204
0.40126582278481016,2.036708860759494,27.8251071595059,0.20300449519778102
0.44430379746835447,2.036708860759494,27.823561683697648,0.2029401617344556
0.4873417721518988,2.036708860759494,27.823634084173857,0.20298005000547656
0.5303797468354431,2.036708860759494,27.822529046811812,0.20299395534470407
0.5734177215189874,2.036708860759494,27.821726543381736,0.20298561384267175
0.6164556962025316,2.036708860759494,27.821132926938994,0.20299850825618326
0.7025316455696202,2.036708860759494,27.810071480473503,0.2028684600469414
0.6594936708860759,2.036708860759494,27.816749770906863,0.20296098401465812
0.7455696202531645,2.036708860759494,27.80716804149888,0.20297718077720345
0.7886075949367088,2.036708860759494,27.80093909534934,0.2029866471092912
0.8316455696202532,2.036708860759494,27.744226834334448,0.20301608189809742
0.8746835443037975,2.036708860759494,27.678052664536136,0.20292297185372385
0.9177215189873418,2.036708860759494,27.62761836238224,0.20291430575870767
0.9607594936708861,2.036708860759494,27.5783150991808,0.20293219233573345
1.0037974683544304,2.036708860759494,27.539306143515756,0.202955469257971
1.0468354430379747,2.036708860759494,27.52375978765979,0.20297482248486018
1.089873417721519,2.036708860759494,27.518414873191475,0.20300238341356044
1.1329113924050633,2.036708860759494,27.51555279037104,0.20300586128093215
1.1759493670886076,2.036708860759494,27.50991028545694,0.20302303814509617
1.218987341772152,2.036708860759494,27.502664272258908,0.20297233268414397
1.2620253164556963,2.036708860759494,27.47047405215109,0.20292724006640822
1.3050632911392406,2.036708860759494,27.450141151674938,0.20312266695327458
1.3911392405063292,2.036708860759494,27.377845773327536,0.2032604495558728
1.3481012658227849,2.036708860759494,27.409497640386196,0.20314226603600138
1.4772151898734178,2.036708860759494,27.2362587505246,0.20323228246157699
1.4341772151898735,2.036708860759494,27.293497445951616,0.203194789469994
1.5202531645569621,2.036708860759494,27.10766352911999,0.20329995654676547
1.5632911392405064,2.036708860759494,26.854744055442897,0.20329385127450908
1.6063291139240508,2.036708860759494,26.754758958987612,0.2037596234797907
1.649367088607595,2.036708860759494,26.61505894125429,0.20389534356413985
1.7354430379746837,2.036708860759494,26.380759890605372,0.20394275091686476
1.6924050632911394,2.036708860759494,26.527563638481173,0.20388543394921604
1.778481012658228,2.036708860759494,26.411709375028078,0.212118939642349
1.8215189873417723,2.036708860759494,27.475650637588082,0.2718371265021996
1.8645569620253166,2.036708860759494,28.27631943551572,0.31546890239887004
1.907594936708861,2.036708860759494,29.472890766734587,0.37894498558460216
1.9506329113924052,2.036708860759494,31.49652147556083,0.4834749584294531
1.9936708860759496,2.036708860759494,32.12820868203595,0.5152652163187482
2.079746835443038,2.036708860759494,33.45469904333416,0.5800760059329747
2.036708860759494,2.036708860759494,32.92524810265124,0.554520302151745
2.1227848101265825,2.036708860759494,33.8351136241649,0.5980400072330526
2.1658227848101266,2.036708860759494,34.75160590994854,0.6403362824263084
2.208860759493671,2.036708860759494,35.62505005099775,0.6799599834762197
2.251898734177215,2.036708860759494,36.224582803062816,0.706583968508711
2.2949367088607597,2.036708860759494,36.6677224379685,0.725873640926949
2.337974683544304,2.036708860759494,37.13687936421567,0.7458902770146774
2.3810126582278484,2.036708860759494,37.28821786255096,0.7522445860237682
2.467088607594937,2.036708860759494,37.49273129962403,0.7606058834475984
2.4240506329113924,2.036708860759494,37.39129973931463,0.7564941069970724
2.510126582278481,2.036708860759494,38.06849103421726,0.7834413623364231
2.5531645569620256,2.036708860759494,38.370953283117046,0.7952706257976027
2.5962025316455697,2.036708860759494,38.50100368277987,0.7999959273827274
2.639240506329114,2.036708860759494,38.56095134692256,0.800006651076307
2.6822784810126583,2.036708860759494,38.58050606756869,0.8000067014437785
2.725316455696203,2.036708860759494,38.58814150248834,0.8000014338297536
2.768354430379747,2.036708860759494,38.59618880849876,0.800006856851538
2.8113924050632915,2.036708860759494,38.6013097479941,0.7999962796816843
2.8544303797468356,2.036708860759494,38.60288318650922,0.8000012412251225
2.8974683544303796,2.036708860759494,38.603936313478755,0.8000016790398935
2.9835443037974683,2.036708860759494,38.60742727729923,0.8000013392054913
3.026582278481013,2.036708860759494,38.60974467956323,0.8000012735746606
2.940506329113924,2.036708860759494,38.60561737964064,0.800001670952438
3.069620253164557,2.036708860759494,38.61219863518575,0.8000013389168289
3.1126582278481014,2.036708860759494,38.612802535280956,0.8000012439602462
3.1556962025316455,2.036708860759494,38.61375268543283,0.8000067757665372
3.19873417721519,2.036708860759494,38.61450241918032,0.7999962221521362
3.241772151898734,2.036708860759494,38.616334310602426,0.8000016764273987
3.2848101265822787,2.036708860759494,38.617302515335034,0.8000012645999858
3.3278481012658228,2.036708860759494,38.61809413866414,0.8000016846041107
3.3708860759493673,2.036708860759494,38.61893922399446,0.8000013195304776
3.4139240506329114,2.036708860759494,38.619405453331986,0.800001678717695
3.456962025316456,2.036708860759494,38.62007296075311,0.8000013392268331
3.5,2.036708860759494,38.62091245118633,0.8000016811421228
0.1,2.079746835443038,27.85914465802504,0.20312162703814662
0.14303797468354432,2.079746835443038,27.859411113531518,0.20315763011508606
0.1860759493670886,2.079746835443038,27.85656694277506,0.20308813027055375
0.2291139240506329,2.079746835443038,27.85437296721377,0.20308753416330377
0.2721518987341772,2.079746835443038,27.854116619053755,0.20312907943673697
0.31518987341772153,2.079746835443038,27.85234235350876,0.20308950766486125
0.35822784810126584,2.079746835443038,27.85104599933324,0.2030889849121856
0.4873417721518988,2.079746835443038,27.84810355706723,0.20314693124878247
0.44430379746835447,2.079746835443038,27.849334697472532,0.2031401628500988
0.40126582278481016,2.079746835443038,27.849731306934068,0.2031078204283048
0.5303797468354431,2.079746835443038,27.84645448108805,0.20311857017061902
0.5734177215189874,2.079746835443038,27.84401769890824,0.20308897055988542
0.6164556962025316,2.079746835443038,27.84396699549661,0.2031008437072687
0.6594936708860759,2.079746835443038,27.84113074853368,0.20319870905157342
0.7025316455696202,2.079746835443038,27.83684788952943,0.2032067488422941
0.7455696202531645,2.079746835443038,27.832314424762988,0.2031615715950627
0.7886075949367088,2.079746835443038,27.82338064026741,0.2031982573463587
0.8316455696202532,2.079746835443038,27.76989935818583,0.20309964773561984
0.8746835443037975,2.079746835443038,27.700555523446997,0.2032410431703465
0.9177215189873418,2.079746835443038,27.64874500965368,0.20310758106965285
1.0468354430379747,2.079746835443038,27.54495937209046,0.20323598804114193
1.0037974683544304,2.079746835443038,27.55807727579833,0.20313041689944478
1.089873417721519,2.079746835443038,27.542280564211243,0.20329948491719238
0.9607594936708861,2.079746835443038,27.599418513269313,0.20325047480823533
1.1759493670886076,2.079746835443038,27.535321296676585,0.20334055671629359
1.1329113924050633,2.079746835443038,27.540158617942318,0.20335419411856523
1.218987341772152,2.079746835443038,27.531740535410364,0.20345123437541907
1.2620253164556963,2.079746835443038,27.498890959356505,0.20342168223676982
1.3050632911392406,2.079746835443038,27.47698795207446,0.20339700929985682
1.3911392405063292,2.079746835443038,27.399983274737828,0.20341630685536463
1.3481012658227849,2.079746835443038,27.434165143252308,0.20341200658913167
1.4772151898734178,2.079746835443038,27.25747418614303,0.20351307652432138
1.6063291139240508,2.079746835443038,26.769401264005918,0.2040739796937043
1.5632911392405064,2.079746835443038,26.886006355400447,0.20374368239255355
1.4341772151898735,2.079746835443038,27.315598146248938,0.20350580713291255
1.5202531645569621,2.079746835443038,27.12985727764927,0.20352109470113422
1.649367088607595,2.079746835443038,26.64222016560162,0.20414749798353582
1.6924050632911394,2.079746835443038,26.53209694727424,0.20419123970766176
1.7354430379746837,2.079746835443038,26.385687594288175,0.20414440143737914
1.8215189873417723,2.079746835443038,27.744045889050998,0.28491612405236644
1.778481012658228,2.079746835443038,26.67297000908304,0.22495563097804688
1.8645569620253166,2.079746835443038,28.54833614476899,0.3286633998435426
1.907594936708861,2.079746835443038,29.74633096020501,0.39214119667810043
1.9506329113924052,2.079746835443038,31.801718732995788,0.49820040464382137
1.9936708860759496,2.079746835443038,32.42090392059893,0.5293277918442063
2.079746835443038,2.079746835443038,33.75944141010956,0.5946790013109226
2.036708860759494,2.079746835443038,33.23398895094274,0.5693394614009247
2.1227848101265825,2.079746835443038,34.16824837745293,0.6139687582723369
2.1658227848101266,2.079746835443038,35.06698537493921,0.6554040930617601
2.208860759493671,2.079746835443038,35.93963606681864,0.6949705887504742
2.251898734177215,2.079746835443038,36.538757205548954,0.7215537878615057
2.2949367088607597,2.079746835443038,36.97460560316691,0.7404975656590517
2.337974683544304,2.079746835443038,37.44083309776123,0.7603709623682416
2.3810126582278484,2.079746835443038,37.59303662129265,0.7667530516805778
2.4240506329113924,2.079746835443038,37.69689494534721,0.7710321264614921
2.467088607594937,2.079746835443038,37.80143537622805,0.7752747967873446
2.5531645569620256,2.079746835443038,38.50129012299281,0.8000116355215252
2.510126582278481,2.079746835443038,38.3850069597404,0.7984292769057189
2.639240506329114,2.079746835443038,38.59196888495897,0.800011664440233
2.5962025316455697,2.079746835443038,38.54565006912353,0.8000116440263061
2.6822784810126583,2.079746835443038,38.61425127548837,0.8000115654918403
2.725316455696203,2.079746835443038,38.622868337964704,0.8000116170183271
2.768354430379747,2.079746835443038,38.63453145207364,0.8000115322234982
2.8113924050632915,2.079746835443038,38.63853642439345,0.8000115750253497
2.8544303797468356,2.079746835443038,38.63974935002309,0.8000116361841287
2.8974683544303796,2.079746835443038,38.64099560268231,0.8000115200421691
2.940506329113924,2.079746835443038,38.64238027565662,0.8000116570410404
3.026582278481013,2.079746835443038,38.64484850462366,0.8000116280315736
3.069620253164557,2.079746835443038,38.645554436216955,0.800011619867765
2.9835443037974683,2.079746835443038,38.64344104881544,0.8000116408159083
3.1126582278481014,2.079746835443038,38.64617199364611,0.8000115746013134
3.1556962025316455,2.079746835443038,38.646943142172724,0.8000115832440202
3.19873417721519,2.079746835443038,38.64780444819219,0.8000114849191361
3.241772151898734,2.079746835443038,38.648354004759824,0.8000115972686889
3.2848101265822787,2.079746835443038,38.648531892429645,0.8000115905305719
3.3278481012658228,2.079746835443038,38.649412368250026,0.800011578725986
3.3708860759493673,2.079746835443038,38.6505717143171,0.8000116314753595
3.4139240506329114,2.079746835443038,38.6509511364385,0.800011634836049
3.5,2.079746835443038,38.65322135850687,0.8000119758803272
3.456962025316456,2.079746835443038,38.652209754084915,0.800011639197921
0.1,2.1227848101265825,27.95256968987352,0.20327604110208194
0.14303797468354432,2.1227848101265825,27.95212985794074,0.20328448676038968
0.2721518987341772,2.1227848101265825,27.94716964918539,0.20327488687703352
0.1860759493670886,2.1227848101265825,27.95010037258397,0.20325589864869087
0.2291139240506329,2.1227848101265825,27.948338028575872,0.2032753470372317
0.35822784810126584,2.1227848101265825,27.94330884839811,0.20329122279415382
0.31518987341772153,2.1227848101265825,27.944785132130768,0.20328351437609402
0.40126582278481016,2.1227848101265825,27.94193491367436,0.20326694831522937
0.44430379746835447,2.1227848101265825,27.941780380030146,0.20327664874993978
0.4873417721518988,2.1227848101265825,27.940517851920728,0.20329676641763375
0.5303797468354431,2.1227848101265825,27.938853305506182,0.20331486617733388
0.5734177215189874,2.1227848101265825,27.936858543390223,0.20331092367824002
0.6164556962025316,2.1227848101265825,27.936169204085257,0.2033810195065465
0.6594936708860759,2.1227848101265825,27.931120850454228,0.20328973495923097
0.7025316455696202,2.1227848101265825,27.92770259901141,0.20336458749416939
0.7886075949367088,2.1227848101265825,27.91496354727208,0.2034355360027658
0.7455696202531645,2.1227848101265825,27.92160043770752,0.20332362477157376
0.8316455696202532,2.1227848101265825,27.838718273585606,0.20342030906194455
0.9607594936708861,2.1227848101265825,27.669522519084964,0.20352223608108633
0.8746835443037975,2.1227848101265825,27.768542139143555,0.20347565866908632
0.9177215189873418,2.1227848101265825,27.72107770848354,0.20355531878406954
1.0037974683544304,2.1227848101265825,27.632228843325706,0.20346972854659748
1.0468354430379747,2.1227848101265825,27.621638297570556,0.20356638997358828
1.089873417721519,2.1227848101265825,27.62057634485723,0.20363444460733002
1.1329113924050633,2.1227848101265825,27.616373344674727,0.20356942992789184
1.1759493670886076,2.1227848101265825,27.613601397625832,0.20360267507916308
1.218987341772152,2.1227848101265825,27.61641378271324,0.2036730732207498
1.2620253164556963,2.1227848101265825,27.58843112290087,0.2036717426804775
1.3050632911392406,2.1227848101265825,27.56126960963223,0.20365737341031523
1.3481012658227849,2.1227848101265825,27.49759448009844,0.20366399979472902
1.3911392405063292,2.1227848101265825,27.46017355996629,0.20361177134544453
1.4341772151898735,2.1227848101265825,27.376493279238403,0.2036746372092948
1.4772151898734178,2.1227848101265825,27.3160613010736,0.20364079535195434
1.5202531645569621,2.1227848101265825,27.19004199352651,0.20390658379166368
1.5632911392405064,2.1227848101265825,26.932505494180095,0.20395636587990815
1.6063291139240508,2.1227848101265825,26.828159540387475,0.2043928144363744
1.649367088607595,2.1227848101265825,26.700527358958656,0.2044117341676388
1.6924050632911394,2.1227848101265825,26.56906133816658,0.20440012498305754
1.778481012658228,2.1227848101265825,27.153220743400404,0.24810204522992788
1.7354430379746837,2.1227848101265825,26.42016098901765,0.20439178794620483
1.8215189873417723,2.1227848101265825,28.255727722345036,0.3095287732307749
1.8645569620253166,2.1227848101265825,29.048039469548932,0.35253877704554376
1.907594936708861,2.1227848101265825,30.258284457341812,0.41652286995426346
1.9936708860759496,2.1227848101265825,33.04843497463894,0.5592443881548097
1.9506329113924052,2.1227848101265825,32.33369752990077,0.5235005608921917
2.036708860759494,2.1227848101265825,33.855326447810874,0.5987267766330419
2.079746835443038,2.1227848101265825,34.38851748190764,0.624384071073906
2.1227848101265825,2.1227848101265825,34.82870729594873,0.6451111859196104
2.1658227848101266,2.1227848101265825,35.69790225603927,0.685106890052519
2.208860759493671,2.1227848101265825,36.55269715445231,0.7238109885495476
2.251898734177215,2.1227848101265825,37.14547082792687,0.7500658096097189
2.2949367088607597,2.1227848101265825,37.579680911395535,0.7689107787407004
2.337974683544304,2.1227848101265825,38.046288931255575,0.7887746882856538
2.3810126582278484,2.1227848101265825,38.20251936248549,0.7953244732881783
2.4240506329113924,2.1227848101265825,38.30959388531773,0.799737507561894
2.467088607594937,2.1227848101265825,38.338481680682314,0.799998531667014
2.510126582278481,2.1227848101265825,38.49099475734277,0.8000129202451005
2.5962025316455697,2.1227848101265825,38.6145721596916,0.8000127916701064
2.5531645569620256,2.1227848101265825,38.57009875388689,0.8000131000038633
2.639240506329114,2.1227848101265825,38.67063239138945,0.8000127963468628
2.6822784810126583,2.1227848101265825,38.68862409212177,0.8000127731402684
2.768354430379747,2.1227848101265825,38.70057911863342,0.8000129785239409
2.8113924050632915,2.1227848101265825,38.70330356297472,0.8000129952945011
2.725316455696203,2.1227848101265825,38.69598429955591,0.8000126171203515
2.8974683544303796,2.1227848101265825,38.70546014598613,0.8000128200811786
2.8544303797468356,2.1227848101265825,38.704958106586545,0.8000129704503139
2.9835443037974683,2.1227848101265825,38.70780280834879,0.8000130632735779
2.940506329113924,2.1227848101265825,38.706394507047364,0.8000128152419463
3.026582278481013,2.1227848101265825,38.70876782293959,0.8000128057953089
3.069620253164557,2.1227848101265825,38.70944845296085,0.8000129653556333
3.1556962025316455,2.1227848101265825,38.71140631221043,0.8000129343887478
3.1126582278481014,2.1227848101265825,38.71047440734195,0.8000130185157823
3.19873417721519,2.1227848101265825,38.7121443682497,0.8000130704660088
3.241772151898734,2.1227848101265825,38.71236848309705,0.8000129087195884
3.2848101265822787,2.1227848101265825,38.71332135909576,0.8000130101863719
3.3708860759493673,2.1227848101265825,38.714830844624906,0.8000126867053493
3.3278481012658228,2.1227848101265825,38.714262090738174,0.8000131059089456
3.4139240506329114,2.1227848101265825,38.71531173717488,0.8000130578823365
3.456962025316456,2.1227848101265825,38.71613210744181,0.8000130711316911
0.1,2.1658227848101266,27.98977808462499,0.20368677902052806
0.14303797468354432,2.1658227848101266,27.98848422516181,0.20365732610396814
3.5,2.1227848101265825,38.71588723288156,0.8000130596748369
0.2291139240506329,2.1658227848101266,27.985896841518404,0.20368696527997474
0.1860759493670886,2.1658227848101266,27.98818779903159,0.20371176107195219
0.2721518987341772,2.1658227848101266,27.98587551205787,0.20369133504352396
0.31518987341772153,2.1658227848101266,27.98450316969192,0.20369401382536112
0.35822784810126584,2.1658227848101266,27.98295966136225,0.20365356145931882
0.40126582278481016,2.1658227848101266,27.98191194330504,0.2036883350258529
0.4873417721518988,2.1658227848101266,27.980483000464368,0.20364556039667178
0.44430379746835447,2.1658227848101266,27.983738923790618,0.20378802778288965
0.5303797468354431,2.1658227848101266,27.979663364499846,0.20375860689917974
0.5734177215189874,2.1658227848101266,27.976505953703537,0.20364510871854619
0.6164556962025316,2.1658227848101266,27.982522570155485,0.2038864004552918
0.6594936708860759,2.1658227848101266,27.97910475340418,0.2038955125251469
0.7025316455696202,2.1658227848101266,27.972472890851435,0.20376330969803427
0.7886075949367088,2.1658227848101266,27.964010789355363,0.2038716234715473
0.7455696202531645,2.1658227848101266,27.97081255388432,0.20378417553598582
0.8316455696202532,2.1658227848101266,27.88814676731458,0.20396076063047233
0.8746835443037975,2.1658227848101266,27.813884609500146,0.20384747202802045
0.9177215189873418,2.1658227848101266,27.76867714045434,0.20394525666220087
0.9607594936708861,2.1658227848101266,27.71510554941845,0.20398615987411875
1.0037974683544304,2.1658227848101266,27.682643171107188,0.20398766461597548
1.0468354430379747,2.1658227848101266,27.67026017452455,0.20386910484058418
1.089873417721519,2.1658227848101266,27.67226979104987,0.20391255437233605
1.1329113924050633,2.1658227848101266,27.67376065666709,0.20389451929310506
1.1759493670886076,2.1658227848101266,27.672930189762937,0.20391083615988476
1.218987341772152,2.1658227848101266,27.670079081581978,0.20389770503728766
1.2620253164556963,2.1658227848101266,27.64057588748762,0.2039028836268267
1.3481012658227849,2.1658227848101266,27.546554400114072,0.20392587244286553
1.3050632911392406,2.1658227848101266,27.61270025658695,0.20391552371504967
1.3911392405063292,2.1658227848101266,27.511647500711206,0.20402961992036914
1.4341772151898735,2.1658227848101266,27.429320433629744,0.20429448541795392
1.4772151898734178,2.1658227848101266,27.365937717126222,0.20425706476066274
1.5202531645569621,2.1658227848101266,27.230037470974782,0.20432981009862153
1.5632911392405064,2.1658227848101266,26.969293295889265,0.20448166229310877
1.6063291139240508,2.1658227848101266,26.852570933926657,0.2048095432047024
1.649367088607595,2.1658227848101266,26.734068955320904,0.20478786130347607
1.6924050632911394,2.1658227848101266,26.59889750325277,0.2048425768255571
1.7354430379746837,2.1658227848101266,26.448408603842697,0.20478969380559647
1.8215189873417723,2.1658227848101266,28.458336568197762,0.31909699320569884
1.778481012658228,2.1658227848101266,27.35875460674207,0.2579018593633617
1.8645569620253166,2.1658227848101266,29.241754939073772,0.36163370125501976
1.9506329113924052,2.1658227848101266,32.57757355693916,0.5350155649231368
1.907594936708861,2.1658227848101266,30.445588035251976,0.4252653376348243
1.9936708860759496,2.1658227848101266,33.51749873435399,0.5814857615212893
2.079746835443038,2.1658227848101266,34.75335651048446,0.6413050178754679
2.036708860759494,2.1658227848101266,34.25889907192373,0.6175840370361851
2.1227848101265825,2.1658227848101266,35.16088268865892,0.6604746175123727
2.1658227848101266,2.1658227848101266,36.035161726064246,0.7006732560650816
2.208860759493671,2.1658227848101266,36.86930240484232,0.7384063312185105
2.251898734177215,2.1658227848101266,37.456933236068274,0.7644103858479325
2.2949367088607597,2.1658227848101266,37.89667653281145,0.7834843874730874
2.337974683544304,2.1658227848101266,38.29822852554896,0.8000046960244319
2.3810126582278484,2.1658227848101266,38.33525684637428,0.8000184727916431
2.4240506329113924,2.1658227848101266,38.35517801581523,0.8000231296932305
2.467088607594937,2.1658227848101266,38.38185419590298,0.8000183941386019
2.510126582278481,2.1658227848101266,38.53330589115364,0.8000184218635344
2.5531645569620256,2.1658227848101266,38.60363772322264,0.8000230610753092
2.5962025316455697,2.1658227848101266,38.64475253971108,0.8000228933380531
2.639240506329114,2.1658227848101266,38.68690692952495,0.8000226466853062
2.6822784810126583,2.1658227848101266,38.70370544237878,0.8000227974807408
2.725316455696203,2.1658227848101266,38.7119915849832,0.80002286779656
2.768354430379747,2.1658227848101266,38.718361842707736,0.8000190346363512
2.8544303797468356,2.1658227848101266,38.724318679807695,0.8000183980666372
2.8113924050632915,2.1658227848101266,38.72255871762754,0.8000183877780547
2.940506329113924,2.1658227848101266,38.7278596473791,0.8000184761153549
2.9835443037974683,2.1658227848101266,38.72928732248193,0.8000185848679094
2.8974683544303796,2.1658227848101266,38.72540730770615,0.8000184293838426
3.026582278481013,2.1658227848101266,38.73018927727286,0.80001837992597
3.069620253164557,2.1658227848101266,38.73174675457842,0.8000231027503926
3.1126582278481014,2.1658227848101266,38.732867599761036,0.8000228447918372
3.1556962025316455,2.1658227848101266,38.733277906219875,0.8000227881946714
3.19873417721519,2.1658227848101266,38.735056816860215,0.8000227951490368
3.2848101265822787,2.1658227848101266,38.73650134044688,0.8000183800603919
3.241772151898734,2.1658227848101266,38.73618195979509,0.8000227928626636
3.3708860759493673,2.1658227848101266,38.73847644898304,0.8000184730816151
3.4139240506329114,2.1658227848101266,38.739192978240645,0.8000230982675729
3.3278481012658228,2.1658227848101266,38.73759526312241,0.8000183920871313
3.456962025316456,2.1658227848101266,38.7400461811846,0.8000229675393962
0.1,2.208860759493671,28.026284867285195,0.20419714617511023
3.5,2.1658227848101266,38.740638086107374,0.8000231137685233
0.14303797468354432,2.208860759493671,28.02799953859222,0.2042368764315937
0.1860759493670886,2.208860759493671,28.02677395915706,0.20421670820163923
0.2291139240506329,2.208860759493671,28.027030016741048,0.20421490202583822
0.2721518987341772,2.208860759493671,28.02729787195427,0.2044017069944762
0.31518987341772153,2.208860759493671,28.032656379580015,0.20452983639669287
0.35822784810126584,2.208860759493671,28.03486647993444,0.20445884405085696
0.40126582278481016,2.208860759493671,28.036044791884724,0.20441537294316434
0.44430379746835447,2.208860759493671,28.041219543731984,0.20451128926852857
0.4873417721518988,2.208860759493671,28.046108327759633,0.20441129479924652
0.5303797468354431,2.208860759493671,28.048692823976342,0.20445195201153957
0.5734177215189874,2.208860759493671,28.047181879424116,0.20454131489365493
0.6164556962025316,2.208860759493671,28.05399683849479,0.20459629637202892
0.6594936708860759,2.208860759493671,28.05247634691947,0.20453509434482245
0.7025316455696202,2.208860759493671,28.050170141415922,0.20446049342927722
0.7455696202531645,2.208860759493671,28.046135851703283,0.20444942782745706
0.7886075949367088,2.208860759493671,28.040106598442733,0.20450440107865478
0.8316455696202532,2.208860759493671,27.965340921338004,0.20454898977589495
0.8746835443037975,2.208860759493671,27.890519653012387,0.20446144095965382
0.9177215189873418,2.208860759493671,27.836792171404618,0.20455567500695956
0.9607594936708861,2.208860759493671,27.785067860071614,0.20451615541749107
1.0037974683544304,2.208860759493671,27.75493296700964,0.20458039186382643
1.0468354430379747,2.208860759493671,27.74364122457953,0.20460262473718943
1.089873417721519,2.208860759493671,27.740806290406127,0.2046014680249866
1.1329113924050633,2.208860759493671,27.73650171059553,0.2044524380271911
1.1759493670886076,2.208860759493671,27.733002311992372,0.2044881257067419
1.218987341772152,2.208860759493671,27.728338099914943,0.20452822891655004
1.3050632911392406,2.208860759493671,27.66433291322511,0.20451110197262276
1.2620253164556963,2.208860759493671,27.694550331652593,0.20447949907397417
1.3481012658227849,2.208860759493671,27.59795169754236,0.20459650457621587
1.4772151898734178,2.208860759493671,27.42112678874237,0.20493030165233594
1.4341772151898735,2.208860759493671,27.481253853614966,0.20483548953510197
1.5202531645569621,2.208860759493671,27.286856269154686,0.205011203311593
1.5632911392405064,2.208860759493671,27.023976192028627,0.2053822805516151
1.3911392405063292,2.208860759493671,27.56963735244884,0.20489225643129796
1.6063291139240508,2.208860759493671,26.905334928279803,0.20544299093454396
1.649367088607595,2.208860759493671,26.76632602828285,0.20540807552227222
1.6924050632911394,2.208860759493671,26.64667930800372,0.2054743536806882
1.778481012658228,2.208860759493671,27.673209280779027,0.27260437341091864
1.8215189873417723,2.208860759493671,28.746600161129578,0.33237083992702665
1.7354430379746837,2.208860759493671,26.549515874102298,0.20833784447862586
1.8645569620253166,2.208860759493671,29.531869969396766,0.3749506439238018
1.907594936708861,2.208860759493671,30.731748280397564,0.43833294727442546
1.9506329113924052,2.208860759493671,33.20924637725906,0.5646885152441224
1.9936708860759496,2.208860759493671,34.18466070867359,0.6124857697121667
2.036708860759494,2.208860759493671,34.92670420647188,0.6481424459970023
2.1227848101265825,2.208860759493671,35.74886299696569,0.6871098659249667
2.1658227848101266,2.208860759493671,36.62033825428736,0.7271364805798973
2.079746835443038,2.208860759493671,35.35919548588038,0.6687991012990083
2.208860759493671,2.208860759493671,37.45248708336599,0.7647305051106561
2.251898734177215,2.208860759493671,38.04243514837314,0.7908071531220494
2.337974683544304,2.208860759493671,38.365040420986084,0.8000079667666642
2.2949367088607597,2.208860759493671,38.29156831241466,0.8000084072821357
2.3810126582278484,2.208860759493671,38.394618499162476,0.8000081941067096
2.4240506329113924,2.208860759493671,38.41871249245072,0.800008095701362
2.467088607594937,2.208860759493671,38.44754081380645,0.8000081234885329
2.5531645569620256,2.208860759493671,38.64494425733843,0.8000081311756679
2.510126582278481,2.208860759493671,38.59240915531726,0.8000080435973316
2.5962025316455697,2.208860759493671,38.69218626448598,0.8000081282670998
2.639240506329114,2.208860759493671,38.74029970515671,0.8000081070689272
2.725316455696203,2.208860759493671,38.77032057931478,0.8000080110285102
2.6822784810126583,2.208860759493671,38.76136668361739,0.8000081338469381
2.768354430379747,2.208860759493671,38.776380288735325,0.8000081617450385
2.8113924050632915,2.208860759493671,38.780218394661546,0.8000079938005059
2.8544303797468356,2.208860759493671,38.78158369559146,0.8000080290232828
2.8974683544303796,2.208860759493671,38.78295576464249,0.8000080847057571
2.940506329113924,2.208860759493671,38.784057522866924,0.8000080396513063
2.9835443037974683,2.208860759493671,38.78434551272469,0.8000080973819846
3.069620253164557,2.208860759493671,38.785863141794295,0.8000081212186538
3.026582278481013,2.208860759493671,38.78531518316327,0.8000080194607637
3.1126582278481014,2.208860759493671,38.78656411299811,0.8000081013917403
3.1556962025316455,2.208860759493671,38.787332550753284,0.8000080888835978
3.19873417721519,2.208860759493671,38.78792006715539,0.8000080873482583
3.241772151898734,2.208860759493671,38.78897846508396,0.8000080780473413
3.2848101265822787,2.208860759493671,38.78887702772296,0.8000080341776121
3.3278481012658228,2.208860759493671,38.789751216180434,0.8000081135517346
3.3708860759493673,2.208860759493671,38.78996488431905,0.800008064775225
3.4139240506329114,2.208860759493671,38.79047879086802,0.8000081054072083
3.456962025316456,2.208860759493671,38.79110896445107,0.8000081139084853
3.5,2.208860759493671,38.791535770441996,0.8000080940705365
0.14303797468354432,2.251898734177215,28.107695519383366,0.20492201633981866
0.1,2.251898734177215,28.106592105964282,0.20498440182400143
0.1860759493670886,2.251898734177215,28.10900728681988,0.20499726247282377
0.2291139240506329,2.251898734177215,28.109938306600057,0.205028441805318
0.2721518987341772,2.251898734177215,28.124378664595746,0.20508263912174007
0.31518987341772153,2.251898734177215,28.13059504458137,0.2050097220660086
0.35822784810126584,2.251898734177215,28.129191839675237,0.2049343266106814
0.44430379746835447,2.251898734177215,28.133958998045504,0.20497241426527232
0.40126582278481016,2.251898734177215,28.128725295527232,0.20507811771896578
0.5303797468354431,2.251898734177215,28.128256897726395,0.20492853474818948
0.4873417721518988,2.251898734177215,28.135708603342774,0.20507380783179535
0.5734177215189874,2.251898734177215,28.131137445899434,0.20505073497763587
0.6164556962025316,2.251898734177215,28.127924841452383,0.20501976224780083
0.6594936708860759,2.251898734177215,28.126775046671536,0.2050124764765923
0.7025316455696202,2.251898734177215,28.125542689479904,0.20495389667676983
0.7455696202531645,2.251898734177215,28.119863423730582,0.20504705301276718
0.7886075949367088,2.251898734177215,28.115666897271208,0.20504953409704957
0.8316455696202532,2.251898734177215,28.058365989426022,0.2049567408653592
0.8746835443037975,2.251898734177215,27.987278124019483,0.20505711035433277
0.9177215189873418,2.251898734177215,27.930747388248857,0.20510073410607385
0.9607594936708861,2.251898734177215,27.88360599565752,0.20504934714480194
1.0037974683544304,2.251898734177215,27.853490136597067,0.20511361001305875
1.0468354430379747,2.251898734177215,27.839196985111695,0.204988459690642
1.089873417721519,2.251898734177215,27.83610021909154,0.20496901703292733
1.1329113924050633,2.251898734177215,27.832070310898406,0.20502279024476078
1.1759493670886076,2.251898734177215,27.82598019158665,0.20503600468107092
1.218987341772152,2.251898734177215,27.817901863361882,0.20506327690277973
1.2620253164556963,2.251898734177215,27.78296014927834,0.2054107458636329
1.3050632911392406,2.251898734177215,27.75339789068845,0.20542645972577647
1.3481012658227849,2.251898734177215,27.68377928390412,0.20545696269812275
1.3911392405063292,2.251898734177215,27.646102815831185,0.2054418812017335
1.4341772151898735,2.251898734177215,27.548497762971813,0.20545991725347224
1.4772151898734178,2.251898734177215,27.480356036523933,0.2054836496705026
1.5202531645569621,2.251898734177215,27.337213152479727,0.20571241752787656
1.5632911392405064,2.251898734177215,27.072714686962225,0.20599028595929444
1.6063291139240508,2.251898734177215,26.954689836037844,0.20607404237113622
1.649367088607595,2.251898734177215,26.79824275838842,0.20604242898410785
1.6924050632911394,2.251898734177215,26.68843575822039,0.20610292652814236
1.7354430379746837,2.251898734177215,26.7364909224291,0.21708867790634054
1.778481012658228,2.251898734177215,27.827405664468674,0.27962245146049375
1.8215189873417723,2.251898734177215,28.905001967717894,0.33955244977265553
1.8645569620253166,2.251898734177215,29.731291216473,0.3840943803681798
1.907594936708861,2.251898734177215,31.020902958728758,0.4516537183364598
1.9506329113924052,2.251898734177215,33.91732788006184,0.5974135830367656
1.9936708860759496,2.251898734177215,34.96840041581242,0.64821808806027
2.079746835443038,2.251898734177215,35.89735634654148,0.692749600391014
2.1227848101265825,2.251898734177215,36.246004326283824,0.7091255445990908
2.036708860759494,2.251898734177215,35.48934004333612,0.6733028960142771
2.1658227848101266,2.251898734177215,37.126953703207654,0.7495303237165811
2.208860759493671,2.251898734177215,37.96070666414687,0.7871496576263366
2.251898734177215,2.251898734177215,38.292960639147395,0.8000170907921306
2.2949367088607597,2.251898734177215,38.34375889277387,0.8000171365868307
2.337974683544304,2.251898734177215,38.420135595854866,0.8000171553456066
2.3810126582278484,2.251898734177215,38.45250345135175,0.8000174676401297
2.4240506329113924,2.251898734177215,38.471076599441155,0.8000169700029136
2.467088607594937,2.251898734177215,38.50490996590783,0.8000174868905391
2.510126582278481,2.251898734177215,38.63026372260162,0.8000173808450042
2.5531645569620256,2.251898734177215,38.68589985732295,0.8000168184801145
2.639240506329114,2.251898734177215,38.77643974471987,0.8000171375549799
2.5962025316455697,2.251898734177215,38.73060040223672,0.8000173170360317
2.725316455696203,2.251898734177215,38.79664788175298,0.8000171413154
2.6822784810126583,2.251898734177215,38.791492303537055,0.8000173922016793
2.768354430379747,2.251898734177215,38.80177586185777,0.8000173990302343
2.8544303797468356,2.251898734177215,38.80698756345998,0.8000085430907852
2.8113924050632915,2.251898734177215,38.80495114663877,0.8000083106571324
2.8974683544303796,2.251898734177215,38.807558868396434,0.8000083342766371
2.9835443037974683,2.251898734177215,38.80919861400845,0.800008407154392
3.026582278481013,2.251898734177215,38.81086782892309,0.8000083934229514
2.940506329113924,2.251898734177215,38.808599456111985,0.8000174479800697
3.1126582278481014,2.251898734177215,38.81137737241166,0.8000083347336833
3.1556962025316455,2.251898734177215,38.81180588638458,0.8000084147107566
3.069620253164557,2.251898734177215,38.81098256737316,0.8000084376193811
3.19873417721519,2.251898734177215,38.814219631362214,0.8000166487438247
3.241772151898734,2.251898734177215,38.81368711152045,0.8000084254773587
3.2848101265822787,2.251898734177215,38.81427543637569,0.8000166475256005
3.3708860759493673,2.251898734177215,38.8148139362499,0.800016653893264
3.3278481012658228,2.251898734177215,38.81477842894832,0.8000167061002097
3.456962025316456,2.251898734177215,38.8149831579293,0.8000084096241019
3.4139240506329114,2.251898734177215,38.814693309220594,0.8000083177030411
3.5,2.251898734177215,38.81602423558494,0.8000174131184709
0.14303797468354432,2.2949367088607597,28.264263187619544,0.20539958422024757
0.1,2.2949367088607597,28.232605343444604,0.20535134934479976
0.1860759493670886,2.2949367088607597,28.27612631873076,0.20543049673255065
0.2291139240506329,2.2949367088607597,28.273315314423247,0.2052989835902447
0.2721518987341772,2.2949367088607597,28.279669690696846,0.2053393478113335
0.31518987341772153,2.2949367088607597,28.282161504941488,0.20535493412996025
0.35822784810126584,2.2949367088607597,28.285661069750333,0.20532989509201818
0.40126582278481016,2.2949367088607597,28.285293045405,0.20534446263313924
0.4873417721518988,2.2949367088607597,28.31814469200088,0.20546568015503103
0.44430379746835447,2.2949367088607597,28.29460605047552,0.20542712069677865
0.5303797468354431,2.2949367088607597,28.3173813911315,0.2053038422297484
0.5734177215189874,2.2949367088607597,28.318729158805446,0.2053118274849517
0.6594936708860759,2.2949367088607597,28.317305426592508,0.20546059617085302
0.7455696202531645,2.2949367088607597,28.316405295458317,0.2053031916424948
0.7025316455696202,2.2949367088607597,28.314050983963156,0.20543083889897115
0.6164556962025316,2.2949367088607597,28.315108945159153,0.20540212556378132
0.7886075949367088,2.2949367088607597,28.30871901298415,0.20533679698661142
0.8316455696202532,2.2949367088607597,28.229465225871078,0.2053301257827909
0.8746835443037975,2.2949367088607597,28.15475929329147,0.20539044008263124
0.9177215189873418,2.2949367088607597,28.105642268310433,0.20546387578952424
0.9607594936708861,2.2949367088607597,28.048729363957186,0.2053313504796248
1.0037974683544304,2.2949367088607597,28.007663090715855,0.2053523276386653
1.0468354430379747,2.2949367088607597,27.991371208822883,0.20532834617095377
1.1329113924050633,2.2949367088607597,27.993036813708997,0.2055504859057261
1.089873417721519,2.2949367088607597,27.996569426051707,0.20547758013456086
1.1759493670886076,2.2949367088607597,27.991136995293857,0.2058858874958289
1.218987341772152,2.2949367088607597,27.97644652508015,0.20572022970265452
1.2620253164556963,2.2949367088607597,27.936469032466363,0.20582187818834194
1.3050632911392406,2.2949367088607597,27.90312430071772,0.20571947505346333
1.3481012658227849,2.2949367088607597,27.8252782981669,0.2058996324363013
1.3911392405063292,2.2949367088607597,27.78205151926555,0.20592561238701923
1.4341772151898735,2.2949367088607597,27.675130629358545,0.20584733196275373
1.4772151898734178,2.2949367088607597,27.608433947640872,0.20610234176769568
1.5202531645569621,2.2949367088607597,27.472709509931704,0.20654659303319198
1.5632911392405064,2.2949367088607597,27.1805511916882,0.20666229705329062
1.6063291139240508,2.2949367088607597,27.054113406976196,0.2066450475140917
1.649367088607595,2.2949367088607597,26.889596920102086,0.20667657447330715
1.6924050632911394,2.2949367088607597,26.74362893342799,0.20669959981646793
1.7354430379746837,2.2949367088607597,27.11187470625393,0.23389573239158737
1.778481012658228,2.2949367088607597,28.29473717107195,0.3006151824520155
1.8215189873417723,2.2949367088607597,29.42224949713837,0.3626406676679443
1.8645569620253166,2.2949367088607597,30.306306673362847,0.40980653266658607
1.907594936708861,2.2949367088607597,32.99394473700073,0.5445065150188824
1.9506329113924052,2.2949367088607597,35.78016047544551,0.681651738608797
1.9936708860759496,2.2949367088607597,36.20636110927263,0.702558180792307
2.036708860759494,2.2949367088607597,36.606930665266546,0.7220397679783522
2.079746835443038,2.2949367088607597,36.97025122219271,0.7393999966621991
2.1227848101265825,2.2949367088607597,37.31606384487369,0.7555996858021466
2.1658227848101266,2.2949367088607597,38.20983942080368,0.7964803201452855
2.208860759493671,2.2949367088607597,38.345648882118645,0.800005943046848
2.251898734177215,2.2949367088607597,38.39148967618486,0.8000055998729249
2.2949367088607597,2.2949367088607597,38.457549664191816,0.8000122375176851
2.3810126582278484,2.2949367088607597,38.530639277701674,0.8000127609315009
2.4240506329113924,2.2949367088607597,38.5535532856282,0.8000057418405019
2.337974683544304,2.2949367088607597,38.51547321230229,0.8000127181096569
2.467088607594937,2.2949367088607597,38.615249102474415,0.800012106084617
2.5531645569620256,2.2949367088607597,38.768312830538534,0.8000126512703524
2.510126582278481,2.2949367088607597,38.71515899854668,0.800012572659741
2.5962025316455697,2.2949367088607597,38.799145758730084,0.8000059386665791
2.639240506329114,2.2949367088607597,38.84013489972087,0.8000057624637789
2.6822784810126583,2.2949367088607597,38.85728018776078,0.800006034616232
2.725316455696203,2.2949367088607597,38.86313490852346,0.8000060025350123
2.768354430379747,2.2949367088607597,38.86738357936584,0.8000126705067506
2.8544303797468356,2.2949367088607597,38.87093040958486,0.8000126229442426
2.8113924050632915,2.2949367088607597,38.8700655195628,0.8000127974160175
2.8974683544303796,2.2949367088607597,38.87280694351062,0.8000126899370198
2.940506329113924,2.2949367088607597,38.87295367937933,0.8000126120687568
2.9835443037974683,2.2949367088607597,38.873520864208444,0.8000058814726249
3.069620253164557,2.2949367088607597,38.874864391902086,0.8000058990406005
3.026582278481013,2.2949367088607597,38.87441354853951,0.8000057803603622
3.1126582278481014,2.2949367088607597,38.875383990243144,0.8000058496987581
3.1556962025316455,2.2949367088607597,38.87604686416057,0.8000058626411287
3.19873417721519,2.2949367088607597,38.875659407132616,0.800005915044276
3.241772151898734,2.2949367088607597,38.876249117713996,0.8000059133645155
3.2848101265822787,2.2949367088607597,38.87627502661323,0.8000058760323278
3.3278481012658228,2.2949367088607597,38.87739064795761,0.8000126173523903
3.3708860759493673,2.2949367088607597,38.87805215099387,0.8000126172415081
3.4139240506329114,2.2949367088607597,38.87801277431368,0.8000126520170117
3.456962025316456,2.2949367088607597,38.878593581211554,0.8000126180195203
3.5,2.2949367088607597,38.878127320693096,0.8000126159172372
0.1,2.337974683544304,28.543245759988988,0.20568041064176343
0.1860759493670886,2.337974683544304,28.536020834019773,0.20545362813904025
0.14303797468354432,2.337974683544304,28.54108534949005,0.20568149597470717
0.2291139240506329,2.337974683544304,28.535270960675938,0.20545232704653635
0.2721518987341772,2.337974683544304,28.536178498980988,0.20562365535184213
0.31518987341772153,2.337974683544304,28.534879927592193,0.20559425715461332
0.35822784810126584,2.337974683544304,28.531861102628472,0.2056045634714476
0.40126582278481016,2.337974683544304,28.52790116515102,0.20561966385642172
0.44430379746835447,2.337974683544304,28.522882605645254,0.20545170342816862
0.4873417721518988,2.337974683544304,28.525277271775305,0.20559584964514563
0.5303797468354431,2.337974683544304,28.524065598128768,0.2056320816270665
0.5734177215189874,2.337974683544304,28.52012759933084,0.2056413506907972
0.6164556962025316,2.337974683544304,28.514749383340657,0.2056292673618637
0.6594936708860759,2.337974683544304,28.511599857208562,0.20564224301339487
0.7025316455696202,2.337974683544304,28.5046039689401,0.2056631108903559
0.7455696202531645,2.337974683544304,28.494329214869374,0.2054671449637709
0.8316455696202532,2.337974683544304,28.386817506780712,0.2055587753009633
0.7886075949367088,2.337974683544304,28.485913191167416,0.20547757684671003
0.9177215189873418,2.337974683544304,28.236225989987272,0.20552717465530368
0.8746835443037975,2.337974683544304,28.305382738683715,0.20556383325048455
0.9607594936708861,2.337974683544304,28.16345253170771,0.20552927118568956
1.0037974683544304,2.337974683544304,28.124773895541374,0.20557347849211316
1.0468354430379747,2.337974683544304,28.105940363507397,0.205577081057471
1.089873417721519,2.337974683544304,28.110305932642085,0.20604245055020615
1.1329113924050633,2.337974683544304,28.103007681676196,0.20603203098475267
1.1759493670886076,2.337974683544304,28.09724804591503,0.20609084303853628
1.218987341772152,2.337974683544304,28.0850157075074,0.20599144567760302
1.3050632911392406,2.337974683544304,28.014901886025662,0.20609705386854632
1.2620253164556963,2.337974683544304,28.045152863793646,0.20596907925967575
1.3481012658227849,2.337974683544304,27.924006103634444,0.20592645633520992
1.3911392405063292,2.337974683544304,27.885063064931643,0.20617135328380223
1.4341772151898735,2.337974683544304,27.78035442214131,0.2065782905104241
1.4772151898734178,2.337974683544304,27.70434713072628,0.20687167684067131
1.6063291139240508,2.337974683544304,27.120834361040338,0.20694523684025687
1.5632911392405064,2.337974683544304,27.23702422276458,0.2069177354230657
1.5202531645569621,2.337974683544304,27.560128863336125,0.20688376578010678
1.649367088607595,2.337974683544304,26.954448566880167,0.20692033907936846
1.6924050632911394,2.337974683544304,26.79905013610529,0.20696854889311792
1.778481012658228,2.337974683544304,28.771454798975412,0.3218375370790607
1.7354430379746837,2.337974683544304,27.62398183314419,0.25697151538631474
1.8215189873417723,2.337974683544304,29.92126323361803,0.3847742333104668
1.8645569620253166,2.337974683544304,32.10262149592369,0.4940686811590026
1.907594936708861,2.337974683544304,35.26466386161937,0.6481235953394586
2.036708860759494,2.337974683544304,37.40951646502461,0.7563122448630638
1.9936708860759496,2.337974683544304,37.034932165520274,0.7380753640462397
1.9506329113924052,2.337974683544304,36.65540000377955,0.7193769340839399
2.079746835443038,2.337974683544304,37.7762918622914,0.7737784648427483
2.1227848101265825,2.337974683544304,38.13587624622143,0.7905694476860122
2.1658227848101266,2.337974683544304,38.36943593577817,0.8000159410287083
2.208860759493671,2.337974683544304,38.403327927795274,0.800020927416123
2.251898734177215,2.337974683544304,38.46982987771402,0.8000195829593877
2.2949367088607597,2.337974683544304,38.50879268724855,0.8000307990458243
2.337974683544304,2.337974683544304,38.56310329153423,0.8000307634389457
2.3810126582278484,2.337974683544304,38.58795968016043,0.8000226609645176
2.4240506329113924,2.337974683544304,38.60453659954181,0.8000309444396595
2.467088607594937,2.337974683544304,38.69300605590159,0.800030865013286
2.510126582278481,2.337974683544304,38.76305567658315,0.8000193311442617
2.5962025316455697,2.337974683544304,38.838612495290036,0.8000308858288693
2.5531645569620256,2.337974683544304,38.81126271831363,0.8000177540695416
2.639240506329114,2.337974683544304,38.8802488717446,0.8000226894573833
2.768354430379747,2.337974683544304,38.906161996140405,0.8000308079570859
2.6822784810126583,2.337974683544304,38.895702396145154,0.8000196273033151
2.725316455696203,2.337974683544304,38.90233297637668,0.8000308511208462
2.8113924050632915,2.337974683544304,38.90931788969957,0.8000309208052592
2.8544303797468356,2.337974683544304,38.91009239961891,0.800019856544771
2.8974683544303796,2.337974683544304,38.91034494704529,0.8000197319205645
2.940506329113924,2.337974683544304,38.912264054849,0.8000194846012982
3.026582278481013,2.337974683544304,38.91216114927674,0.8000197578246492
2.9835443037974683,2.337974683544304,38.91296973219814,0.8000195592724552
3.069620253164557,2.337974683544304,38.91296367691939,0.8000195726486568
3.1126582278481014,2.337974683544304,38.91349935381883,0.8000197898533845
3.1556962025316455,2.337974683544304,38.913571487994666,0.8000196837108106
3.19873417721519,2.337974683544304,38.91377787377469,0.8000211474725
3.2848101265822787,2.337974683544304,38.9149521982435,0.8000196848518808
3.241772151898734,2.337974683544304,38.91511393392097,0.8000197192276195
3.3278481012658228,2.337974683544304,38.91555180961199,0.8000195630005921
3.3708860759493673,2.337974683544304,38.91606518687515,0.800019719796317
3.4139240506329114,2.337974683544304,38.91608950255031,0.8000196772400922
3.456962025316456,2.337974683544304,38.915972661807785,0.8000196844223405
3.5,2.337974683544304,38.91658401334843,0.8000197794865219
0.1,2.3810126582278484,28.67628656990027,0.20592048605136543
0.14303797468354432,2.3810126582278484,28.67485670955056,0.20592024789212196
0.2291139240506329,2.3810126582278484,28.667707079926046,0.2056959806739536
0.1860759493670886,2.3810126582278484,28.671304343115015,0.2056974162614291
0.31518987341772153,2.3810126582278484,28.664160046549323,0.20571742142884558
0.2721518987341772,2.3810126582278484,28.669206010092253,0.20580108165509722
0.35822784810126584,2.3810126582278484,28.66472671352818,0.20592082293052724
0.40126582278481016,2.3810126582278484,28.659559080291224,0.20575606166577493
0.44430379746835447,2.3810126582278484,28.657908368290922,0.20573064983923556
0.4873417721518988,2.3810126582278484,28.655300696666515,0.20572398519151516
0.5303797468354431,2.3810126582278484,28.652879673017175,0.2057204968170642
0.5734177215189874,2.3810126582278484,28.646947358567953,0.20570636440937926
0.6164556962025316,2.3810126582278484,28.641181198336017,0.20577134785570306
0.7455696202531645,2.3810126582278484,28.62399539407496,0.2057266685529354
0.7886075949367088,2.3810126582278484,28.61289218358462,0.20579275274004802
0.6594936708860759,2.3810126582278484,28.63711614076091,0.20582843981860763
0.7025316455696202,2.3810126582278484,28.628517192019725,0.20571602366139433
0.8316455696202532,2.3810126582278484,28.50854372971941,0.2057782045418021
0.8746835443037975,2.3810126582278484,28.417836893932293,0.20586249411190305
0.9177215189873418,2.3810126582278484,28.34062477485456,0.2059014767349867
0.9607594936708861,2.3810126582278484,28.265592758697146,0.20582022276916806
1.0037974683544304,2.3810126582278484,28.235405752403135,0.20626357621386918
1.0468354430379747,2.3810126582278484,28.221727573705877,0.20632234855526121
1.089873417721519,2.3810126582278484,28.213085882657154,0.2062474723379749
1.1329113924050633,2.3810126582278484,28.203791883265175,0.20613756618931942
1.1759493670886076,2.3810126582278484,28.19421931048403,0.20615613387108003
1.218987341772152,2.3810126582278484,28.183560324070516,0.2062275133045351
1.2620253164556963,2.3810126582278484,28.139183734295685,0.2063017867221948
1.3050632911392406,2.3810126582278484,28.09926128461057,0.20622453055012252
1.3481012658227849,2.3810126582278484,28.012186588383113,0.20639231932978516
1.3911392405063292,2.3810126582278484,27.983508634974328,0.20712224902580095
1.5202531645569621,2.3810126582278484,27.625776074637688,0.2071827950230668
1.4341772151898735,2.3810126582278484,27.85889688580182,0.2072418519083346
1.4772151898734178,2.3810126582278484,27.771535788776347,0.20726341514961788
1.5632911392405064,2.3810126582278484,27.31300891799562,0.20728835982668792
1.6063291139240508,2.3810126582278484,27.16999545983708,0.20729053400404246
1.649367088607595,2.3810126582278484,27.006477909681227,0.20725132564331283
1.6924050632911394,2.3810126582278484,26.844838918031765,0.20730245715068152
1.7354430379746837,2.3810126582278484,27.96376577897575,0.27215919937395405
1.778481012658228,2.3810126582278484,29.31094520947484,0.3460435815229521
1.8215189873417723,2.3810126582278484,32.133422725993825,0.4858248209358587
1.8645569620253166,2.3810126582278484,34.7853040879609,0.6183712530934938
1.907594936708861,2.3810126582278484,35.8781733658415,0.6740348458344704
1.9506329113924052,2.3810126582278484,37.333394003939596,0.7481296442881562
1.9936708860759496,2.3810126582278484,37.66375985431748,0.7644878031047209
2.036708860759494,2.3810126582278484,38.040994460114554,0.7827858008024278
2.079746835443038,2.3810126582278484,38.400187138821906,0.7998763603878926
2.1227848101265825,2.3810126582278484,38.42000507891656,0.8000206789425877
2.208860759493671,2.3810126582278484,38.476866448860655,0.8000192544656359
2.1658227848101266,2.3810126582278484,38.428669480429264,0.8000095353462695
2.251898734177215,2.3810126582278484,38.51802378038192,0.8000116147705417
2.337974683544304,2.3810126582278484,38.6203431719059,0.8000254153752279
2.2949367088607597,2.3810126582278484,38.55563545306619,0.8000124837515254
2.4240506329113924,2.3810126582278484,38.65474481107991,0.800025402675463
2.3810126582278484,2.3810126582278484,38.64302936155756,0.8000253807187154
2.467088607594937,2.3810126582278484,38.76069874268093,0.8000255601272881
2.510126582278481,2.3810126582278484,38.81704587524168,0.8000122409064729
2.5531645569620256,2.3810126582278484,38.86497518824548,0.8000118448968673
2.5962025316455697,2.3810126582278484,38.89081799954709,0.8000248599451295
2.639240506329114,2.3810126582278484,38.92524891832096,0.800025367721476
2.6822784810126583,2.3810126582278484,38.93637981732348,0.8000122565019829
2.725316455696203,2.3810126582278484,38.942487295064794,0.8000122915062778
2.768354430379747,2.3810126582278484,38.945658255850645,0.8000331665500151
2.8113924050632915,2.3810126582278484,38.948447999183394,0.8000255460676542
2.8544303797468356,2.3810126582278484,38.94979646608368,0.8000194476455984
2.8974683544303796,2.3810126582278484,38.95080895053123,0.8000194962346427
2.940506329113924,2.3810126582278484,38.9514119635574,0.8000255827186562
2.9835443037974683,2.3810126582278484,38.95165957222859,0.8000255275159132
3.026582278481013,2.3810126582278484,38.95251600068999,0.800025618313565
3.069620253164557,2.3810126582278484,38.9526365471536,0.8000255879783073
3.1126582278481014,2.3810126582278484,38.95414930774516,0.8000332141408929
3.1556962025316455,2.3810126582278484,38.953487640118325,0.8000255344566878
3.19873417721519,2.3810126582278484,38.95421209906161,0.8000255490718902
3.241772151898734,2.3810126582278484,38.953953658535816,0.8000255623699697
3.2848101265822787,2.3810126582278484,38.9537621353854,0.8000194475081367
3.3278481012658228,2.3810126582278484,38.9545170906973,0.800019496290973
3.3708860759493673,2.3810126582278484,38.95440639857249,0.8000194705209392
3.4139240506329114,2.3810126582278484,38.95502336259423,0.8000194698475644
3.5,2.3810126582278484,38.95580553833032,0.8000194590918165
3.456962025316456,2.3810126582278484,38.95481395966426,0.8000194700332602
0.14303797468354432,2.4240506329113924,28.812503582958733,0.2061840588024381
0.1860759493670886,2.4240506329113924,28.812908079838827,0.2062024967277563
0.1,2.4240506329113924,28.81656822499181,0.20617277916968402
0.2291139240506329,2.4240506329113924,28.810775805534377,0.20618619428914292
0.2721518987341772,2.4240506329113924,28.806320487987872,0.20620515345379853
0.31518987341772153,2.4240506329113924,28.805319862778525,0.20613278985529704
0.40126582278481016,2.4240506329113924,28.801411598418262,0.20613829598005426
0.44430379746835447,2.4240506329113924,28.80137675075962,0.2061809057341602
0.35822784810126584,2.4240506329113924,28.802022168164225,0.2060339558149229
0.4873417721518988,2.4240506329113924,28.798093613746797,0.20611006313628172
0.5303797468354431,2.4240506329113924,28.798979317243397,0.20619730545142007
0.5734177215189874,2.4240506329113924,28.790485199222314,0.20614585786739903
0.6164556962025316,2.4240506329113924,28.777828781824404,0.20599744299233083
0.6594936708860759,2.4240506329113924,28.773807132764954,0.20605629732520725
0.7025316455696202,2.4240506329113924,28.76755763139557,0.20598107939160273
0.7455696202531645,2.4240506329113924,28.759586997875843,0.20604239521147014
0.7886075949367088,2.4240506329113924,28.75089625586031,0.20615623874694974
0.8316455696202532,2.4240506329113924,28.64845091166235,0.2060299784313113
0.8746835443037975,2.4240506329113924,28.549814628151108,0.206443545972398
0.9607594936708861,2.4240506329113924,28.378538875707157,0.20648752261639897
0.9177215189873418,2.4240506329113924,28.460845765156275,0.20648490580348522
1.0037974683544304,2.4240506329113924,28.34047412609,0.20649131675486984
1.0468354430379747,2.4240506329113924,28.32786650750717,0.20662524035620353
1.089873417721519,2.4240506329113924,28.322034010276322,0.20657463069620136
1.1759493670886076,2.4240506329113924,28.30697712806705,0.2065592888896361
1.1329113924050633,2.4240506329113924,28.313910815257834,0.20655246580302933
1.218987341772152,2.4240506329113924,28.28959060415557,0.20651775153567642
1.2620253164556963,2.4240506329113924,28.241381539207225,0.20661447041471698
1.3050632911392406,2.4240506329113924,28.216893449185164,0.20709826676380047
1.3481012658227849,2.4240506329113924,28.128258083720727,0.20742386237182156
1.3911392405063292,2.4240506329113924,28.088919141275532,0.2075840856247464
1.4341772151898735,2.4240506329113924,27.961674604124383,0.20758918307423244
1.4772151898734178,2.4240506329113924,27.868659171962733,0.20749826979642308
1.5202531645569621,2.4240506329113924,27.71991991661069,0.207597766540978
1.5632911392405064,2.4240506329113924,27.391403632113978,0.20755378858587253
1.6063291139240508,2.4240506329113924,27.23864536344029,0.20763839036772175
1.6924050632911394,2.4240506329113924,27.75894660507446,0.24804770576007362
1.649367088607595,2.4240506329113924,27.072618656874052,0.20751772197779517
1.7354430379746837,2.4240506329113924,29.553101332852513,0.3438179272694412
1.778481012658228,2.4240506329113924,31.843336139623368,0.46143339378046266
1.8215189873417723,2.4240506329113924,33.778581950839374,0.5601629650401382
1.907594936708861,2.4240506329113924,36.78721107282346,0.7118591780934079
1.8645569620253166,2.4240506329113924,35.94896705457019,0.6691455282694557
1.9506329113924052,2.4240506329113924,38.19282515448193,0.7835388233865429
1.9936708860759496,2.4240506329113924,38.51746839096382,0.7995809752296829
2.036708860759494,2.4240506329113924,38.51928043416691,0.7999994206372515
2.079746835443038,2.4240506329113924,38.5119554906899,0.8000078348391729
2.1658227848101266,2.4240506329113924,38.50509896858775,0.8000041603097865
2.208860759493671,2.4240506329113924,38.54154834333277,0.8000514615527333
2.1227848101265825,2.4240506329113924,38.50367838161644,0.7999956847794427
2.251898734177215,2.4240506329113924,38.568626648219315,0.800005403475158
2.2949367088607597,2.4240506329113924,38.62048103326047,0.800033689570435
2.337974683544304,2.4240506329113924,38.66936214311926,0.8000331217139183
2.4240506329113924,2.4240506329113924,38.7110654735047,0.8000343453279808
2.3810126582278484,2.4240506329113924,38.691060585775645,0.8000109504761544
2.467088607594937,2.4240506329113924,38.82990853144829,0.8000109634484364
2.510126582278481,2.4240506329113924,38.87713430390036,0.8000116502758067
2.5531645569620256,2.4240506329113924,38.911004542984934,0.8000336598732353
2.639240506329114,2.4240506329113924,38.97901212207034,0.800033029758342
2.5962025316455697,2.4240506329113924,38.93511013277918,0.8000474540637528
2.6822784810126583,2.4240506329113924,38.987092317160815,0.8000475709874737
2.725316455696203,2.4240506329113924,38.99059879484317,0.8000054260069214
2.768354430379747,2.4240506329113924,38.99325582694384,0.8000330451255904
2.8113924050632915,2.4240506329113924,38.995556221681404,0.8000335057408844
2.8544303797468356,2.4240506329113924,38.99525387086829,0.8000330804222892
2.9835443037974683,2.4240506329113924,38.99589970484066,0.8000335081001363
2.8974683544303796,2.4240506329113924,38.99529063812259,0.8000055187975619
3.026582278481013,2.4240506329113924,38.99596884886517,0.8000335720422862
2.940506329113924,2.4240506329113924,38.996530019687256,0.8000335107730436
3.069620253164557,2.4240506329113924,38.995939308565724,0.8000330801449139
3.1556962025316455,2.4240506329113924,38.99653208024033,0.8000335954162135
3.1126582278481014,2.4240506329113924,38.99625682864158,0.800033585697057
3.19873417721519,2.4240506329113924,38.99634277749996,0.8000330774610167
3.241772151898734,2.4240506329113924,38.99683052874039,0.8000330692615373
3.2848101265822787,2.4240506329113924,38.99662666441934,0.800033593391638
3.3278481012658228,2.4240506329113924,38.996901869670914,0.8000335885036451
3.3708860759493673,2.4240506329113924,38.99698236689216,0.8000054055977461
3.4139240506329114,2.4240506329113924,38.997221088337376,0.8000335021944335
3.456962025316456,2.4240506329113924,38.99821946291166,0.8000335657397121
3.5,2.4240506329113924,38.99794819332322,0.8000335848087587
0.1,2.467088607594937,28.9223729876829,0.20634090848241393
0.14303797468354432,2.467088607594937,28.922954685539967,0.20638073059695225
0.1860759493670886,2.467088607594937,28.917183141028673,0.20617076601780063
0.2291139240506329,2.467088607594937,28.915548735961696,0.20622799250762286
0.31518987341772153,2.467088607594937,28.9172511701324,0.2061798668945605
0.2721518987341772,2.467088607594937,28.91915938373974,0.2061786951604016
0.35822784810126584,2.467088607594937,28.91829750797902,0.2062612948280677
0.40126582278481016,2.467088607594937,28.92551784672717,0.20636546978502784
0.44430379746835447,2.467088607594937,28.92443966104306,0.20617749631882534
0.4873417721518988,2.467088607594937,28.924696908192406,0.20624521942739885
0.5303797468354431,2.467088607594937,28.921561262483372,0.20627648961059916
0.5734177215189874,2.467088607594937,28.916300560179078,0.20637879006779336
0.6164556962025316,2.467088607594937,28.907315930991057,0.20637956631766788
0.6594936708860759,2.467088607594937,28.899755006290434,0.20639766368156315
0.7025316455696202,2.467088607594937,28.891974610507386,0.20634287194848455
0.7455696202531645,2.467088607594937,28.885580202261778,0.2063295613734367
0.7886075949367088,2.467088607594937,28.88693575335246,0.20672351397730476
0.8316455696202532,2.467088607594937,28.785860352645578,0.20665669477633639
0.9177215189873418,2.467088607594937,28.570711116925494,0.20669161105901315
0.8746835443037975,2.467088607594937,28.66782802943213,0.20674560814831647
0.9607594936708861,2.467088607594937,28.49018580288729,0.20675178982285944
1.0037974683544304,2.467088607594937,28.452588308081697,0.2067364918004042
1.0468354430379747,2.467088607594937,28.43899943968899,0.20681145732796805
1.1329113924050633,2.467088607594937,28.42202652035457,0.20666881638802648
1.089873417721519,2.467088607594937,28.43289336709595,0.20675064533045087
1.1759493670886076,2.467088607594937,28.41865244220845,0.20687111776324266
1.218987341772152,2.467088607594937,28.413015333418908,0.20740318498017887
1.2620253164556963,2.467088607594937,28.372353905367024,0.20772737039820158
1.3050632911392406,2.467088607594937,28.33805297404985,0.20777390313400768
1.3481012658227849,2.467088607594937,28.240652573850387,0.2077816740266637
1.3911392405063292,2.467088607594937,28.19639139340427,0.20781085393777654
1.4341772151898735,2.467088607594937,28.05941668179455,0.20776849133910544
1.5202531645569621,2.467088607594937,27.813263516065557,0.20789525259839237
1.4772151898734178,2.467088607594937,27.981866037213074,0.20791622951531558
1.5632911392405064,2.467088607594937,27.49133640587225,0.2078648902475021
1.6063291139240508,2.467088607594937,27.37367661577745,0.2078391265972086
1.649367088607595,2.467088607594937,27.89652995049424,0.2413708630246181
1.6924050632911394,2.467088607594937,29.379833624907235,0.321277177119051
1.7354430379746837,2.467088607594937,31.28940381672361,0.42278563188727236
1.778481012658228,2.467088607594937,33.16952566220806,0.5207991346368198
1.8215189873417723,2.467088607594937,35.655294667083,0.6467832472929532
1.8645569620253166,2.467088607594937,36.73127211580765,0.7020109993729927
1.9506329113924052,2.467088607594937,38.639621840567116,0.8000356964789347
1.907594936708861,2.467088607594937,37.48035852027522,0.740208465813145
1.9936708860759496,2.467088607594937,38.631421991802995,0.8002879631086129
2.079746835443038,2.467088607594937,38.57509951796753,0.8000001903474238
2.036708860759494,2.467088607594937,38.610609412106804,0.800030990189971
2.1227848101265825,2.467088607594937,38.551378633209744,0.8000130745598372
2.1658227848101266,2.467088607594937,38.580130151982694,0.8000479960982206
2.208860759493671,2.467088607594937,38.58564298749457,0.8000508736697404
2.251898734177215,2.467088607594937,38.63711210138416,0.8000103443818544
2.2949367088607597,2.467088607594937,38.67036265546298,0.8000028715422094
2.337974683544304,2.467088607594937,38.73289387449163,0.8000320705843139
2.3810126582278484,2.467088607594937,38.75749342110578,0.8000324685710676
2.4240506329113924,2.467088607594937,38.774821790642164,0.8000032553279351
2.467088607594937,2.467088607594937,38.887143724481454,0.80003239378461
2.510126582278481,2.467088607594937,38.92948944511829,0.8000108862815496
2.5531645569620256,2.467088607594937,38.95906763544839,0.800010900870326
2.5962025316455697,2.467088607594937,38.975112416698906,0.800004026583006
2.639240506329114,2.467088607594937,38.99933396839715,0.8000106039985019
2.6822784810126583,2.467088607594937,39.0096275064174,0.8000270211904347
2.725316455696203,2.467088607594937,39.01241748063694,0.8000270638715257
2.768354430379747,2.467088607594937,39.015527286585055,0.8000510620108358
2.8113924050632915,2.467088607594937,39.016965132460996,0.8000109115265195
2.8544303797468356,2.467088607594937,39.016950671930594,0.8000109017601112
2.8974683544303796,2.467088607594937,39.0180018067105,0.8000270187213673
2.9835443037974683,2.467088607594937,39.017787253484784,0.8000109624697507
2.940506329113924,2.467088607594937,39.017609254930356,0.8000109605032769
3.026582278481013,2.467088607594937,39.018399394296296,0.800010959735979
3.069620253164557,2.467088607594937,39.01927074519667,0.8000109374945038
3.1126582278481014,2.467088607594937,39.01921489256426,0.8000109365621991
3.1556962025316455,2.467088607594937,39.019872036878915,0.8000109131001562
3.19873417721519,2.467088607594937,39.019896527083155,0.800010772132
3.241772151898734,2.467088607594937,39.019614796334224,0.8000109354727241
3.2848101265822787,2.467088607594937,39.01956573362392,0.8000109094287339
3.3708860759493673,2.467088607594937,39.02061010377761,0.8000107498059162
3.3278481012658228,2.467088607594937,39.020189975072306,0.8000109350484012
3.4139240506329114,2.467088607594937,39.01971264351395,0.8000108984698757
3.456962025316456,2.467088607594937,39.019546993200606,0.800010893399701
0.14303797468354432,2.510126582278481,29.0623233600235,0.2062369929282957
3.5,2.467088607594937,39.02035115595703,0.8000108250874063
0.1860759493670886,2.510126582278481,29.062769180433655,0.2062919774347565
0.1,2.510126582278481,29.063924001774275,0.20637899263599857
0.2291139240506329,2.510126582278481,29.061830866848357,0.2063364191806591
0.2721518987341772,2.510126582278481,29.05854859346912,0.20634461323976303
0.31518987341772153,2.510126582278481,29.056160515879792,0.20639767162516862
0.35822784810126584,2.510126582278481,29.05430842822066,0.2062447215102061
0.40126582278481016,2.510126582278481,29.052601952195285,0.20629165163128338
0.44430379746835447,2.510126582278481,29.0484233282565,0.20627245096365093
0.4873417721518988,2.510126582278481,29.04386355431051,0.20630059374046106
0.5734177215189874,2.510126582278481,29.031109508864642,0.20637900639276163
0.5303797468354431,2.510126582278481,29.03656917852727,0.2063209416971168
0.6594936708860759,2.510126582278481,29.021450056834606,0.2068511794923032
0.7025316455696202,2.510126582278481,29.01127620749942,0.20689006721777192
0.6164556962025316,2.510126582278481,29.016345062761708,0.20636978386347654
0.7455696202531645,2.510126582278481,29.009507467258274,0.20689933101543778
0.8316455696202532,2.510126582278481,28.88806837171892,0.2067383122007794
0.7886075949367088,2.510126582278481,28.999586941959627,0.20679896724989588
0.8746835443037975,2.510126582278481,28.76376697987646,0.2068247223041959
0.9607594936708861,2.510126582278481,28.58376425209727,0.20672544804072968
1.0037974683544304,2.510126582278481,28.550138773460155,0.20688323770670128
0.9177215189873418,2.510126582278481,28.6640327745769,0.20673934269431518
1.0468354430379747,2.510126582278481,28.538774748289775,0.20688473426461226
1.089873417721519,2.510126582278481,28.533268424136644,0.20697998756322422
1.1329113924050633,2.510126582278481,28.53409542854956,0.20739406004168118
1.1759493670886076,2.510126582278481,28.5370078958645,0.2078594847406315
1.3050632911392406,2.510126582278481,28.441172731225254,0.20795986117549514
1.218987341772152,2.510126582278481,28.522256284543033,0.20789177617271257
1.2620253164556963,2.510126582278481,28.474224302396973,0.2078795733752554
1.3481012658227849,2.510126582278481,28.34133304223203,0.20797089560516951
1.3911392405063292,2.510126582278481,28.314884320424124,0.20795997332744076
1.4341772151898735,2.510126582278481,28.1996501835173,0.20799677074263062
1.4772151898734178,2.510126582278481,28.137776096606675,0.20805786965266798
1.6063291139240508,2.510126582278481,27.828865064217368,0.2241116165447213
1.5202531645569621,2.510126582278481,27.98565092541567,0.20806013916036858
1.649367088607595,2.510126582278481,29.26709830689482,0.30278832523068633
1.6924050632911394,2.510126582278481,30.775027988163853,0.384105772657812
1.5632911392405064,2.510126582278481,27.64938503432842,0.20798505080398624
1.7354430379746837,2.510126582278481,32.6767653096078,0.48509208773235496
1.778481012658228,2.510126582278481,34.554671382850614,0.5821823497203379
1.8215189873417723,2.510126582278481,36.61994590361973,0.6877308923155236
1.8645569620253166,2.510126582278481,37.764357373277036,0.7454688235207293
1.907594936708861,2.510126582278481,38.34467439537095,0.7748828176782367
2.036708860759494,2.510126582278481,38.67465524489147,0.8000276098895507
1.9506329113924052,2.510126582278481,38.757337305741856,0.8000401028064669
1.9936708860759496,2.510126582278481,38.714984401293826,0.8000099720099424
2.079746835443038,2.510126582278481,38.65062226431965,0.8000069535303037
2.1227848101265825,2.510126582278481,38.64277168469982,0.8000121356513092
2.208860759493671,2.510126582278481,38.65422542100379,0.8000272800994669
2.251898734177215,2.510126582278481,38.68406358153767,0.7999969693174962
2.1658227848101266,2.510126582278481,38.6517709613073,0.800046563699542
2.337974683544304,2.510126582278481,38.80270121364976,0.7999964162030243
2.2949367088607597,2.510126582278481,38.74079320461474,0.8000267903453414
2.3810126582278484,2.510126582278481,38.82626440483441,0.8000105534793228
2.4240506329113924,2.510126582278481,38.84590352650596,0.8000096610996228
2.467088607594937,2.510126582278481,38.93797668706792,0.8000100432120223
2.510126582278481,2.510126582278481,38.96906387599204,0.8000297706098564
2.5531645569620256,2.510126582278481,38.99612823065737,0.8000555508411644
2.5962025316455697,2.510126582278481,39.01326199470245,0.8000554737898913
2.639240506329114,2.510126582278481,39.031128606111984,0.8000105812603863
2.6822784810126583,2.510126582278481,39.0352479596606,0.7999965412968746
2.768354430379747,2.510126582278481,39.040754299998035,0.8000237490403836
2.725316455696203,2.510126582278481,39.03893722260331,0.7999973270900211
2.8113924050632915,2.510126582278481,39.0425652987377,0.8000551923197811
2.8974683544303796,2.510126582278481,39.043885936422704,0.8000529855737916
2.8544303797468356,2.510126582278481,39.04324529199717,0.8000237459320101
2.940506329113924,2.510126582278481,39.04470942552037,0.8000556273726566
2.9835443037974683,2.510126582278481,39.04459312061274,0.8000556322413731
3.026582278481013,2.510126582278481,39.044172159868644,0.8000529552299626
3.069620253164557,2.510126582278481,39.04434157362709,0.8000529569038333
3.1126582278481014,2.510126582278481,39.0444667597964,0.8000529805770262
3.1556962025316455,2.510126582278481,39.04412876362653,0.8000238209322308
3.241772151898734,2.510126582278481,39.046387719858565,0.8000552712356284
3.19873417721519,2.510126582278481,39.04401428621487,0.8000237476214407
3.2848101265822787,2.510126582278481,39.04517532668303,0.8000552053139742
3.3278481012658228,2.510126582278481,39.044233572216584,0.8000238367145676
3.4139240506329114,2.510126582278481,39.044848922458165,0.8000556143247736
3.3708860759493673,2.510126582278481,39.044233572216584,0.8000238367145676
3.456962025316456,2.510126582278481,39.04391170045645,0.8000237554587253
3.5,2.510126582278481,39.045855923186885,0.8000552733465922
0.1,2.5531645569620256,29.201329927895852,0.2064420238638852
0.14303797468354432,2.5531645569620256,29.198422973654615,0.2064406696120711
0.2291139240506329,2.5531645569620256,29.19517123817356,0.20644099217815015
0.1860759493670886,2.5531645569620256,29.201229410662474,0.2066040455040056
0.2721518987341772,2.5531645569620256,29.192575095307618,0.2064486880439532
0.35822784810126584,2.5531645569620256,29.187437815457084,0.206450524692131
0.31518987341772153,2.5531645569620256,29.191665065500754,0.20646329912917843
0.40126582278481016,2.5531645569620256,29.186256911386902,0.2064512305568597
0.44430379746835447,2.5531645569620256,29.184155745213573,0.20645140130153317
0.5303797468354431,2.5531645569620256,29.18682151850207,0.20699938351243932
0.4873417721518988,2.5531645569620256,29.181211465293348,0.20647804079854176
0.5734177215189874,2.5531645569620256,29.180222404572188,0.20708430348757445
0.6164556962025316,2.5531645569620256,29.168503351242,0.20684883147367322
0.6594936708860759,2.5531645569620256,29.16807494119091,0.2070819964281306
0.7025316455696202,2.5531645569620256,29.162100280075414,0.20700816649305903
0.7455696202531645,2.5531645569620256,29.158504158916447,0.20703365240310875
0.8316455696202532,2.5531645569620256,29.02738219094831,0.20707719739470112
0.7886075949367088,2.5531645569620256,29.148471643193993,0.20691721090195422
0.9177215189873418,2.5531645569620256,28.800950395062525,0.20703866234231505
0.9607594936708861,2.5531645569620256,28.71450759030307,0.2070311112593304
0.8746835443037975,2.5531645569620256,28.89505736941987,0.2068830330518312
1.0468354430379747,2.5531645569620256,28.68744414040977,0.20768336371579424
1.089873417721519,2.5531645569620256,28.697526854472432,0.20811619680344232
1.0037974683544304,2.5531645569620256,28.684238698062707,0.2071284822706832
1.1329113924050633,2.5531645569620256,28.698104813101104,0.20821894081259937
1.1759493670886076,2.5531645569620256,28.699196648266156,0.2081666900881798
1.218987341772152,2.5531645569620256,28.688433243557974,0.20802892901483327
1.2620253164556963,2.5531645569620256,28.653761523269193,0.20805853811871525
1.3050632911392406,2.5531645569620256,28.63877906204361,0.2082354006395916
1.3481012658227849,2.5531645569620256,28.54370833300334,0.20824791387563132
1.3911392405063292,2.5531645569620256,28.51788765476961,0.20813142457251071
1.4341772151898735,2.5531645569620256,28.396059227736863,0.2081434738474675
1.4772151898734178,2.5531645569620256,28.321008120252984,0.20814116904075877
1.5202531645569621,2.5531645569620256,28.18350433613802,0.20822426820052156
1.5632911392405064,2.5531645569620256,27.992572055134236,0.21664547939377057
1.6063291139240508,2.5531645569620256,29.49055555382911,0.2976286573060723
1.6924050632911394,2.5531645569620256,32.34319886363167,0.4521213433971296
1.649367088607595,2.5531645569620256,30.80976635863956,0.36979738086730335
1.7354430379746837,2.5531645569620256,34.18055068837944,0.5495370662794541
1.778481012658228,2.5531645569620256,36.175466314739246,0.6522354190509914
1.8215189873417723,2.5531645569620256,37.96040140240433,0.7427146348461546
1.8645569620253166,2.5531645569620256,38.99581836217682,0.7944897045720787
1.907594936708861,2.5531645569620256,39.06599037552388,0.8000429097671972
1.9936708860759496,2.5531645569620256,38.83403547798476,0.8000096716521434
1.9506329113924052,2.5531645569620256,38.86375368446115,0.8000016797953985
2.036708860759494,2.5531645569620256,38.79718154765485,0.8000018124210121
2.079746835443038,2.5531645569620256,38.77028169731663,0.8000481419930711
2.1227848101265825,2.5531645569620256,38.76005024205179,0.8000166570455723
2.1658227848101266,2.5531645569620256,38.72077526513993,0.8000707486833643
2.208860759493671,2.5531645569620256,38.73536409948539,0.8000546494442047
2.251898734177215,2.5531645569620256,38.80129085273341,0.8000261202918797
2.2949367088607597,2.5531645569620256,38.86730970741287,0.8000712648238758
2.337974683544304,2.5531645569620256,38.89693409288528,0.7999975163487784
2.3810126582278484,2.5531645569620256,38.908746392185044,0.8000182130825195
2.4240506329113924,2.5531645569620256,38.92544173738788,0.8003360871177646
2.467088607594937,2.5531645569620256,39.01916050828429,0.8003365843115938
2.510126582278481,2.5531645569620256,39.035266890592965,0.7999970034407117
2.5531645569620256,2.5531645569620256,39.05430471884848,0.7999968007159871
2.6822784810126583,2.5531645569620256,39.09079501628723,0.8000182066629914
2.725316455696203,2.5531645569620256,39.09343498640714,0.8000184053561502
2.5962025316455697,2.5531645569620256,39.0688699394474,0.7999976393025682
2.768354430379747,2.5531645569620256,39.098419817685354,0.8000708991659533
2.639240506329114,2.5531645569620256,39.08571136986748,0.8000180747298873
2.8113924050632915,2.5531645569620256,39.098548414642536,0.8000709215156149
2.8974683544303796,2.5531645569620256,39.096439484703154,0.7999976436130829
2.8544303797468356,2.5531645569620256,39.096952768779495,0.7999976503009671
2.940506329113924,2.5531645569620256,39.09767248632954,0.799997635107631
2.9835443037974683,2.5531645569620256,39.09794260095475,0.7999976255831898
3.026582278481013,2.5531645569620256,39.09817049468872,0.7999976505836621
3.069620253164557,2.5531645569620256,39.100153403799915,0.8000710747970591
3.1126582278481014,2.5531645569620256,39.09685327511723,0.8000181370591997
3.1556962025316455,2.5531645569620256,39.09800450732869,0.7999976499602613
3.19873417721519,2.5531645569620256,39.10061982981454,0.8000710637660611
3.241772151898734,2.5531645569620256,39.098445008834155,0.7999967468952783
3.2848101265822787,2.5531645569620256,39.09841761321175,0.7999976339212134
3.4139240506329114,2.5531645569620256,39.10008339673891,0.8000182346984316
3.3278481012658228,2.5531645569620256,39.09923145228297,0.7999967332141151
3.3708860759493673,2.5531645569620256,39.10008339673891,0.8000182346984316
3.456962025316456,2.5531645569620256,39.098972676384115,0.8000182360241063
3.5,2.5531645569620256,39.09830707114389,0.799997710931698
0.1,2.5962025316455697,29.333373376818415,0.20696655115469967
0.14303797468354432,2.5962025316455697,29.33228768177346,0.20696590579373528
0.1860759493670886,2.5962025316455697,29.330405647411144,0.206985675908318
0.2721518987341772,2.5962025316455697,29.323269593215006,0.20673963058167252
0.2291139240506329,2.5962025316455697,29.33017530583907,0.20698612836438696
0.31518987341772153,2.5962025316455697,29.326195269320895,0.20696217685308874
0.35822784810126584,2.5962025316455697,29.323451260505816,0.20693213537299762
0.40126582278481016,2.5962025316455697,29.331105596932495,0.2073207085870751
0.44430379746835447,2.5962025316455697,29.331507467670324,0.20744180445039406
0.4873417721518988,2.5962025316455697,29.325339386128665,0.20731167564616892
0.5734177215189874,2.5962025316455697,29.316966939045457,0.20745255831848786
0.5303797468354431,2.5962025316455697,29.32295875121592,0.2074299197862996
0.6164556962025316,2.5962025316455697,29.30685451358733,0.20732132623580807
0.6594936708860759,2.5962025316455697,29.300245545632006,0.20732771918148526
0.7025316455696202,2.5962025316455697,29.292959047220457,0.2073749970451125
0.7455696202531645,2.5962025316455697,29.28600355601812,0.20735882606948242
0.7886075949367088,2.5962025316455697,29.27320565985037,0.20731724211712657
0.8316455696202532,2.5962025316455697,29.149697713415883,0.20726822020894647
0.8746835443037975,2.5962025316455697,29.023511332356716,0.20733155353215865
0.9177215189873418,2.5962025316455697,28.930602131092943,0.20747885187567033
0.9607594936708861,2.5962025316455697,28.86935778447653,0.20820101751716436
1.0037974683544304,2.5962025316455697,28.854278491577862,0.20833520725172944
1.0468354430379747,2.5962025316455697,28.85987420671747,0.20854698101588856
1.089873417721519,2.5962025316455697,28.861536997200687,0.2085456401014922
1.1329113924050633,2.5962025316455697,28.85837082071461,0.20846683727045068
1.1759493670886076,2.5962025316455697,28.86269036352676,0.2085134556858354
1.218987341772152,2.5962025316455697,28.859402136622425,0.20866683668165575
1.2620253164556963,2.5962025316455697,28.832034910101083,0.2086297864325546
1.3481012658227849,2.5962025316455697,28.69757138937765,0.20858159572805463
1.3050632911392406,2.5962025316455697,28.797835400540773,0.20846789405274815
1.3911392405063292,2.5962025316455697,28.6661383671772,0.20853164767449983
1.4772151898734178,2.5962025316455697,28.476803857018936,0.20867204127411343
1.4341772151898735,2.5962025316455697,28.525452665411326,0.20854714653950793
1.5202531645569621,2.5962025316455697,28.337081510426657,0.20852197857954324
1.5632911392405064,2.5962025316455697,29.310191632513135,0.27673345912498
1.6063291139240508,2.5962025316455697,30.52317977450547,0.3432924191365868
1.649367088607595,2.5962025316455697,31.967944551882823,0.42105498020173404
1.6924050632911394,2.5962025316455697,33.54054156099244,0.5051810027446866
1.7354430379746837,2.5962025316455697,35.42574923954652,0.6045631035014094
1.778481012658228,2.5962025316455697,37.675308858163,0.7183625384630278
1.8215189873417723,2.5962025316455697,38.990821560814794,0.7857682320457915
1.8645569620253166,2.5962025316455697,39.22620870588036,0.8000424915468092
1.907594936708861,2.5962025316455697,39.15542977456397,0.7999952958776162
1.9506329113924052,2.5962025316455697,38.94688081921022,0.800052550488016
1.9936708860759496,2.5962025316455697,38.897773903984536,0.799994951736182
2.036708860759494,2.5962025316455697,38.86269831050709,0.8000492869053811
2.079746835443038,2.5962025316455697,38.82741349638612,0.8000149967594355
2.1227848101265825,2.5962025316455697,38.807116325985255,0.7999999978516947
2.1658227848101266,2.5962025316455697,38.8053172173874,0.8000024086603029
2.208860759493671,2.5962025316455697,38.839336910882906,0.8003594055040233
2.251898734177215,2.5962025316455697,38.919108872323825,0.8000078468290717
2.2949367088607597,2.5962025316455697,38.931742548861045,0.8000008729334361
2.337974683544304,2.5962025316455697,38.95795967647551,0.7999949897229138
2.3810126582278484,2.5962025316455697,38.988984632688705,0.8003599480768838
2.4240506329113924,2.5962025316455697,39.045342437221294,0.8000297546563724
2.467088607594937,2.5962025316455697,39.09565356589953,0.8003598145217432
2.510126582278481,2.5962025316455697,39.10228094925365,0.8000064858712956
2.5531645569620256,2.5962025316455697,39.120812298664326,0.8003599421547131
2.5962025316455697,2.5962025316455697,39.1248870145746,0.7999986526924747
2.6822784810126583,2.5962025316455697,39.14346607637434,0.8003597584227162
2.725316455696203,2.5962025316455697,39.14467134960334,0.8003597222783717
2.639240506329114,2.5962025316455697,39.13110445524581,0.7999983778905516
2.768354430379747,2.5962025316455697,39.13740231483318,0.8000030361773821
2.8544303797468356,2.5962025316455697,39.140837835657024,0.8000030704663093
2.8974683544303796,2.5962025316455697,39.14017723209349,0.8000065337418074
2.8113924050632915,2.5962025316455697,39.140408335002704,0.8000180351511005
2.9835443037974683,2.5962025316455697,39.139908168887956,0.8000030666070322
2.940506329113924,2.5962025316455697,39.14009062279261,0.800006516645196
3.069620253164557,2.5962025316455697,39.14103909640437,0.8000178777289613
3.026582278481013,2.5962025316455697,39.140192878067595,0.7999991302801932
3.1126582278481014,2.5962025316455697,39.14045955518043,0.8000180829223137
3.1556962025316455,2.5962025316455697,39.140856392002114,0.8000030190073406
3.241772151898734,2.5962025316455697,39.141269230805705,0.8000029459693191
3.19873417721519,2.5962025316455697,39.14156500464746,0.8000180762640816
3.2848101265822787,2.5962025316455697,39.141970385725074,0.8000065386089739
3.3278481012658228,2.5962025316455697,39.14224596869344,0.8000065349583428
3.3708860759493673,2.5962025316455697,39.14224596869344,0.8000065349583428
3.4139240506329114,2.5962025316455697,39.149149927318064,0.8003597486616845
3.456962025316456,2.5962025316455697,39.14147085850716,0.8000030199183173
3.5,2.5962025316455697,39.14144125309719,0.7999991255574104
0.1,2.639240506329114,29.525726862304868,0.20818381665381397
0.14303797468354432,2.639240506329114,29.525050314927334,0.20819333771313703
0.1860759493670886,2.639240506329114,29.527393408306583,0.20823328427809737
0.2291139240506329,2.639240506329114,29.528732952703766,0.20833563694800647
0.2721518987341772,2.639240506329114,29.53716188299445,0.20881454125429985
0.31518987341772153,2.639240506329114,29.53536001365309,0.20883081481575544
0.35822784810126584,2.639240506329114,29.533970478781217,0.20883507069211818
0.40126582278481016,2.639240506329114,29.53378943480271,0.20878794308438053
0.44430379746835447,2.639240506329114,29.530897684953636,0.2087776544482662
0.4873417721518988,2.639240506329114,29.526584919526908,0.2088039191403568
0.5303797468354431,2.639240506329114,29.520978903313104,0.20883252348801723
0.6164556962025316,2.639240506329114,29.509978624670076,0.2088401151908013
0.6594936708860759,2.639240506329114,29.50588737234911,0.2088310529218925
0.5734177215189874,2.639240506329114,29.51706011588617,0.20880707425694353
0.7025316455696202,2.639240506329114,29.50000809668111,0.20883128091387637
0.7455696202531645,2.639240506329114,29.497756449277226,0.2088114958761879
0.7886075949367088,2.639240506329114,29.489914408860365,0.20878691298782384
0.8316455696202532,2.639240506329114,29.37642497106135,0.20899926107260353
0.8746835443037975,2.639240506329114,29.267738683646883,0.20963816766104265
0.9607594936708861,2.639240506329114,29.118510099240044,0.2100261332068359
0.9177215189873418,2.639240506329114,29.1861606678456,0.2099708593466454
1.0037974683544304,2.639240506329114,29.10363807886595,0.21004174535921533
1.0468354430379747,2.639240506329114,29.105626346612606,0.21011969534401526
1.089873417721519,2.639240506329114,29.10792900959817,0.21000310249027154
1.1329113924050633,2.639240506329114,29.107694109205028,0.21013156575803865
1.1759493670886076,2.639240506329114,29.112847765696014,0.2101257769521776
1.218987341772152,2.639240506329114,29.10523024678546,0.21004216194708772
1.2620253164556963,2.639240506329114,29.065384672491128,0.21011490812855957
1.3481012658227849,2.639240506329114,28.936170584478354,0.21009356463265558
1.3050632911392406,2.639240506329114,29.041180009270597,0.2100399076795266
1.3911392405063292,2.639240506329114,28.896082249894878,0.21013386360629568
1.4341772151898735,2.639240506329114,28.757760589909402,0.21004495585957916
1.4772151898734178,2.639240506329114,28.70525787983827,0.2100534120102673
1.5632911392405064,2.639240506329114,30.682818103767854,0.33569804648973134
1.5202531645569621,2.639240506329114,28.548269840544492,0.2100493225322191
1.6063291139240508,2.639240506329114,31.97643693237557,0.4055655308920826
1.649367088607595,2.639240506329114,33.33258556246748,0.4790609536156374
1.7354430379746837,2.639240506329114,37.428856184558036,0.6908234235084802
1.778481012658228,2.639240506329114,38.95993338878906,0.7701782344500395
1.6924050632911394,2.639240506329114,34.98276857028235,0.5663641146428849
1.8215189873417723,2.639240506329114,39.45961715687847,0.8000360885819061
1.8645569620253166,2.639240506329114,39.38061828715128,0.8000398585235838
1.907594936708861,2.639240506329114,39.28266113812047,0.8000331055475866
1.9506329113924052,2.639240506329114,39.06923122912161,0.800034355021485
2.036708860759494,2.639240506329114,38.97116456077526,0.8000181228763691
1.9936708860759496,2.639240506329114,39.018779529537646,0.8000434394454667
2.079746835443038,2.639240506329114,38.915061945516015,0.8000542311517781
2.1227848101265825,2.639240506329114,38.887808594901436,0.8000226479504515
2.1658227848101266,2.639240506329114,38.92019767028748,0.8000389532860219
2.208860759493671,2.639240506329114,38.964015593370846,0.800057837955925
2.251898734177215,2.639240506329114,38.98606723880957,0.8000267851955896
2.2949367088607597,2.639240506329114,39.00620574338462,0.8000399635402069
2.337974683544304,2.639240506329114,39.03627130384005,0.8000412603539343
2.3810126582278484,2.639240506329114,39.04932649026752,0.8000364193795673
2.4240506329113924,2.639240506329114,39.110438558186665,0.8000335165961013
2.467088607594937,2.639240506329114,39.11538048912785,0.8000366251253203
2.510126582278481,2.639240506329114,39.12617366663581,0.800040295537555
2.5531645569620256,2.639240506329114,39.13287326831054,0.800038880133453
2.5962025316455697,2.639240506329114,39.143571189302875,0.8000361008433543
2.639240506329114,2.639240506329114,39.149095002178306,0.8000426084643081
2.725316455696203,2.639240506329114,39.15469575484533,0.8000426346789011
2.6822784810126583,2.639240506329114,39.15262912560424,0.8000427129389949
2.768354430379747,2.639240506329114,39.156609740905346,0.8000393498868609
2.8113924050632915,2.639240506329114,39.15852813765715,0.8000394118181143
2.8544303797468356,2.639240506329114,39.15846515155637,0.8000402222040351
2.8974683544303796,2.639240506329114,39.1594110518599,0.8000332223104639
2.940506329113924,2.639240506329114,39.15875170271506,0.8000426478792871
2.9835443037974683,2.639240506329114,39.160037110021236,0.8000394026578541
3.069620253164557,2.639240506329114,39.1583889249118,0.8000331482183825
3.1126582278481014,2.639240506329114,39.15746658030535,0.8000426168988407
3.026582278481013,2.639240506329114,39.15752590476645,0.8000392267202284
3.1556962025316455,2.639240506329114,39.157457783813214,0.8000426737063068
3.19873417721519,2.639240506329114,39.158476601760526,0.8000331234802042
3.241772151898734,2.639240506329114,39.15771945933172,0.8000331524234889
3.2848101265822787,2.639240506329114,39.15822971391175,0.8000426443940296
3.3278481012658228,2.639240506329114,39.158290497740914,0.8000426238910753
3.4139240506329114,2.639240506329114,39.157577643017184,0.800039226829447
3.3708860759493673,2.639240506329114,39.1576179352167,0.8000426356565835
3.456962025316456,2.639240506329114,39.157577643017184,0.800039226829447
3.5,2.639240506329114,39.15755910066455,0.8000426290226751
0.1,2.6822784810126583,29.708228224481072,0.20909296221478246
0.14303797468354432,2.6822784810126583,29.706485213275794,0.20901729138572317
0.1860759493670886,2.6822784810126583,29.706226522548704,0.20892495401624966
0.2291139240506329,2.6822784810126583,29.70468677078457,0.20885082980265138
0.2721518987341772,2.6822784810126583,29.70941663577472,0.20903001891817882
0.35822784810126584,2.6822784810126583,29.705638238431657,0.20886065813540233
0.31518987341772153,2.6822784810126583,29.708447357622735,0.20885063271734036
0.44430379746835447,2.6822784810126583,29.707077734050415,0.2089238235594581
0.40126582278481016,2.6822784810126583,29.70842270486166,0.20910062215049152
0.4873417721518988,2.6822784810126583,29.70813517486438,0.20899833593178468
0.5303797468354431,2.6822784810126583,29.70410485285003,0.2088411692476464
0.5734177215189874,2.6822784810126583,29.70522386242827,0.2090421086875584
0.6164556962025316,2.6822784810126583,29.690058427587115,0.20888757967627097
0.6594936708860759,2.6822784810126583,29.691458980493618,0.20890187906273056
0.7455696202531645,2.6822784810126583,29.697263568107516,0.20923801512459636
0.7025316455696202,2.6822784810126583,29.691515293979908,0.20903057710791736
0.7886075949367088,2.6822784810126583,29.708533819262,0.21008886001345534
0.8316455696202532,2.6822784810126583,29.58866638398981,0.21018200288445724
0.9177215189873418,2.6822784810126583,29.361474135623094,0.21039837117825172
0.8746835443037975,2.6822784810126583,29.45790637121425,0.21027816519928846
0.9607594936708861,2.6822784810126583,29.29944916251459,0.2103410021560609
1.0037974683544304,2.6822784810126583,29.283825291150965,0.21032724017872062
1.089873417721519,2.6822784810126583,29.28144262472992,0.21017913339675315
1.0468354430379747,2.6822784810126583,29.2852909940543,0.21039409148053564
1.1329113924050633,2.6822784810126583,29.286670008002353,0.2102378906898403
1.1759493670886076,2.6822784810126583,29.287926885268917,0.210345362356636
1.218987341772152,2.6822784810126583,29.281450639472506,0.2103055896191425
1.2620253164556963,2.6822784810126583,29.238827419933823,0.21026986585093219
1.3050632911392406,2.6822784810126583,29.21193880347393,0.21028013834979167
1.3481012658227849,2.6822784810126583,29.08240801903143,0.21024455052310567
1.3911392405063292,2.6822784810126583,29.050532491305585,0.21034009790705988
1.4341772151898735,2.6822784810126583,28.903292784723018,0.21037923684713034
1.4772151898734178,2.6822784810126583,28.87135535131786,0.21022785138367725
1.5202531645569621,2.6822784810126583,29.69593018751477,0.2610195559887701
1.5632911392405064,2.6822784810126583,31.689124110033003,0.37965650786433913
1.649367088607595,2.6822784810126583,34.62837085772303,0.5350548538672104
1.6063291139240508,2.6822784810126583,32.961821725426006,0.4482424746834918
1.6924050632911394,2.6822784810126583,36.70409135906357,0.6408090091566019
1.7354430379746837,2.6822784810126583,38.50790333065456,0.7353429542750607
1.778481012658228,2.6822784810126583,39.732427778550225,0.8000655492616021
1.8215189873417723,2.6822784810126583,39.568994852495315,0.8000757224375711
1.8645569620253166,2.6822784810126583,39.4826289717106,0.8000620750440222
1.907594936708861,2.6822784810126583,39.36590843639836,0.8000119457862144
1.9506329113924052,2.6822784810126583,39.15930891218208,0.8000594247054849
1.9936708860759496,2.6822784810126583,39.09956471190765,0.8000525512701148
2.036708860759494,2.6822784810126583,39.03509872710329,0.8000516001509035
2.079746835443038,2.6822784810126583,38.980242137785815,0.8000491308474463
2.1658227848101266,2.6822784810126583,39.01207182419012,0.8000709608692098
2.1227848101265825,2.6822784810126583,38.97049596140818,0.8000327180288698
2.208860759493671,2.6822784810126583,39.04570834747129,0.8000401583554199
2.251898734177215,2.6822784810126583,39.06636007211022,0.8000384804980534
2.2949367088607597,2.6822784810126583,39.07362696197177,0.800040627849413
2.337974683544304,2.6822784810126583,39.087770258277935,0.8000193246660122
2.3810126582278484,2.6822784810126583,39.11295717285315,0.8000393059388651
2.4240506329113924,2.6822784810126583,39.155040027139144,0.8000724572259083
2.467088607594937,2.6822784810126583,39.16409834487277,0.8000458699677979
2.510126582278481,2.6822784810126583,39.17088127096441,0.8000545025387105
2.5531645569620256,2.6822784810126583,39.177980485409435,0.8000467713684335
2.5962025316455697,2.6822784810126583,39.185870748319246,0.8000534396700286
2.639240506329114,2.6822784810126583,39.18834309242365,0.8000391727031434
2.6822784810126583,2.6822784810126583,39.19212675166672,0.8000388646411578
2.725316455696203,2.6822784810126583,39.1946008644857,0.800054528900564
2.768354430379747,2.6822784810126583,39.19720647624628,0.8000391667973805
2.8113924050632915,2.6822784810126583,39.19752227645199,0.8000544735710509
2.8974683544303796,2.6822784810126583,39.1986626601076,0.8000544329165805
2.8544303797468356,2.6822784810126583,39.19836085589891,0.8000544578485433
2.940506329113924,2.6822784810126583,39.19896502502747,0.8000545288104638
2.9835443037974683,2.6822784810126583,39.1993666333233,0.8000543357443535
3.026582278481013,2.6822784810126583,39.197869418428446,0.8000544375182697
3.1126582278481014,2.6822784810126583,39.19818085445724,0.8000389878510399
3.069620253164557,2.6822784810126583,39.19818085445724,0.8000389878510399
3.1556962025316455,2.6822784810126583,39.19818085445724,0.8000389878510399
3.19873417721519,2.6822784810126583,39.19818085445724,0.8000389878510399
3.241772151898734,2.6822784810126583,39.19794271070064,0.8000388722006477
3.2848101265822787,2.6822784810126583,39.19871684034743,0.8000547529127489
3.3278481012658228,2.6822784810126583,39.19871684034743,0.8000547529127489
3.3708860759493673,2.6822784810126583,39.19871684034743,0.8000547529127489
3.4139240506329114,2.6822784810126583,39.200343825741044,0.8000545573591556
3.456962025316456,2.6822784810126583,39.200343825741044,0.8000545573591556
3.5,2.6822784810126583,39.19684325417592,0.8000544442633178
0.1,2.725316455696203,29.82581158157498,0.2090793184001703
0.14303797468354432,2.725316455696203,29.829381750772075,0.20907597073748524
0.1860759493670886,2.725316455696203,29.841009642933038,0.20903168897227462
0.2291139240506329,2.725316455696203,29.84160002863053,0.20907093344363895
0.31518987341772153,2.725316455696203,29.844194596177704,0.20917775578028697
0.2721518987341772,2.725316455696203,29.842716004978946,0.20898782397111018
0.35822784810126584,2.725316455696203,29.83912742732935,0.20902572058871424
0.40126582278481016,2.725316455696203,29.843876797512404,0.2090747113395659
0.44430379746835447,2.725316455696203,29.845728819945293,0.20907705609233565
0.4873417721518988,2.725316455696203,29.84189379434663,0.2090070117431979
0.5303797468354431,2.725316455696203,29.836576900900617,0.20912986476019088
0.6164556962025316,2.725316455696203,29.82944999513292,0.20949989767493588
0.5734177215189874,2.725316455696203,29.83545551514217,0.20926962604509813
0.6594936708860759,2.725316455696203,29.834466986938864,0.20974190427085584
0.7025316455696202,2.725316455696203,29.842470843687014,0.2102205251176371
0.7455696202531645,2.725316455696203,29.840918949314254,0.21033943608840325
0.7886075949367088,2.725316455696203,29.833216449172294,0.21039555370558596
0.8316455696202532,2.725316455696203,29.70311844563813,0.21043552077223332
0.8746835443037975,2.725316455696203,29.562886444926917,0.21040284603583223
0.9177215189873418,2.725316455696203,29.469212630649746,0.21050894492623184
0.9607594936708861,2.725316455696203,29.40948288267222,0.21042873595795344
1.0037974683544304,2.725316455696203,29.393223393090416,0.21042109496849987
1.0468354430379747,2.725316455696203,29.400653836230862,0.21051363214206165
1.089873417721519,2.725316455696203,29.400814444933744,0.2103743554180546
1.1329113924050633,2.725316455696203,29.40629604440909,0.21044800445405687
1.1759493670886076,2.725316455696203,29.412395282829497,0.21048763426509462
1.218987341772152,2.725316455696203,29.40292663582347,0.21038650309538448
1.2620253164556963,2.725316455696203,29.356784967954777,0.21038759269602939
1.3050632911392406,2.725316455696203,29.317209508473518,0.2104034914208094
1.3481012658227849,2.725316455696203,29.188569537867046,0.21048751328449455
1.3911392405063292,2.725316455696203,29.15900092710115,0.21053941955583977
1.4341772151898735,2.725316455696203,29.023513968254353,0.21059294437283307
1.4772151898734178,2.725316455696203,29.319209884105494,0.22808383866435286
1.5202531645569621,2.725316455696203,30.58447917744508,0.30024763589356257
1.5632911392405064,2.725316455696203,32.91304432894952,0.43311951265537985
1.6063291139240508,2.725316455696203,34.20141686908516,0.5016972590911585
1.649367088607595,2.725316455696203,36.12504192063233,0.6008948354678898
1.6924050632911394,2.725316455696203,37.83811260449458,0.6898445546968693
1.7354430379746837,2.725316455696203,39.43813173663083,0.7748440635389321
1.778481012658228,2.725316455696203,39.81488712655993,0.7999972262127966
1.8645569620253166,2.725316455696203,39.5457462380452,0.8000102289459909
1.8215189873417723,2.725316455696203,39.63920539691719,0.7999999353093502
1.907594936708861,2.725316455696203,39.4514363300332,0.8000461862877318
1.9936708860759496,2.725316455696203,39.13920060375249,0.8000344201537026
1.9506329113924052,2.725316455696203,39.210457386184935,0.8000316082792115
2.1227848101265825,2.725316455696203,39.04137366765693,0.800035406360732
2.036708860759494,2.725316455696203,39.07657233613097,0.8000623535513094
2.1658227848101266,2.725316455696203,39.10274326889607,0.8000359133422086
2.079746835443038,2.725316455696203,39.03969484853084,0.8000410842259258
2.208860759493671,2.725316455696203,39.121102277923754,0.8000356111602667
2.251898734177215,2.725316455696203,39.11108663587216,0.8000280663306149
2.2949367088607597,2.725316455696203,39.124462660779834,0.8000565082231267
2.337974683544304,2.725316455696203,39.16256675977342,0.8000476760387638
2.3810126582278484,2.725316455696203,39.20599353866124,0.8000484998028055
2.4240506329113924,2.725316455696203,39.211180091417134,0.80004486640977
2.467088607594937,2.725316455696203,39.21662530060369,0.8000449323944283
2.510126582278481,2.725316455696203,39.21567834186664,0.8000533792181238
2.5962025316455697,2.725316455696203,39.228673426792334,0.800050513500706
2.5531645569620256,2.725316455696203,39.22453634441716,0.8000562078019195
2.639240506329114,2.725316455696203,39.23251003940999,0.800055097048915
2.8113924050632915,2.725316455696203,39.238997315272236,0.8000552732916936
2.6822784810126583,2.725316455696203,39.23565930101014,0.8000555234762369
2.768354430379747,2.725316455696203,39.238801604495244,0.8000556010440175
2.8544303797468356,2.725316455696203,39.23707720822101,0.8000550864476379
2.725316455696203,2.725316455696203,39.23817871340719,0.8000559218417153
2.940506329113924,2.725316455696203,39.23936477368444,0.8000551655893735
2.8974683544303796,2.725316455696203,39.23707720822101,0.8000550864476379
2.9835443037974683,2.725316455696203,39.23732890532828,0.800055307592524
3.026582278481013,2.725316455696203,39.23816687429749,0.800055229522922
3.069620253164557,2.725316455696203,39.23816687429749,0.800055229522922
3.1126582278481014,2.725316455696203,39.23816687429749,0.800055229522922
3.1556962025316455,2.725316455696203,39.23817474353971,0.8000552974645045
3.19873417721519,2.725316455696203,39.23817474353971,0.8000552974645045
3.241772151898734,2.725316455696203,39.23817474353971,0.8000552974645045
3.3278481012658228,2.725316455696203,39.23817474353971,0.8000552974645045
3.2848101265822787,2.725316455696203,39.23817474353971,0.8000552974645045
3.3708860759493673,2.725316455696203,39.23817474353971,0.8000552974645045
3.456962025316456,2.725316455696203,39.23817474353971,0.8000552974645045
3.4139240506329114,2.725316455696203,39.23817474353971,0.8000552974645045
3.5,2.725316455696203,39.23817474353971,0.8000552974645045
0.1,2.768354430379747,29.97917460839799,0.20927684607430969
0.14303797468354432,2.768354430379747,29.97632498502629,0.2090956770681581
0.2291139240506329,2.768354430379747,29.97618922795302,0.20902230912998482
0.1860759493670886,2.768354430379747,29.981290890871197,0.20925461328850234
0.2721518987341772,2.768354430379747,29.975641500041675,0.20901980788669755
0.31518987341772153,2.768354430379747,29.97459377752003,0.20902513521274216
0.35822784810126584,2.768354430379747,29.97340725026346,0.20902186696312083
0.40126582278481016,2.768354430379747,29.978198574412932,0.20928716662015073
0.44430379746835447,2.768354430379747,29.973517731292446,0.20917030676519788
0.4873417721518988,2.768354430379747,29.976814846903785,0.2094612812701554
0.5303797468354431,2.768354430379747,29.981126327537737,0.2099473960531979
0.5734177215189874,2.768354430379747,29.98621017236867,0.21027141011945114
0.6164556962025316,2.768354430379747,29.9754134879313,0.21041653237902316
0.6594936708860759,2.768354430379747,29.970674257497613,0.21043384818426364
0.7455696202531645,2.768354430379747,29.965808960334208,0.21053886821478093
0.7025316455696202,2.768354430379747,29.966700139178293,0.21043823598572087
0.7886075949367088,2.768354430379747,29.955156075317912,0.2105553560004971
0.8316455696202532,2.768354430379747,29.814247749249272,0.2105972705409399
0.9607594936708861,2.768354430379747,29.52478503880649,0.21055872061051284
0.8746835443037975,2.768354430379747,29.675836577565754,0.21067959197146852
0.9177215189873418,2.768354430379747,29.576189331076204,0.21065925196701754
1.0468354430379747,2.768354430379747,29.51545352827325,0.21057772080287282
1.0037974683544304,2.768354430379747,29.517637779631727,0.21057464118811584
1.089873417721519,2.768354430379747,29.523194607938343,0.2105947193084598
1.1329113924050633,2.768354430379747,29.530797105306956,0.21069292389675717
1.1759493670886076,2.768354430379747,29.53248945193788,0.2105513394182577
1.218987341772152,2.768354430379747,29.522520843347074,0.21063680267150373
1.2620253164556963,2.768354430379747,29.4662228142271,0.21055850827008504
1.3050632911392406,2.768354430379747,29.421213950899656,0.21058532779685296
1.3911392405063292,2.768354430379747,29.237246668454794,0.2105110580299724
1.3481012658227849,2.768354430379747,29.297624302643563,0.2105237475106914
1.4341772151898735,2.768354430379747,29.335859690855674,0.2217335050027889
1.4772151898734178,2.768354430379747,30.263540804415598,0.2701950073090176
1.5202531645569621,2.768354430379747,31.948705733855483,0.36030732658102627
1.5632911392405064,2.768354430379747,33.926347132503466,0.4765545669272443
1.6063291139240508,2.768354430379747,35.43799415453162,0.5560467999277354
1.649367088607595,2.768354430379747,37.137090194849044,0.6447277086105403
1.6924050632911394,2.768354430379747,38.51453109567356,0.717560229788905
1.7354430379746837,2.768354430379747,40.057161946910476,0.8000099636218705
1.778481012658228,2.768354430379747,39.88230981845467,0.8000534745234454
1.8215189873417723,2.768354430379747,39.70602582958083,0.8000641484959841
1.8645569620253166,2.768354430379747,39.61264957226104,0.800058359912032
1.907594936708861,2.768354430379747,39.5236296314179,0.8000731511978224
1.9936708860759496,2.768354430379747,39.18639268507405,0.8000252783707124
1.9506329113924052,2.768354430379747,39.254485056791005,0.8000688852069878
2.036708860759494,2.768354430379747,39.151209530833555,0.8000648924354407
2.079746835443038,2.768354430379747,39.099981308632884,0.8000680252803223
2.1227848101265825,2.768354430379747,39.12370487312081,0.8000615242413026
2.1658227848101266,2.768354430379747,39.163526433488414,0.8000690388649635
2.208860759493671,2.768354430379747,39.16068293733699,0.8000708649415627
2.251898734177215,2.768354430379747,39.16399999243816,0.8000198326076502
2.2949367088607597,2.768354430379747,39.20604017665281,0.8000718486232933
2.337974683544304,2.768354430379747,39.243270852863176,0.8000670867249304
2.3810126582278484,2.768354430379747,39.24973114809325,0.8000714522727594
2.4240506329113924,2.768354430379747,39.2525935940765,0.8000676937629984
2.467088607594937,2.768354430379747,39.256501129858016,0.8000622500558442
2.510126582278481,2.768354430379747,39.25340806682164,0.80006768591491
2.5531645569620256,2.768354430379747,39.257556769265946,0.8000671098295623
2.5962025316455697,2.768354430379747,39.25573839996566,0.8000623815623373
2.639240506329114,2.768354430379747,39.260164862638405,0.800071281512208
2.6822784810126583,2.768354430379747,39.26080497240942,0.800071251790213
2.725316455696203,2.768354430379747,39.263208349273675,0.8000671047222095
2.768354430379747,2.768354430379747,39.26516471497438,0.800067591573208
2.8113924050632915,2.768354430379747,39.26786284326009,0.800067203560839
2.8544303797468356,2.768354430379747,39.267338583934944,0.8000680571089825
2.8974683544303796,2.768354430379747,39.26635280923203,0.8000714288765837
2.940506329113924,2.768354430379747,39.26635280923203,0.8000714288765837
2.9835443037974683,2.768354430379747,39.26635280923203,0.8000714288765837
3.026582278481013,2.768354430379747,39.26728804724971,0.8000678009187973
3.069620253164557,2.768354430379747,39.26728804724971,0.8000678009187973
3.1126582278481014,2.768354430379747,39.26811725246313,0.8000710222945553
3.1556962025316455,2.768354430379747,39.26811725246313,0.8000710222945553
3.19873417721519,2.768354430379747,39.26811725246313,0.8000710222945553
3.2848101265822787,2.768354430379747,39.26811725246313,0.8000710222945553
3.241772151898734,2.768354430379747,39.26811725246313,0.8000710222945553
3.3278481012658228,2.768354430379747,39.26811725246313,0.8000710222945553
3.4139240506329114,2.768354430379747,39.26811725246313,0.8000710222945553
3.5,2.768354430379747,39.26811725246313,0.8000710222945553
3.3708860759493673,2.768354430379747,39.26811725246313,0.8000710222945553
3.456962025316456,2.768354430379747,39.26811725246313,0.8000710222945553
0.1,2.8113924050632915,30.116973015952833,0.20933489639792152
0.14303797468354432,2.8113924050632915,30.11724139094412,0.20927272210118084
0.31518987341772153,2.8113924050632915,30.128340599674527,0.20948243992464952
0.1860759493670886,2.8113924050632915,30.12144741518085,0.20933399590577195
0.2291139240506329,2.8113924050632915,30.123679786600594,0.2093413375193196
0.35822784810126584,2.8113924050632915,30.125757781442548,0.20955431569813684
0.40126582278481016,2.8113924050632915,30.133971340471618,0.20996315239397473
0.2721518987341772,2.8113924050632915,30.121260340226062,0.2092834403318839
0.44430379746835447,2.8113924050632915,30.136207000059894,0.21020148913879613
0.4873417721518988,2.8113924050632915,30.144355256262784,0.21058160204181522
0.5303797468354431,2.8113924050632915,30.135036246632744,0.2105214178383435
0.5734177215189874,2.8113924050632915,30.127778121177155,0.21052630152140808
0.6164556962025316,2.8113924050632915,30.11860770732627,0.21061082154093616
0.6594936708860759,2.8113924050632915,30.112689584533893,0.2106114044222315
0.7455696202531645,2.8113924050632915,30.100626682286183,0.2106135964413314
0.7025316455696202,2.8113924050632915,30.106259472816397,0.21060548256715395
0.7886075949367088,2.8113924050632915,30.086786914090162,0.21054330199586835
0.8316455696202532,2.8113924050632915,29.943394583814335,0.21074933403217555
0.8746835443037975,2.8113924050632915,29.79739173800772,0.2107666857780445
0.9177215189873418,2.8113924050632915,29.688154211175473,0.210612791058157
1.0037974683544304,2.8113924050632915,29.648102001608265,0.21061591386653825
0.9607594936708861,2.8113924050632915,29.654749173366003,0.21076206927842198
1.0468354430379747,2.8113924050632915,29.649630241393226,0.21066103085313703
1.089873417721519,2.8113924050632915,29.656295189640005,0.21072668259336766
1.1329113924050633,2.8113924050632915,29.653943009248795,0.21060671918224852
1.1759493670886076,2.8113924050632915,29.654340159721745,0.21075117997727857
1.2620253164556963,2.8113924050632915,29.568757015538026,0.2107489458523646
1.218987341772152,2.8113924050632915,29.639358346697964,0.21080642213837597
1.3050632911392406,2.8113924050632915,29.5556612716132,0.2107461225158337
1.3911392405063292,2.8113924050632915,29.486835709086296,0.21527213376111623
1.3481012658227849,2.8113924050632915,29.421437026075385,0.2106602986004423
1.4772151898734178,2.8113924050632915,31.734738136852588,0.3350595203075456
1.4341772151898735,2.8113924050632915,30.51742690278948,0.27277716392039686
1.5202531645569621,2.8113924050632915,32.97177266479446,0.4026499863325598
1.5632911392405064,2.8113924050632915,35.120943006001106,0.527347410902084
1.7354430379746837,2.8113924050632915,40.16194286669736,0.799930064144036
1.649367088607595,2.8113924050632915,38.20029984178535,0.689245635343277
1.6924050632911394,2.8113924050632915,39.43296830418367,0.7551125780324706
1.6063291139240508,2.8113924050632915,36.79146526306287,0.6145885241572782
1.8215189873417723,2.8113924050632915,39.787556329826174,0.800056857994269
1.778481012658228,2.8113924050632915,39.977405328766906,0.8000471681430937
1.8645569620253166,2.8113924050632915,39.717469722842985,0.800060721198778
1.907594936708861,2.8113924050632915,39.609254477568946,0.8000486809916252
1.9506329113924052,2.8113924050632915,39.318224880057684,0.8000259780432122
1.9936708860759496,2.8113924050632915,39.26651980874069,0.8000681043647063
2.036708860759494,2.8113924050632915,39.21196303886355,0.8000623833044157
2.079746835443038,2.8113924050632915,39.18810523238324,0.8000458740536773
2.1227848101265825,2.8113924050632915,39.21365748863575,0.8000368421613693
2.208860759493671,2.8113924050632915,39.23187717972425,0.8000703696342433
2.1658227848101266,2.8113924050632915,39.23176937674432,0.800048358938778
2.251898734177215,2.8113924050632915,39.2528787008256,0.8000629914660191
2.2949367088607597,2.8113924050632915,39.278039522154735,0.800068199008699
2.337974683544304,2.8113924050632915,39.277742141896766,0.8000605961547567
2.3810126582278484,2.8113924050632915,39.27589308897978,0.8000702220041659
2.4240506329113924,2.8113924050632915,39.27938940868085,0.8000608847841871
2.467088607594937,2.8113924050632915,39.27989273477843,0.8000193548597725
2.510126582278481,2.8113924050632915,39.27851591748536,0.8000662155588685
2.5962025316455697,2.8113924050632915,39.278463300417215,0.8000611444422921
2.5531645569620256,2.8113924050632915,39.27908162552635,0.800057839138085
2.639240506329114,2.8113924050632915,39.28144283087205,0.8000702188872365
2.6822784810126583,2.8113924050632915,39.28077307232413,0.8000630031655053
2.725316455696203,2.8113924050632915,39.28324898262913,0.800063045922852
2.768354430379747,2.8113924050632915,39.28416102639021,0.8000701680401644
2.8113924050632915,2.8113924050632915,39.28431694658146,0.8000702019520548
2.8544303797468356,2.8113924050632915,39.28578009318708,0.8000701708127775
2.8974683544303796,2.8113924050632915,39.28578009318708,0.8000701708127775
2.940506329113924,2.8113924050632915,39.28578009318708,0.8000701708127775
2.9835443037974683,2.8113924050632915,39.28615975671409,0.800066900811676
3.069620253164557,2.8113924050632915,39.28551392344204,0.8000675831953264
3.026582278481013,2.8113924050632915,39.28551392344204,0.8000675831953264
3.1556962025316455,2.8113924050632915,39.28551392344204,0.8000675831953264
3.1126582278481014,2.8113924050632915,39.28551392344204,0.8000675831953264
3.19873417721519,2.8113924050632915,39.28551392344204,0.8000675831953264
3.241772151898734,2.8113924050632915,39.28551392344204,0.8000675831953264
3.2848101265822787,2.8113924050632915,39.28551392344204,0.8000675831953264
3.3278481012658228,2.8113924050632915,39.28551392344204,0.8000675831953264
3.3708860759493673,2.8113924050632915,39.28551392344204,0.8000675831953264
3.4139240506329114,2.8113924050632915,39.28551392344204,0.8000675831953264
3.456962025316456,2.8113924050632915,39.28551392344204,0.8000675831953264
3.5,2.8113924050632915,39.28551392344204,0.8000675831953264
0.1,2.8544303797468356,30.188337779502554,0.2093469299427008
0.14303797468354432,2.8544303797468356,30.188120968630113,0.20914200080323744
0.1860759493670886,2.8544303797468356,30.201524661257384,0.20947960518607076
0.2291139240506329,2.8544303797468356,30.20127344192764,0.20940466641760191
0.2721518987341772,2.8544303797468356,30.20652823649966,0.20975443210923017
0.31518987341772153,2.8544303797468356,30.213552900256623,0.21013908292972433
0.35822784810126584,2.8544303797468356,30.212245916137302,0.2103153092705836
0.40126582278481016,2.8544303797468356,30.21351700613946,0.210432479565084
0.44430379746835447,2.8544303797468356,30.215821834222147,0.21068520750060243
0.4873417721518988,2.8544303797468356,30.21178410165069,0.21071269205890267
0.5303797468354431,2.8544303797468356,30.20581195287437,0.2107223998080845
0.5734177215189874,2.8544303797468356,30.200079141362004,0.21077160454037244
0.6164556962025316,2.8544303797468356,30.17491861620523,0.210533953238437
0.6594936708860759,2.8544303797468356,30.16868121091022,0.21055316837873533
0.7025316455696202,2.8544303797468356,30.152112436182524,0.21053154759050402
0.7455696202531645,2.8544303797468356,30.15037689011323,0.2108107063756955
0.7886075949367088,2.8544303797468356,30.12821159708148,0.21060733884331045
0.8316455696202532,2.8544303797468356,29.984293791187167,0.21064508480453453
0.9177215189873418,2.8544303797468356,29.73014779744641,0.21071306255385325
0.8746835443037975,2.8544303797468356,29.82996577243315,0.21064739565662863
0.9607594936708861,2.8544303797468356,29.706339121448277,0.2106582310393868
1.0468354430379747,2.8544303797468356,29.69978334348178,0.21060266573837158
1.0037974683544304,2.8544303797468356,29.702041841958266,0.21063915457788007
1.089873417721519,2.8544303797468356,29.70285337870224,0.21071327664852918
1.1329113924050633,2.8544303797468356,29.697574206516318,0.21059152131303482
1.1759493670886076,2.8544303797468356,29.70058868087136,0.2107870885019285
1.2620253164556963,2.8544303797468356,29.64832899509959,0.21059744860471283
1.218987341772152,2.8544303797468356,29.674942768090496,0.21054939413939133
1.3050632911392406,2.8544303797468356,29.619933918651867,0.2106443161001382
1.3481012658227849,2.8544303797468356,29.5424012250853,0.2140945599991277
1.3911392405063292,2.8544303797468356,30.231905531674812,0.25018174562918627
1.4341772151898735,2.8544303797468356,31.387057444770562,0.3134767435330161
1.4772151898734178,2.8544303797468356,32.549008397990185,0.37351363116399344
1.5202531645569621,2.8544303797468356,33.69788693428693,0.4354949080346979
1.5632911392405064,2.8544303797468356,36.10864996934861,0.5722407302367393
1.6063291139240508,2.8544303797468356,37.47521887948295,0.6452582196634892
1.649367088607595,2.8544303797468356,38.71415772701431,0.7112590849882469
1.6924050632911394,2.8544303797468356,40.103277052254946,0.7841318222580167
1.7354430379746837,2.8544303797468356,40.223794435186555,0.8004406090426734
1.778481012658228,2.8544303797468356,40.022101359646314,0.800042465449822
1.8215189873417723,2.8544303797468356,39.86495411012711,0.8000489962340329
1.8645569620253166,2.8544303797468356,39.794967403721905,0.7999989812836452
1.907594936708861,2.8544303797468356,39.66796523363172,0.800054786346091
1.9506329113924052,2.8544303797468356,39.36446651331394,0.8000352004150852
1.9936708860759496,2.8544303797468356,39.32452760825213,0.800067447250581
2.079746835443038,2.8544303797468356,39.267351935400484,0.8000586301715971
2.036708860759494,2.8544303797468356,39.29988999662068,0.8000680280441516
2.1227848101265825,2.8544303797468356,39.28375611237386,0.8000758390046334
2.1658227848101266,2.8544303797468356,39.292588622071094,0.8000616947441476
2.208860759493671,2.8544303797468356,39.28921369385092,0.8000679254896277
2.251898734177215,2.8544303797468356,39.30512853426902,0.8000612865134626
2.2949367088607597,2.8544303797468356,39.31832174096351,0.8000629667426825
2.337974683544304,2.8544303797468356,39.29745295207903,0.8000649143842151
2.3810126582278484,2.8544303797468356,39.29615280336075,0.8000722108257575
2.4240506329113924,2.8544303797468356,39.29705337107931,0.800070982826963
2.467088607594937,2.8544303797468356,39.29926894276055,0.8000656070816328
2.510126582278481,2.8544303797468356,39.2921550343816,0.8000542151957423
2.5531645569620256,2.8544303797468356,39.29211978991631,0.8000657982011062
2.5962025316455697,2.8544303797468356,39.29378531809599,0.8000657567579478
2.639240506329114,2.8544303797468356,39.29132001457005,0.8000631026779362
2.6822784810126583,2.8544303797468356,39.29409609294954,0.8000629799455748
2.725316455696203,2.8544303797468356,39.29460234995354,0.8000630844066519
2.768354430379747,2.8544303797468356,39.29668862773742,0.8000588036944197
2.8113924050632915,2.8544303797468356,39.29856004791034,0.8000630214433506
2.8544303797468356,2.8544303797468356,39.29871024165785,0.8000657596955507
2.8974683544303796,2.8544303797468356,39.29871024165785,0.8000657596955507
2.940506329113924,2.8544303797468356,39.29871024165785,0.8000657596955507
3.069620253164557,2.8544303797468356,39.29869138738937,0.8000667070256136
2.9835443037974683,2.8544303797468356,39.29871024165785,0.8000657596955507
3.026582278481013,2.8544303797468356,39.29869138738937,0.8000667070256136
3.1126582278481014,2.8544303797468356,39.29869138738937,0.8000667070256136
3.19873417721519,2.8544303797468356,39.29869138738937,0.8000667070256136
3.1556962025316455,2.8544303797468356,39.29869138738937,0.8000667070256136
3.241772151898734,2.8544303797468356,39.29869138738937,0.8000667070256136
3.2848101265822787,2.8544303797468356,39.29869138738937,0.8000667070256136
3.3708860759493673,2.8544303797468356,39.29869138738937,0.8000667070256136
3.3278481012658228,2.8544303797468356,39.29869138738937,0.8000667070256136
3.4139240506329114,2.8544303797468356,39.29869138738937,0.8000667070256136
0.1,2.8974683544303796,30.255809245899503,0.20941568813642158
3.5,2.8544303797468356,39.29869138738937,0.8000667070256136
0.14303797468354432,2.8974683544303796,30.259161588329366,0.2096071835966817
3.456962025316456,2.8544303797468356,39.29869138738937,0.8000667070256136
0.1860759493670886,2.8974683544303796,30.26616509147641,0.20999228408619797
0.2291139240506329,2.8974683544303796,30.268944330675012,0.21037736678287458
0.2721518987341772,2.8974683544303796,30.270506312145205,0.21043298585381498
0.31518987341772153,2.8974683544303796,30.27632273305856,0.21068585276672455
0.35822784810126584,2.8974683544303796,30.270736953705303,0.21054968304650729
0.40126582278481016,2.8974683544303796,30.272658645064357,0.21078463282394588
0.44430379746835447,2.8974683544303796,30.264093500795155,0.2105993523488696
0.4873417721518988,2.8974683544303796,30.263822745632066,0.21071382233633873
0.5303797468354431,2.8974683544303796,30.254735018935666,0.210661451128099
0.5734177215189874,2.8974683544303796,30.24424713328137,0.2107172794973291
0.6164556962025316,2.8974683544303796,30.22171157180762,0.2107585772748359
0.6594936708860759,2.8974683544303796,30.21280636549767,0.21079460083020835
0.7025316455696202,2.8974683544303796,30.20297963144115,0.210815973186771
0.7455696202531645,2.8974683544303796,30.193877045781118,0.2108131905140121
0.7886075949367088,2.8974683544303796,30.178322659784854,0.21056629162864493
0.8316455696202532,2.8974683544303796,30.03610432885924,0.21067618218105671
0.8746835443037975,2.8974683544303796,29.876581227927186,0.21056348015150161
0.9177215189873418,2.8974683544303796,29.790342409565948,0.21057793450485385
0.9607594936708861,2.8974683544303796,29.771675564260295,0.210610868605544
1.0037974683544304,2.8974683544303796,29.75962688732275,0.21060708393106464
1.0468354430379747,2.8974683544303796,29.756372637671635,0.21064879120996516
1.089873417721519,2.8974683544303796,29.75525131865767,0.21056290608218342
1.1329113924050633,2.8974683544303796,29.755726916859224,0.2107020286184153
1.1759493670886076,2.8974683544303796,29.758446753346412,0.21066818009102659
1.218987341772152,2.8974683544303796,29.772844141007678,0.2107472313124646
1.2620253164556963,2.8974683544303796,29.724839856776143,0.21065562351476363
1.3050632911392406,2.8974683544303796,29.71777366530876,0.21244166348046187
1.3481012658227849,2.8974683544303796,30.161620137921695,0.24246365995753424
1.3911392405063292,2.8974683544303796,31.10969366973498,0.2914233891823707
1.4341772151898735,2.8974683544303796,32.35610816172467,0.3589721640705093
1.4772151898734178,2.8974683544303796,33.32178866834275,0.4088982940694318
1.5202531645569621,2.8974683544303796,34.69932345628877,0.48069326567426574
1.5632911392405064,2.8974683544303796,36.85694590546938,0.6050865085631059
1.6063291139240508,2.8974683544303796,38.20823429236346,0.6767921470646018
1.649367088607595,2.8974683544303796,39.47064421734121,0.742749607125595
1.6924050632911394,2.8974683544303796,40.5176160846431,0.800004945875398
1.778481012658228,2.8974683544303796,40.07382698115739,0.800034197611185
1.8215189873417723,2.8974683544303796,39.94415779157614,0.8000615955375301
1.7354430379746837,2.8974683544303796,40.29417185121901,0.8000053697922966
1.8645569620253166,2.8974683544303796,39.85571404950688,0.8000411397839022
1.907594936708861,2.8974683544303796,39.74922510414571,0.8000598669520138
1.9506329113924052,2.8974683544303796,39.463610125824204,0.8000468991344428
2.036708860759494,2.8974683544303796,39.376590457481086,0.8000656235557597
1.9936708860759496,2.8974683544303796,39.42295427567755,0.800028660152394
2.079746835443038,2.8974683544303796,39.333645113736466,0.8000590880031563
2.1658227848101266,2.8974683544303796,39.33953281019486,0.800064299478658
2.1227848101265825,2.8974683544303796,39.36140062877612,0.8000667560107675
2.251898734177215,2.8974683544303796,39.34919928968033,0.8000404028201212
2.208860759493671,2.8974683544303796,39.35385400157162,0.8000622898953267
2.2949367088607597,2.8974683544303796,39.33455675640634,0.8000627937792057
2.337974683544304,2.8974683544303796,39.32000013185732,0.800064363204431
2.3810126582278484,2.8974683544303796,39.31708618661726,0.8000651363019563
2.467088607594937,2.8974683544303796,39.31619753302076,0.8000643439759578
2.4240506329113924,2.8974683544303796,39.3162483165314,0.8000710653056201
2.510126582278481,2.8974683544303796,39.31108133408101,0.800062862899769
2.5531645569620256,2.8974683544303796,39.30928052333456,0.80007065184686
2.639240506329114,2.8974683544303796,39.30684776318538,0.8000649564326509
2.5962025316455697,2.8974683544303796,39.30882165464971,0.8000657796216042
2.6822784810126583,2.8974683544303796,39.30876475370026,0.8000728811860293
2.725316455696203,2.8974683544303796,39.31122468978933,0.8000727023780738
2.768354430379747,2.8974683544303796,39.310217472626015,0.8000728824526557
2.8113924050632915,2.8974683544303796,39.311244337628125,0.8000651835298239
2.8544303797468356,2.8974683544303796,39.31167368207237,0.800064981660633
2.8974683544303796,2.8974683544303796,39.31167368207237,0.800064981660633
2.940506329113924,2.8974683544303796,39.31167368207237,0.800064981660633
2.9835443037974683,2.8974683544303796,39.31167368207237,0.800064981660633
3.026582278481013,2.8974683544303796,39.31225613341801,0.8000639300585103
3.069620253164557,2.8974683544303796,39.31225613341801,0.8000639300585103
3.1126582278481014,2.8974683544303796,39.31225613341801,0.8000639300585103
3.1556962025316455,2.8974683544303796,39.31225613341801,0.8000639300585103
3.19873417721519,2.8974683544303796,39.31225613341801,0.8000639300585103
3.2848101265822787,2.8974683544303796,39.31225613341801,0.8000639300585103
3.241772151898734,2.8974683544303796,39.31225613341801,0.8000639300585103
3.3278481012658228,2.8974683544303796,39.31225613341801,0.8000639300585103
3.3708860759493673,2.8974683544303796,39.31225613341801,0.8000639300585103
3.4139240506329114,2.8974683544303796,39.31225613341801,0.8000639300585103
3.456962025316456,2.8974683544303796,39.31225613341801,0.8000639300585103
0.1,2.940506329113924,30.335307199329844,0.2100409658405558
3.5,2.8974683544303796,39.31225613341801,0.8000639300585103
0.14303797468354432,2.940506329113924,30.337062793718534,0.2101923352758812
0.2291139240506329,2.940506329113924,30.34228656083275,0.21072281044043856
0.1860759493670886,2.940506329113924,30.345733036273707,0.21072328698299858
0.2721518987341772,2.940506329113924,30.339269064063753,0.21059393766896806
0.31518987341772153,2.940506329113924,30.338365682195846,0.21058130920427845
0.35822784810126584,2.940506329113924,30.33542681669291,0.21057677206249048
0.40126582278481016,2.940506329113924,30.33341513846471,0.21069132119083053
0.44430379746835447,2.940506329113924,30.331384411046418,0.21074654619101824
0.4873417721518988,2.940506329113924,30.323582943217428,0.2105942056384457
0.5734177215189874,2.940506329113924,30.299655415172115,0.210706500778296
0.5303797468354431,2.940506329113924,30.315523410554214,0.210725274385574
0.6164556962025316,2.940506329113924,30.280961680935697,0.21073369806374212
0.7025316455696202,2.940506329113924,30.256707669323355,0.21059777996317683
0.7455696202531645,2.940506329113924,30.253912505930398,0.2105931509004406
0.7886075949367088,2.940506329113924,30.24579911440812,0.21072028761543898
0.6594936708860759,2.940506329113924,30.2672683839101,0.2106115597012087
0.8316455696202532,2.940506329113924,30.078986558026966,0.21070779643337903
0.8746835443037975,2.940506329113924,29.92673921809789,0.21071768486205988
0.9177215189873418,2.940506329113924,29.846889595099316,0.21074635226136124
0.9607594936708861,2.940506329113924,29.82220668617572,0.21070222253076937
1.0037974683544304,2.940506329113924,29.808809644615863,0.21057664992693867
1.0468354430379747,2.940506329113924,29.812336543682793,0.2107938502355105
1.089873417721519,2.940506329113924,29.812629626717225,0.21074089153463502
1.1329113924050633,2.940506329113924,29.820735858104996,0.21069620517348084
1.1759493670886076,2.940506329113924,29.835801988289727,0.21061838632863555
1.218987341772152,2.940506329113924,29.841030775886342,0.21069825886868432
1.2620253164556963,2.940506329113924,29.78602680747838,0.21115226498292405
1.3050632911392406,2.940506329113924,29.84129300149556,0.21702508270898777
1.3481012658227849,2.940506329113924,30.955664153683415,0.27959407098694333
1.4341772151898735,2.940506329113924,33.04737993614483,0.3903049358710708
1.3911392405063292,2.940506329113924,31.90995233202806,0.3282770054182785
1.4772151898734178,2.940506329113924,34.205264018873514,0.44851871452784464
1.5202531645569621,2.940506329113924,35.4819673690487,0.5154990097638575
1.5632911392405064,2.940506329113924,37.63447876948406,0.6389850432870993
1.649367088607595,2.940506329113924,40.188451689188184,0.772858146416041
1.6063291139240508,2.940506329113924,38.887657053298184,0.7051344411454648
1.7354430379746837,2.940506329113924,40.334367061895065,0.7999531299599884
1.778481012658228,2.940506329113924,40.17456730100866,0.800046221738756
1.6924050632911394,2.940506329113924,40.57099591052244,0.8000033909147249
1.8645569620253166,2.940506329113924,39.971324681005925,0.8000631165923113
1.907594936708861,2.940506329113924,39.83435072012694,0.8000811366323054
1.8215189873417723,2.940506329113924,40.047930388398356,0.8000760551738366
1.9506329113924052,2.940506329113924,39.5547441014927,0.800064703947316
1.9936708860759496,2.940506329113924,39.503107897076966,0.8000673120903002
2.1227848101265825,2.940506329113924,39.417493180728414,0.800018133030715
2.036708860759494,2.940506329113924,39.46218891444125,0.800066325744439
2.079746835443038,2.940506329113924,39.405622489284646,0.8000533326539838
2.1658227848101266,2.940506329113924,39.3888911724447,0.800071197993907
2.208860759493671,2.940506329113924,39.375436967000155,0.8000616144096576
2.251898734177215,2.940506329113924,39.36608429877126,0.8000590743586014
2.2949367088607597,2.940506329113924,39.34707647680695,0.8000587038852323
2.3810126582278484,2.940506329113924,39.326904062495196,0.8000636340872139
2.337974683544304,2.940506329113924,39.330568807819816,0.8000623796336205
2.4240506329113924,2.940506329113924,39.32743002755553,0.8000622687063939
2.467088607594937,2.940506329113924,39.324406098503715,0.8000615769791753
2.510126582278481,2.940506329113924,39.31511516964718,0.80007028228754
2.5531645569620256,2.940506329113924,39.318634920546906,0.800069801958214
2.639240506329114,2.940506329113924,39.316593302823,0.8000665032426058
2.6822784810126583,2.940506329113924,39.31696815790721,0.8000702295368111
2.5962025316455697,2.940506329113924,39.31458928308205,0.8000702749021337
2.725316455696203,2.940506329113924,39.31689572533805,0.8000638413476561
2.768354430379747,2.940506329113924,39.319327533733656,0.8000614852007817
2.8113924050632915,2.940506329113924,39.319099455301064,0.8000702183223006
2.8544303797468356,2.940506329113924,39.31932772441994,0.8000614310484933
2.8974683544303796,2.940506329113924,39.31932772441994,0.8000614310484933
2.940506329113924,2.940506329113924,39.31932772441994,0.8000614310484933
2.9835443037974683,2.940506329113924,39.31932772441994,0.8000614310484933
3.026582278481013,2.940506329113924,39.319121337176796,0.800063356739213
3.1126582278481014,2.940506329113924,39.319121337176796,0.800063356739213
3.069620253164557,2.940506329113924,39.319121337176796,0.800063356739213
3.1556962025316455,2.940506329113924,39.319121337176796,0.800063356739213
3.19873417721519,2.940506329113924,39.319121337176796,0.800063356739213
3.241772151898734,2.940506329113924,39.319121337176796,0.800063356739213
3.2848101265822787,2.940506329113924,39.319121337176796,0.800063356739213
3.3278481012658228,2.940506329113924,39.319121337176796,0.800063356739213
3.3708860759493673,2.940506329113924,39.319121337176796,0.800063356739213
3.456962025316456,2.940506329113924,39.319121337176796,0.800063356739213
3.4139240506329114,2.940506329113924,39.319121337176796,0.800063356739213
3.5,2.940506329113924,39.319121337176796,0.800063356739213
0.14303797468354432,2.9835443037974683,30.373511267292795,0.2105561155532707
0.1,2.9835443037974683,30.378190474620688,0.21065357026132103
0.2721518987341772,2.9835443037974683,30.369712985106666,0.21063882271405335
0.2291139240506329,2.9835443037974683,30.36959088437258,0.21059131521634852
0.1860759493670886,2.9835443037974683,30.373642414170135,0.2107060608998472
0.31518987341772153,2.9835443037974683,30.36735460284205,0.2106605740551581
0.35822784810126584,2.9835443037974683,30.36482219309774,0.2107087303371092
0.40126582278481016,2.9835443037974683,30.364907286509652,0.2107129839182203
0.44430379746835447,2.9835443037974683,30.35508943600708,0.21068554842105744
0.5303797468354431,2.9835443037974683,30.332946230204733,0.21058086183224414
0.5734177215189874,2.9835443037974683,30.322210137915114,0.21056774675933645
0.4873417721518988,2.9835443037974683,30.34781954367086,0.2105631372890475
0.6164556962025316,2.9835443037974683,30.301208602296775,0.2107044751757131
0.7025316455696202,2.9835443037974683,30.287168278709416,0.21071502325780805
0.6594936708860759,2.9835443037974683,30.293459783503547,0.21076182044438044
0.7455696202531645,2.9835443037974683,30.28045448837119,0.2106835007021465
0.7886075949367088,2.9835443037974683,30.25914202350217,0.2107570423863615
0.8316455696202532,2.9835443037974683,30.096972935269648,0.2107243779803942
0.8746835443037975,2.9835443037974683,29.94489262212645,0.21078057077514364
0.9177215189873418,2.9835443037974683,29.871740360302972,0.21067718191390128
0.9607594936708861,2.9835443037974683,29.85381276105418,0.21070369118341034
1.0037974683544304,2.9835443037974683,29.848719098769617,0.2107418159830372
1.0468354430379747,2.9835443037974683,29.85453397343438,0.21073511942147174
1.1329113924050633,2.9835443037974683,29.870706952046397,0.21061103750418986
1.089873417721519,2.9835443037974683,29.861412727563934,0.2107068395790821
1.1759493670886076,2.9835443037974683,29.888246162487317,0.21080980542237102
1.218987341772152,2.9835443037974683,29.862825646473876,0.2107469185393149
1.2620253164556963,2.9835443037974683,29.925091889554615,0.21689317179460282
1.3050632911392406,2.9835443037974683,30.49590636262914,0.2493179307252199
1.3481012658227849,2.9835443037974683,31.688949761933333,0.31392017629388824
1.3911392405063292,2.9835443037974683,32.60375940619173,0.360843725903473
1.4341772151898735,2.9835443037974683,33.87851475829006,0.4287507198319493
1.4772151898734178,2.9835443037974683,35.075157535129144,0.4883015975648763
1.5202531645569621,2.9835443037974683,36.28256665031028,0.5510724416359714
1.5632911392405064,2.9835443037974683,38.34763720320015,0.6701321642461534
1.6063291139240508,2.9835443037974683,39.56496533651199,0.7346340646030465
1.6924050632911394,2.9835443037974683,40.62084893301683,0.7999638380273872
1.649367088607595,2.9835443037974683,40.81993900432109,0.7999629965332283
1.778481012658228,2.9835443037974683,40.29131831613406,0.8000464938447626
1.7354430379746837,2.9835443037974683,40.401598163913945,0.799959498286287
1.8215189873417723,2.9835443037974683,40.14362670073232,0.8000661723580916
1.8645569620253166,2.9835443037974683,40.04215835075509,0.8000303764043458
1.907594936708861,2.9835443037974683,39.90527585209418,0.8000576098266634
1.9506329113924052,2.9835443037974683,39.62993581411253,0.800052157025192
1.9936708860759496,2.9835443037974683,39.57948966816302,0.8000556567510271
2.036708860759494,2.9835443037974683,39.497995542838865,0.8000450361929514
2.079746835443038,2.9835443037974683,39.466222875804846,0.8000532814986553
2.1227848101265825,2.9835443037974683,39.452141200693866,0.8000205317568083
2.1658227848101266,2.9835443037974683,39.42253999074736,0.8000707671118872
2.208860759493671,2.9835443037974683,39.4052795127241,0.8000622692775194
2.251898734177215,2.9835443037974683,39.37682860179358,0.8000713950913608
2.2949367088607597,2.9835443037974683,39.35816344299724,0.8000617726013176
2.337974683544304,2.9835443037974683,39.34292909119956,0.8000700430851023
2.3810126582278484,2.9835443037974683,39.341625588846476,0.8000615689955023
2.4240506329113924,2.9835443037974683,39.33918488874268,0.8000719981023056
2.467088607594937,2.9835443037974683,39.33418804251933,0.8000696395266487
2.5962025316455697,2.9835443037974683,39.32510718114265,0.800059237381608
2.510126582278481,2.9835443037974683,39.327264201179474,0.8000720841549215
2.5531645569620256,2.9835443037974683,39.327170491885354,0.8000721571851109
2.639240506329114,2.9835443037974683,39.32806386052754,0.800070128729619
2.6822784810126583,2.9835443037974683,39.328917500424446,0.8000721532642008
2.725316455696203,2.9835443037974683,39.32702344857559,0.8000685424497601
2.768354430379747,2.9835443037974683,39.32619356860252,0.8000722389915074
2.8113924050632915,2.9835443037974683,39.32760839861692,0.8000721905751669
2.8544303797468356,2.9835443037974683,39.331119403997434,0.8000590746980464
2.8974683544303796,2.9835443037974683,39.331119403997434,0.8000590746980464
2.940506329113924,2.9835443037974683,39.331119403997434,0.8000590746980464
2.9835443037974683,2.9835443037974683,39.331119403997434,0.8000590746980464
3.026582278481013,2.9835443037974683,39.33061427322846,0.8000591622247407
3.069620253164557,2.9835443037974683,39.33061427322846,0.8000591622247407
3.1126582278481014,2.9835443037974683,39.33061427322846,0.8000591622247407
3.1556962025316455,2.9835443037974683,39.33061427322846,0.8000591622247407
3.19873417721519,2.9835443037974683,39.33061427322846,0.8000591622247407
3.241772151898734,2.9835443037974683,39.33061427322846,0.8000591622247407
3.2848101265822787,2.9835443037974683,39.33061427322846,0.8000591622247407
3.3278481012658228,2.9835443037974683,39.33061427322846,0.8000591622247407
3.3708860759493673,2.9835443037974683,39.33061427322846,0.8000591622247407
3.4139240506329114,2.9835443037974683,39.33061427322846,0.8000591622247407
3.456962025316456,2.9835443037974683,39.33061427322846,0.8000591622247407
0.1,3.026582278481013,30.433935208999742,0.21061371977700769
3.5,2.9835443037974683,39.33061427322846,0.8000591622247407
0.1860759493670886,3.026582278481013,30.43492461492409,0.21083302140167492
0.14303797468354432,3.026582278481013,30.436428152094514,0.2107547703592418
0.2721518987341772,3.026582278481013,30.4223311960732,0.2105565307229964
0.2291139240506329,3.026582278481013,30.428424540186278,0.21067014890173902
0.35822784810126584,3.026582278481013,30.42156274574456,0.21076761591410623
0.31518987341772153,3.026582278481013,30.422256865094113,0.21055878745758771
0.40126582278481016,3.026582278481013,30.41429782168609,0.21061438811580846
0.4873417721518988,3.026582278481013,30.405675073084463,0.2108249741572498
0.44430379746835447,3.026582278481013,30.41115120591067,0.210827431581383
0.5303797468354431,3.026582278481013,30.38940691349266,0.21081781808859498
0.5734177215189874,3.026582278481013,30.375563526660436,0.21081665051534676
0.6164556962025316,3.026582278481013,30.352191214792292,0.2106138433483179
0.6594936708860759,3.026582278481013,30.34614954183643,0.21055523760493494
0.7025316455696202,3.026582278481013,30.34025023534618,0.2108124416936267
0.7455696202531645,3.026582278481013,30.324061993183825,0.2107225078067132
0.7886075949367088,3.026582278481013,30.297137087393722,0.21069447390372067
0.8316455696202532,3.026582278481013,30.13207505991005,0.21064904101123316
0.8746835443037975,3.026582278481013,29.98461480331299,0.21083879183138624
0.9177215189873418,3.026582278481013,29.928697109448205,0.21065568169813678
1.0468354430379747,3.026582278481013,29.922887579367544,0.21072558586326118
1.0037974683544304,3.026582278481013,29.923094354822428,0.21070699461231085
0.9607594936708861,3.026582278481013,29.917048070826215,0.21059228927506213
1.089873417721519,3.026582278481013,29.935572260603994,0.21078864818014928
1.1329113924050633,3.026582278481013,29.93959034652634,0.21083109876011996
1.1759493670886076,3.026582278481013,29.923354807529243,0.21065529869642685
1.218987341772152,3.026582278481013,29.972604798083733,0.21407777143563547
1.2620253164556963,3.026582278481013,30.17066561191128,0.22786418238287814
1.3050632911392406,3.026582278481013,31.360812739344354,0.29135099357451755
1.3481012658227849,3.026582278481013,32.46528155211067,0.34956771138139897
1.3911392405063292,3.026582278481013,33.41229598261865,0.39840386992664467
1.4341772151898735,3.026582278481013,34.852921017524324,0.4727742815920083
1.4772151898734178,3.026582278481013,35.83896142490283,0.5218427291430379
1.5202531645569621,3.026582278481013,37.05131987972935,0.5843860239960051
1.5632911392405064,3.026582278481013,38.923257724933116,0.6943722715977048
1.6063291139240508,3.026582278481013,40.25172668193512,0.7633903689807205
1.649367088607595,3.026582278481013,40.895025363927374,0.8000024482091885
1.6924050632911394,3.026582278481013,40.71461121113216,0.799971241370713
1.7354430379746837,3.026582278481013,40.51720502999073,0.800444124879751
1.778481012658228,3.026582278481013,40.38198889704917,0.8000461228190502
1.8215189873417723,3.026582278481013,40.237586672784204,0.8004512649637344
1.907594936708861,3.026582278481013,39.97821094362918,0.800074393141983
1.8645569620253166,3.026582278481013,40.10921587852817,0.8000638103010181
1.9506329113924052,3.026582278481013,39.699270105981284,0.8000580872891303
1.9936708860759496,3.026582278481013,39.6413900968083,0.8000361712934694
2.036708860759494,3.026582278481013,39.55074704416147,0.8000472319577259
2.079746835443038,3.026582278481013,39.505344278658754,0.8000597246668415
2.1227848101265825,3.026582278481013,39.486444933268615,0.8000297213708858
2.208860759493671,3.026582278481013,39.42547146611305,0.8000541828165693
2.1658227848101266,3.026582278481013,39.444357034029686,0.8000619853147916
2.251898734177215,3.026582278481013,39.38756624237871,0.8000723774633905
2.2949367088607597,3.026582278481013,39.3668491287166,0.8000550220047512
2.337974683544304,3.026582278481013,39.359858635462544,0.8000718009462587
2.3810126582278484,3.026582278481013,39.353939116365325,0.8000661120131896
2.4240506329113924,3.026582278481013,39.34827208863586,0.8000578002080735
2.467088607594937,3.026582278481013,39.344376192796304,0.8000718750585437
2.510126582278481,3.026582278481013,39.338987616315904,0.8000716226439709
2.5531645569620256,3.026582278481013,39.337491398139804,0.8000661596526935
2.5962025316455697,3.026582278481013,39.33485014691634,0.8000716485981718
2.639240506329114,3.026582278481013,39.33483008804333,0.8000696727017191
2.725316455696203,3.026582278481013,39.336042453113144,0.8000648508352061
2.6822784810126583,3.026582278481013,39.33677375357208,0.8000647838606182
2.768354430379747,3.026582278481013,39.33705155632278,0.800071166171456
2.8113924050632915,3.026582278481013,39.336998591426884,0.8000648182354743
2.8544303797468356,3.026582278481013,39.33881771303124,0.8000648636778402
2.8974683544303796,3.026582278481013,39.33881771303124,0.8000648636778402
2.940506329113924,3.026582278481013,39.33881771303124,0.8000648636778402
2.9835443037974683,3.026582278481013,39.33881771303124,0.8000648636778402
3.026582278481013,3.026582278481013,39.340481430701985,0.8000711276595539
3.069620253164557,3.026582278481013,39.340481430701985,0.8000711276595539
3.1556962025316455,3.026582278481013,39.340481430701985,0.8000711276595539
3.1126582278481014,3.026582278481013,39.340481430701985,0.8000711276595539
3.19873417721519,3.026582278481013,39.340481430701985,0.8000711276595539
3.241772151898734,3.026582278481013,39.340481430701985,0.8000711276595539
3.3278481012658228,3.026582278481013,39.340481430701985,0.8000711276595539
3.2848101265822787,3.026582278481013,39.340481430701985,0.8000711276595539
3.456962025316456,3.026582278481013,39.340481430701985,0.8000711276595539
3.3708860759493673,3.026582278481013,39.340481430701985,0.8000711276595539
3.4139240506329114,3.026582278481013,39.340481430701985,0.8000711276595539
3.5,3.026582278481013,39.340481430701985,0.8000711276595539
0.1,3.069620253164557,30.474287187164002,0.21061980558292112
0.14303797468354432,3.069620253164557,30.469910228967603,0.21062581421517254
0.2291139240506329,3.069620253164557,30.46406564190796,0.21059462504317383
0.1860759493670886,3.069620253164557,30.466665757189375,0.21056604647499702
0.2721518987341772,3.069620253164557,30.463210521079137,0.21057923198261772
0.31518987341772153,3.069620253164557,30.460776622978013,0.21079682296320607
0.35822784810126584,3.069620253164557,30.456397118348125,0.21080106061165402
0.44430379746835447,3.069620253164557,30.4392120426864,0.21057860594962635
0.40126582278481016,3.069620253164557,30.44403254888885,0.21059551460317125
0.4873417721518988,3.069620253164557,30.4355910162847,0.21080983307933573
0.5303797468354431,3.069620253164557,30.419298176499137,0.2106933863859243
0.5734177215189874,3.069620253164557,30.41054116875479,0.21073757783774094
0.6164556962025316,3.069620253164557,30.394193641748195,0.21078057930000485
0.6594936708860759,3.069620253164557,30.37781674891654,0.2107085598291298
0.7025316455696202,3.069620253164557,30.36015421910796,0.2105888619988119
0.7455696202531645,3.069620253164557,30.347682515813908,0.2108335900292101
0.7886075949367088,3.069620253164557,30.324357101513613,0.21079681891048552
0.8316455696202532,3.069620253164557,30.158020210036106,0.2107127201878965
0.8746835443037975,3.069620253164557,30.009862130077032,0.2106614883571704
0.9177215189873418,3.069620253164557,29.977250175533452,0.21078599411373525
0.9607594936708861,3.069620253164557,29.962220290136717,0.2106403821940489
1.0037974683544304,3.069620253164557,29.95869711296066,0.2106452937757769
1.0468354430379747,3.069620253164557,29.963846614326428,0.21072170795352937
1.089873417721519,3.069620253164557,29.96643361402848,0.21079817200354864
1.1329113924050633,3.069620253164557,29.9519501840789,0.21064114512944337
1.218987341772152,3.069620253164557,30.050309740621802,0.2171055975193724
1.1759493670886076,3.069620253164557,29.996508162916435,0.21332258277539978
1.2620253164556963,3.069620253164557,31.045493336379344,0.2704008697412725
1.3050632911392406,3.069620253164557,32.19781320221489,0.3312526792139774
1.3481012658227849,3.069620253164557,33.11079793823121,0.37891393928794764
1.3911392405063292,3.069620253164557,34.42762754945788,0.4453098558635123
1.4341772151898735,3.069620253164557,35.70690594352944,0.5105277592007699
1.4772151898734178,3.069620253164557,36.6384223245375,0.5567861690376132
1.5202531645569621,3.069620253164557,37.66741964448878,0.610551500799405
1.5632911392405064,3.069620253164557,39.88170426510913,0.7346450246760015
1.649367088607595,3.069620253164557,41.00514525875533,0.7999307952066491
1.6063291139240508,3.069620253164557,41.189272528882974,0.7999330135289389
1.6924050632911394,3.069620253164557,40.82080648061479,0.800001316929094
1.7354430379746837,3.069620253164557,40.642463057000974,0.7999432896517344
1.778481012658228,3.069620253164557,40.508070224046406,0.8000540878271234
1.8215189873417723,3.069620253164557,40.316338909429774,0.8000091958215213
1.8645569620253166,3.069620253164557,40.19616092916694,0.800005165865798
1.907594936708861,3.069620253164557,40.05485365794699,0.8000413464658657
1.9936708860759496,3.069620253164557,39.69116650839951,0.8000534023924889
2.036708860759494,3.069620253164557,39.61016139465786,0.8000665123752928
1.9506329113924052,3.069620253164557,39.777913497056815,0.8000483144799084
2.079746835443038,3.069620253164557,39.54780927464363,0.8000228413224987
2.1227848101265825,3.069620253164557,39.51933487966586,0.7999995141796673
2.1658227848101266,3.069620253164557,39.469527984589156,0.8000616920221678
2.251898734177215,3.069620253164557,39.403201059024134,0.800061578168226
2.208860759493671,3.069620253164557,39.44441759780896,0.8000578628713384
2.2949367088607597,3.069620253164557,39.39454122734661,0.8000688574886761
2.3810126582278484,3.069620253164557,39.36818893936415,0.8000603170864653
2.337974683544304,3.069620253164557,39.375419740186146,0.8000597103337941
2.467088607594937,3.069620253164557,39.362914884466484,0.8000468765085892
2.4240506329113924,3.069620253164557,39.36554216337887,0.8000661894769882
2.5531645569620256,3.069620253164557,39.352262137529365,0.8000611358080556
2.5962025316455697,3.069620253164557,39.35311716371809,0.8000634385390719
2.510126582278481,3.069620253164557,39.35668162244509,0.8000587194305615
2.639240506329114,3.069620253164557,39.35160720718085,0.8000592222072178
2.6822784810126583,3.069620253164557,39.351972183829275,0.800063082778862
2.725316455696203,3.069620253164557,39.35212232511949,0.8000592089917282
2.768354430379747,3.069620253164557,39.35186859330436,0.8000582560419193
2.8113924050632915,3.069620253164557,39.35346746703357,0.8000594491174193
2.8544303797468356,3.069620253164557,39.35445655040695,0.8000624947682101
2.8974683544303796,3.069620253164557,39.35445655040695,0.8000624947682101
2.940506329113924,3.069620253164557,39.35445655040695,0.8000624947682101
2.9835443037974683,3.069620253164557,39.35445655040695,0.8000624947682101
3.026582278481013,3.069620253164557,39.35493909381334,0.8000711553074513
3.1126582278481014,3.069620253164557,39.35493909381334,0.8000711553074513
3.069620253164557,3.069620253164557,39.35493909381334,0.8000711553074513
3.1556962025316455,3.069620253164557,39.35493909381334,0.8000711553074513
3.19873417721519,3.069620253164557,39.35493909381334,0.8000711553074513
3.241772151898734,3.069620253164557,39.35493909381334,0.8000711553074513
3.2848101265822787,3.069620253164557,39.35493909381334,0.8000711553074513
3.3708860759493673,3.069620253164557,39.35493909381334,0.8000711553074513
3.3278481012658228,3.069620253164557,39.35493909381334,0.8000711553074513
3.456962025316456,3.069620253164557,39.35493909381334,0.8000711553074513
3.5,3.069620253164557,39.35493909381334,0.8000711553074513
3.4139240506329114,3.069620253164557,39.35493909381334,0.8000711553074513
0.1,3.1126582278481014,30.539912006803416,0.21080146566447389
0.14303797468354432,3.1126582278481014,30.53393565336588,0.21065146290512946
0.1860759493670886,3.1126582278481014,30.535936385895393,0.21076537401364487
0.2291139240506329,3.1126582278481014,30.530359842167822,0.21065590034269482
0.2721518987341772,3.1126582278481014,30.521651412420038,0.21063235148942014
0.31518987341772153,3.1126582278481014,30.5177169083332,0.21061367230088351
0.35822784810126584,3.1126582278481014,30.50935602904587,0.21061855871132223
0.40126582278481016,3.1126582278481014,30.50540093641954,0.21075044549093022
0.44430379746835447,3.1126582278481014,30.50055581776173,0.21075168052181398
0.4873417721518988,3.1126582278481014,30.49233000504277,0.2108061723715333
0.5303797468354431,3.1126582278481014,30.48137202661868,0.2107569230232111
0.5734177215189874,3.1126582278481014,30.46743432435131,0.2106114054407601
0.6164556962025316,3.1126582278481014,30.4458261140155,0.21083865132004323
0.6594936708860759,3.1126582278481014,30.42230903208528,0.21063921575789388
0.7025316455696202,3.1126582278481014,30.40572705920672,0.21066253938238313
0.7455696202531645,3.1126582278481014,30.39126568965017,0.210636166073451
0.7886075949367088,3.1126582278481014,30.36313079055821,0.2105560083197106
0.8316455696202532,3.1126582278481014,30.194428047573552,0.2105808091592642
0.8746835443037975,3.1126582278481014,30.05935589027612,0.21072030707985367
0.9177215189873418,3.1126582278481014,30.027595371900947,0.21077653503569008
0.9607594936708861,3.1126582278481014,30.00908921018638,0.2105926507440049
1.0037974683544304,3.1126582278481014,30.001723448519087,0.21061711678100542
1.0468354430379747,3.1126582278481014,30.00287643035323,0.2107347738100625
1.1329113924050633,3.1126582278481014,29.99794130226636,0.21165038469064695
1.089873417721519,3.1126582278481014,29.995068896146698,0.21072291955428651
1.1759493670886076,3.1126582278481014,30.08717371701079,0.21691725294137396
1.2620253164556963,3.1126582278481014,31.805447510384464,0.3068810746037109
1.218987341772152,3.1126582278481014,30.689316681105026,0.24835979545778797
1.3050632911392406,3.1126582278481014,32.792537416102014,0.35943394149461777
1.3911392405063292,3.1126582278481014,35.31552130734824,0.4865146098884612
1.3481012658227849,3.1126582278481014,33.96132649863985,0.4189315737975498
1.4341772151898735,3.1126582278481014,36.414069177503855,0.5417508320237396
1.4772151898734178,3.1126582278481014,37.33063299625857,0.5867879023039209
1.5202531645569621,3.1126582278481014,38.657294446204624,0.6520971314164276
1.5632911392405064,3.1126582278481014,41.00843684491818,0.7804784226924885
1.6063291139240508,3.1126582278481014,41.29093262840178,0.800428311724267
1.649367088607595,3.1126582278481014,41.07442375046674,0.7999954466387991
1.6924050632911394,3.1126582278481014,40.90643267108595,0.8000030966424156
1.7354430379746837,3.1126582278481014,40.726053359939705,0.8004419621505968
1.778481012658228,3.1126582278481014,40.576546593601556,0.8000965728359064
1.8645569620253166,3.1126582278481014,40.2623671731271,0.8000081705702475
1.8215189873417723,3.1126582278481014,40.37426079039994,0.8000806501002933
1.907594936708861,3.1126582278481014,40.10905740456803,0.8000517186657248
1.9936708860759496,3.1126582278481014,39.723067865772414,0.8000972548115257
1.9506329113924052,3.1126582278481014,39.82016675009352,0.8000537420251911
2.036708860759494,3.1126582278481014,39.64466773982019,0.8000472903223393
2.079746835443038,3.1126582278481014,39.56515508440272,0.8000511975345966
2.1658227848101266,3.1126582278481014,39.487320432156395,0.8000712020820175
2.1227848101265825,3.1126582278481014,39.52737009397862,0.8000492916414594
2.208860759493671,3.1126582278481014,39.451767504957,0.8000582856587845
2.251898734177215,3.1126582278481014,39.41486922824195,0.8000593693623121
2.2949367088607597,3.1126582278481014,39.40444074933131,0.8000714083329536
2.337974683544304,3.1126582278481014,39.383368932372136,0.8000211719860081
2.3810126582278484,3.1126582278481014,39.381913593000725,0.8000968974642553
2.4240506329113924,3.1126582278481014,39.37524453689487,0.8000639785136224
2.467088607594937,3.1126582278481014,39.37280907152816,0.8000633808383198
2.510126582278481,3.1126582278481014,39.36164104816702,0.8000681931045218
2.5531645569620256,3.1126582278481014,39.361609029400576,0.8000621467298419
2.5962025316455697,3.1126582278481014,39.36170770989257,0.8000619223357376
2.725316455696203,3.1126582278481014,39.36023127957292,0.8000679298804731
2.639240506329114,3.1126582278481014,39.35807910133709,0.8000612476582564
2.768354430379747,3.1126582278481014,39.36147772166219,0.8000718646050625
2.6822784810126583,3.1126582278481014,39.356691467893235,0.8000646310330085
2.8113924050632915,3.1126582278481014,39.35919200531125,0.8000628678406977
2.8544303797468356,3.1126582278481014,39.35843465985639,0.8000564689101896
2.8974683544303796,3.1126582278481014,39.35843465985639,0.8000564689101896
2.9835443037974683,3.1126582278481014,39.35843465985639,0.8000564689101896
2.940506329113924,3.1126582278481014,39.35843465985639,0.8000564689101896
3.026582278481013,3.1126582278481014,39.358290910732215,0.8000679273587173
3.069620253164557,3.1126582278481014,39.358290910732215,0.8000679273587173
3.1126582278481014,3.1126582278481014,39.358290910732215,0.8000679273587173
3.1556962025316455,3.1126582278481014,39.358290910732215,0.8000679273587173
3.19873417721519,3.1126582278481014,39.358290910732215,0.8000679273587173
3.241772151898734,3.1126582278481014,39.358290910732215,0.8000679273587173
3.3278481012658228,3.1126582278481014,39.358290910732215,0.8000679273587173
3.2848101265822787,3.1126582278481014,39.358290910732215,0.8000679273587173
3.4139240506329114,3.1126582278481014,39.358290910732215,0.8000679273587173
3.3708860759493673,3.1126582278481014,39.358290910732215,0.8000679273587173
3.456962025316456,3.1126582278481014,39.358290910732215,0.8000679273587173
3.5,3.1126582278481014,39.358290910732215,0.8000679273587173
0.1,3.1556962025316455,30.592862388476483,0.21074499576256148
0.14303797468354432,3.1556962025316455,30.590715479343775,0.21075813937014318
0.1860759493670886,3.1556962025316455,30.58745133478613,0.21081405134447287
0.2291139240506329,3.1556962025316455,30.580748334717583,0.21074176905154535
0.2721518987341772,3.1556962025316455,30.57086451879229,0.21074800986372785
0.31518987341772153,3.1556962025316455,30.566966592480473,0.21085553306639987
0.44430379746835447,3.1556962025316455,30.545188647950127,0.21070459029054853
0.40126582278481016,3.1556962025316455,30.55037516731579,0.21061021254079282
0.35822784810126584,3.1556962025316455,30.558581600633882,0.2107490989842742
0.5303797468354431,3.1556962025316455,30.52735979144815,0.21057761609591727
0.5734177215189874,3.1556962025316455,30.512791377449688,0.21078401020108395
0.4873417721518988,3.1556962025316455,30.53827286831606,0.21061724227115555
0.6594936708860759,3.1556962025316455,30.459883944588803,0.2105781600962881
0.6164556962025316,3.1556962025316455,30.482929523939248,0.21082805959716547
0.7025316455696202,3.1556962025316455,30.445688346788558,0.21078988775924726
0.8316455696202532,3.1556962025316455,30.230324411593536,0.21071312518113924
0.7455696202531645,3.1556962025316455,30.426701143616423,0.21069039214344365
0.7886075949367088,3.1556962025316455,30.401121397100397,0.21061385517430434
0.8746835443037975,3.1556962025316455,30.089723675090326,0.21061792108693664
0.9177215189873418,3.1556962025316455,30.065963178143164,0.21070593624699602
1.0037974683544304,3.1556962025316455,30.039660441955455,0.21066179633024668
0.9607594936708861,3.1556962025316455,30.045493487087498,0.2106509919568047
1.0468354430379747,3.1556962025316455,30.03246146782695,0.21064449653675898
1.089873417721519,3.1556962025316455,30.02471038537809,0.21094537367925548
1.1329113924050633,3.1556962025316455,30.101355565806447,0.2154221772349921
1.218987341772152,3.1556962025316455,31.61923565903422,0.2926027018137311
1.1759493670886076,3.1556962025316455,30.445003381093123,0.2331827149533776
1.3050632911392406,3.1556962025316455,33.69958810979704,0.40134128577623923
1.2620253164556963,3.1556962025316455,32.563766792027025,0.3422113176368217
1.3911392405063292,3.1556962025316455,36.15797509554991,0.5240431537514414
1.4341772151898735,3.1556962025316455,37.375631705005546,0.58197070223651
1.4772151898734178,3.1556962025316455,38.483589291786565,0.6342207243784015
1.3481012658227849,3.1556962025316455,35.0128457385544,0.46670869632505757
1.5202531645569621,3.1556962025316455,39.93419241663509,0.7046626869896689
1.6063291139240508,3.1556962025316455,41.373587541255766,0.8004318551498368
1.5632911392405064,3.1556962025316455,41.567932730004564,0.8004236942925319
1.6924050632911394,3.1556962025316455,40.98677209096446,0.8000037498189929
1.649367088607595,3.1556962025316455,41.15622407896832,0.799998646716906
1.7354430379746837,3.1556962025316455,40.80090649368247,0.8000092143511024
1.778481012658228,3.1556962025316455,40.64742695468982,0.800037383645178
1.8215189873417723,3.1556962025316455,40.43358585548378,0.8000648986633089
1.8645569620253166,3.1556962025316455,40.32779501390613,0.8000684745504265
1.907594936708861,3.1556962025316455,40.17519132821561,0.8000449657364409
1.9506329113924052,3.1556962025316455,39.855353695781815,0.8000572347608501
1.9936708860759496,3.1556962025316455,39.74469476242233,0.800057345706492
2.036708860759494,3.1556962025316455,39.678524027701286,0.7999957455373752
2.079746835443038,3.1556962025316455,39.5812711301461,0.8000215446855158
2.1227848101265825,3.1556962025316455,39.54235351883568,0.8000160916815438
2.1658227848101266,3.1556962025316455,39.49761341751747,0.8000703850585583
2.251898734177215,3.1556962025316455,39.435121380475685,0.8000821381418112
2.208860759493671,3.1556962025316455,39.46760606656839,0.8000663067961684
2.337974683544304,3.1556962025316455,39.397263072538806,0.8000625322697849
2.3810126582278484,3.1556962025316455,39.391558035037,0.8000230171528574
2.2949367088607597,3.1556962025316455,39.416768645115525,0.8000642908627532
2.4240506329113924,3.1556962025316455,39.38690568877088,0.8000639045878413
2.467088607594937,3.1556962025316455,39.3840098068919,0.8000696981299802
2.510126582278481,3.1556962025316455,39.372847742355795,0.8000621053219461
2.5531645569620256,3.1556962025316455,39.377756801360846,0.8000719251688613
2.5962025316455697,3.1556962025316455,39.37544064286109,0.8000706965718876
2.639240506329114,3.1556962025316455,39.36929867623277,0.8000650046594107
2.725316455696203,3.1556962025316455,39.366582578202525,0.8000650180141217
2.6822784810126583,3.1556962025316455,39.3675038885787,0.8000696625545086
2.768354430379747,3.1556962025316455,39.37076429527716,0.800064858246902
2.8113924050632915,3.1556962025316455,39.37132509395108,0.8000697800829026
2.8544303797468356,3.1556962025316455,39.37202894024786,0.8000701059527523
2.8974683544303796,3.1556962025316455,39.37202894024786,0.8000701059527523
2.940506329113924,3.1556962025316455,39.37202894024786,0.8000701059527523
2.9835443037974683,3.1556962025316455,39.37202894024786,0.8000701059527523
3.026582278481013,3.1556962025316455,39.370827826888025,0.8000705382599063
3.069620253164557,3.1556962025316455,39.370827826888025,0.8000705382599063
3.1126582278481014,3.1556962025316455,39.370827826888025,0.8000705382599063
3.1556962025316455,3.1556962025316455,39.370827826888025,0.8000705382599063
3.19873417721519,3.1556962025316455,39.370827826888025,0.8000705382599063
3.241772151898734,3.1556962025316455,39.370827826888025,0.8000705382599063
3.2848101265822787,3.1556962025316455,39.370827826888025,0.8000705382599063
3.3278481012658228,3.1556962025316455,39.370827826888025,0.8000705382599063
3.456962025316456,3.1556962025316455,39.370827826888025,0.8000705382599063
3.3708860759493673,3.1556962025316455,39.370827826888025,0.8000705382599063
3.5,3.1556962025316455,39.370827826888025,0.8000705382599063
3.4139240506329114,3.1556962025316455,39.370827826888025,0.8000705382599063
0.1,3.19873417721519,30.668532853264356,0.2108036341111477
0.14303797468354432,3.19873417721519,30.660722345201826,0.21073327155173338
0.1860759493670886,3.19873417721519,30.655856194934316,0.21071277054871987
0.2291139240506329,3.19873417721519,30.64701571682556,0.21068195496312914
0.2721518987341772,3.19873417721519,30.637543336315243,0.21060421364065476
0.31518987341772153,3.19873417721519,30.637068177131415,0.21087119752605243
0.35822784810126584,3.19873417721519,30.625698624027773,0.21064665040132619
0.40126582278481016,3.19873417721519,30.61849280274984,0.21067135903561957
0.44430379746835447,3.19873417721519,30.61247200138074,0.2106442729983614
0.4873417721518988,3.19873417721519,30.60703515603858,0.21077843967910762
0.5303797468354431,3.19873417721519,30.587717392320826,0.2106450674547056
0.5734177215189874,3.19873417721519,30.56838480001106,0.21077708579300944
0.6164556962025316,3.19873417721519,30.534176705765866,0.21085932953397996
0.7025316455696202,3.19873417721519,30.489171077719185,0.2106021062141871
0.6594936708860759,3.19873417721519,30.517050925852356,0.21082608201572972
0.7455696202531645,3.19873417721519,30.47260537467118,0.21073579253437238
0.7886075949367088,3.19873417721519,30.44469217545912,0.21078554434861071
0.8316455696202532,3.19873417721519,30.265348319545375,0.21066144749938312
0.9607594936708861,3.19873417721519,30.0838252835526,0.21062547111231097
0.9177215189873418,3.19873417721519,30.10191153271328,0.21063659800871154
0.8746835443037975,3.19873417721519,30.132149969490868,0.21081189240211307
1.0037974683544304,3.19873417721519,30.08070376083845,0.2107682705020101
1.0468354430379747,3.19873417721519,30.07388278071666,0.21089427617842096
1.089873417721519,3.19873417721519,30.14770749239254,0.21486446166606613
1.1329113924050633,3.19873417721519,30.35270127630929,0.2260846654602515
1.1759493670886076,3.19873417721519,31.373864422147616,0.27724470146597685
1.218987341772152,3.19873417721519,32.325307883543,0.32559208988245963
1.2620253164556963,3.19873417721519,33.32269705630465,0.37755519957228245
1.3050632911392406,3.19873417721519,34.693518491353586,0.4468858585499533
1.3481012658227849,3.19873417721519,36.05479439875361,0.5130110665676346
1.3911392405063292,3.19873417721519,37.439629542964425,0.5784841558984306
1.4341772151898735,3.19873417721519,38.51623284240426,0.6282045280267762
1.5202531645569621,3.19873417721519,41.00592875809616,0.747388971886075
1.4772151898734178,3.19873417721519,39.73847437923771,0.685374829762604
1.6063291139240508,3.19873417721519,41.45635111518845,0.8004272586743238
1.5632911392405064,3.19873417721519,41.67570341298307,0.7999810100600071
1.649367088607595,3.19873417721519,41.255740956540365,0.7999628503778471
1.6924050632911394,3.19873417721519,41.08281511688941,0.8004437616198428
1.7354430379746837,3.19873417721519,40.88438350251352,0.7999340567044931
1.778481012658228,3.19873417721519,40.70817579509666,0.8000411535364329
1.8215189873417723,3.19873417721519,40.494472890176915,0.8000584549875687
1.8645569620253166,3.19873417721519,40.384667759923,0.8000716132695986
1.907594936708861,3.19873417721519,40.233080129088265,0.8000539568968038
1.9506329113924052,3.19873417721519,39.89373736159713,0.8000417221017185
1.9936708860759496,3.19873417721519,39.775440580950395,0.8000523889940234
2.036708860759494,3.19873417721519,39.698400904078575,0.8000633538965846
2.079746835443038,3.19873417721519,39.58624335402891,0.8000089614640983
2.1227848101265825,3.19873417721519,39.55601606618723,0.8000673875756122
2.1658227848101266,3.19873417721519,39.51681660862215,0.8000692099253519
2.208860759493671,3.19873417721519,39.490265190653254,0.8000527799622099
2.251898734177215,3.19873417721519,39.453043065215546,0.7999964459054971
2.2949367088607597,3.19873417721519,39.438914074623604,0.8000706189423155
2.337974683544304,3.19873417721519,39.417988893752494,0.8000672069237833
2.3810126582278484,3.19873417721519,39.40777663473487,0.80001150303175
2.4240506329113924,3.19873417721519,39.40346482691828,0.8000678194514412
2.467088607594937,3.19873417721519,39.39984789760834,0.8000665504186449
2.5531645569620256,3.19873417721519,39.381139699175996,0.7999979763380838
2.510126582278481,3.19873417721519,39.389377239721284,0.8000715475278053
2.639240506329114,3.19873417721519,39.37758256871523,0.8000626162354973
2.5962025316455697,3.19873417721519,39.37856094825567,0.7999995092264545
2.6822784810126583,3.19873417721519,39.37246789065592,0.7999985370208318
2.725316455696203,3.19873417721519,39.37351079252814,0.7999993893439998
2.768354430379747,3.19873417721519,39.3754792385714,0.8000000407413339
2.8544303797468356,3.19873417721519,39.377904918452614,0.8000712670135803
2.8113924050632915,3.19873417721519,39.374286350531925,0.8000116098594628
2.940506329113924,3.19873417721519,39.377904918452614,0.8000712670135803
2.9835443037974683,3.19873417721519,39.377904918452614,0.8000712670135803
2.8974683544303796,3.19873417721519,39.377904918452614,0.8000712670135803
3.026582278481013,3.19873417721519,39.377126439771764,0.8000625956124956
3.1126582278481014,3.19873417721519,39.377126439771764,0.8000625956124956
3.069620253164557,3.19873417721519,39.377126439771764,0.8000625956124956
3.19873417721519,3.19873417721519,39.377126439771764,0.8000625956124956
3.1556962025316455,3.19873417721519,39.377126439771764,0.8000625956124956
3.241772151898734,3.19873417721519,39.377126439771764,0.8000625956124956
3.2848101265822787,3.19873417721519,39.377126439771764,0.8000625956124956
3.3278481012658228,3.19873417721519,39.377126439771764,0.8000625956124956
3.3708860759493673,3.19873417721519,39.377126439771764,0.8000625956124956
3.4139240506329114,3.19873417721519,39.377126439771764,0.8000625956124956
3.456962025316456,3.19873417721519,39.377126439771764,0.8000625956124956
3.5,3.19873417721519,39.377126439771764,0.8000625956124956
0.1,3.241772151898734,30.670800156306157,0.21064680996855453
0.14303797468354432,3.241772151898734,30.66665158507531,0.21068961664341873
0.1860759493670886,3.241772151898734,30.661849089077055,0.21085823738320764
0.2291139240506329,3.241772151898734,30.651737434800985,0.21075891225693102
0.2721518987341772,3.241772151898734,30.64575497559655,0.21075388978338236
0.31518987341772153,3.241772151898734,30.641058821961323,0.210891312315266
0.35822784810126584,3.241772151898734,30.62867422153901,0.2106337941797404
0.40126582278481016,3.241772151898734,30.6252605506193,0.21069336793269594
0.44430379746835447,3.241772151898734,30.617345647431133,0.21082225308342967
0.4873417721518988,3.241772151898734,30.60231617523059,0.2107570899327553
0.5303797468354431,3.241772151898734,30.58274820157221,0.21068382153062978
0.5734177215189874,3.241772151898734,30.56192043553009,0.21079382787348552
0.6164556962025316,3.241772151898734,30.529132904378553,0.21069350367232895
0.6594936708860759,3.241772151898734,30.50845652643934,0.21066618347152308
0.7025316455696202,3.241772151898734,30.48449843952343,0.210643586556192
0.7455696202531645,3.241772151898734,30.470706988311036,0.21087892096832286
0.8746835443037975,3.241772151898734,30.12345431576836,0.21066794252336665
0.7886075949367088,3.241772151898734,30.436058182270752,0.21081818602193436
0.8316455696202532,3.241772151898734,30.249471156428367,0.2107579537914083
0.9177215189873418,3.241772151898734,30.106722137322414,0.21079613151261598
1.0037974683544304,3.241772151898734,30.076355295864474,0.2106174468398834
0.9607594936708861,3.241772151898734,30.08750648364539,0.21068255675619751
1.089873417721519,3.241772151898734,30.201581514692045,0.21782990180277428
1.0468354430379747,3.241772151898734,30.144946363556954,0.21455236928370724
1.1329113924050633,3.241772151898734,31.138645857643755,0.2650752260035066
1.1759493670886076,3.241772151898734,32.02884210112539,0.31018767461176083
1.218987341772152,3.241772151898734,32.86595840522515,0.3525603429639194
1.2620253164556963,3.241772151898734,34.17339535444787,0.41917260244064886
1.3050632911392406,3.241772151898734,35.82118097977906,0.49777938470324873
1.3481012658227849,3.241772151898734,37.199718164143015,0.5635635022441816
1.3911392405063292,3.241772151898734,38.48225448165651,0.6235637199214156
1.4341772151898735,3.241772151898734,39.48754936872146,0.6695826709511944
1.5632911392405064,3.241772151898734,41.713670004102894,0.7999107639667425
1.4772151898734178,3.241772151898734,40.712980512697214,0.7266058802749737
1.5202531645569621,3.241772151898734,41.62598416351824,0.7723840865832818
1.6063291139240508,3.241772151898734,41.48962236638441,0.7999432576913704
1.649367088607595,3.241772151898734,41.28700192817316,0.7999616038530243
1.6924050632911394,3.241772151898734,41.11580215038016,0.7999899857735417
1.7354430379746837,3.241772151898734,40.92785472348072,0.7999304140091967
1.778481012658228,3.241772151898734,40.74631931182736,0.8000432535369651
1.8215189873417723,3.241772151898734,40.52859864539083,0.8000366869959271
1.8645569620253166,3.241772151898734,40.42276594546012,0.8000052071270038
1.907594936708861,3.241772151898734,40.26216007124076,0.8000686304094348
1.9506329113924052,3.241772151898734,39.91483216184095,0.7999992497094857
1.9936708860759496,3.241772151898734,39.796106655445854,0.8000041733600308
2.036708860759494,3.241772151898734,39.700533156938484,0.8000344931344959
2.079746835443038,3.241772151898734,39.589652626452974,0.8000642864787398
2.1227848101265825,3.241772151898734,39.565513716112854,0.8000219081737253
2.1658227848101266,3.241772151898734,39.527204046662646,0.80006400958894
2.208860759493671,3.241772151898734,39.49868179122809,0.800073865720993
2.251898734177215,3.241772151898734,39.457062839851865,0.8000248712705228
2.2949367088607597,3.241772151898734,39.44138138271219,0.8000588460741249
2.337974683544304,3.241772151898734,39.419862363331944,0.8000654043418272
2.3810126582278484,3.241772151898734,39.41524413731748,0.8000660391545173
2.4240506329113924,3.241772151898734,39.40504252797963,0.8000612666596271
2.467088607594937,3.241772151898734,39.40276868203152,0.8000693637357137
2.510126582278481,3.241772151898734,39.39107636430575,0.7999976645734374
2.5962025316455697,3.241772151898734,39.383434460687816,0.8000205117949244
2.5531645569620256,3.241772151898734,39.386455800286804,0.8000709943280555
2.639240506329114,3.241772151898734,39.37787753169647,0.8000204365274668
2.6822784810126583,3.241772151898734,39.37558446067652,0.7999993114047412
2.725316455696203,3.241772151898734,39.37936523749583,0.7999984454774529
2.768354430379747,3.241772151898734,39.377471516509054,0.7999984613678385
2.8113924050632915,3.241772151898734,39.37977693731906,0.8000268852821747
2.8544303797468356,3.241772151898734,39.378719872893335,0.7999992645602267
2.8974683544303796,3.241772151898734,39.378719872893335,0.7999992645602267
2.940506329113924,3.241772151898734,39.378719872893335,0.7999992645602267
2.9835443037974683,3.241772151898734,39.378719872893335,0.7999992645602267
3.026582278481013,3.241772151898734,39.37901883367624,0.8000268815589806
3.1126582278481014,3.241772151898734,39.37901883367624,0.8000268815589806
3.069620253164557,3.241772151898734,39.37901883367624,0.8000268815589806
3.241772151898734,3.241772151898734,39.37901883367624,0.8000268815589806
3.1556962025316455,3.241772151898734,39.37901883367624,0.8000268815589806
3.3278481012658228,3.241772151898734,39.37901883367624,0.8000268815589806
3.19873417721519,3.241772151898734,39.37901883367624,0.8000268815589806
3.2848101265822787,3.241772151898734,39.37901883367624,0.8000268815589806
3.3708860759493673,3.241772151898734,39.37901883367624,0.8000268815589806
3.4139240506329114,3.241772151898734,39.37901883367624,0.8000268815589806
3.456962025316456,3.241772151898734,39.37901883367624,0.8000268815589806
3.5,3.241772151898734,39.37901883367624,0.8000268815589806
0.1,3.2848101265822787,30.675772864354002,0.21073006351418766
0.14303797468354432,3.2848101265822787,30.668848138354562,0.210664141704073
0.1860759493670886,3.2848101265822787,30.666063239505515,0.21079831335201238
0.2721518987341772,3.2848101265822787,30.65050684563414,0.21077224098425845
0.2291139240506329,3.2848101265822787,30.65594081115358,0.21067456605399693
0.31518987341772153,3.2848101265822787,30.641786824506756,0.21068582130326416
0.35822784810126584,3.2848101265822787,30.638876721296622,0.21079133435846253
0.40126582278481016,3.2848101265822787,30.62577576810337,0.21069774654808396
0.4873417721518988,3.2848101265822787,30.596783700812214,0.2107718612553551
0.44430379746835447,3.2848101265822787,30.608790301253492,0.21059559893601093
0.5734177215189874,3.2848101265822787,30.559306577219928,0.2107537823901545
0.5303797468354431,3.2848101265822787,30.579495681131302,0.2107738499490292
0.6164556962025316,3.2848101265822787,30.525868326438836,0.21071389345821254
0.6594936708860759,3.2848101265822787,30.50438228905246,0.2106694848482993
0.7025316455696202,3.2848101265822787,30.477831223437907,0.21061000521148657
0.7455696202531645,3.2848101265822787,30.461127829160628,0.21078340311102642
0.7886075949367088,3.2848101265822787,30.426599473541067,0.21077866743067095
0.8316455696202532,3.2848101265822787,30.218089916206278,0.2108976157878708
0.8746835443037975,3.2848101265822787,30.12444710527341,0.21064209938513972
0.9177215189873418,3.2848101265822787,30.108633822817175,0.2107395554211456
1.0037974683544304,3.2848101265822787,30.140277726354814,0.21400759512180784
0.9607594936708861,3.2848101265822787,30.090379988253265,0.21084106665488841
1.089873417721519,3.2848101265822787,30.88290948432746,0.251854542798634
1.1329113924050633,3.2848101265822787,31.75939593750011,0.296196797945352
1.218987341772152,3.2848101265822787,33.681987545805484,0.39256878833162595
1.0468354430379747,3.2848101265822787,30.211701221959686,0.21781138987165455
1.2620253164556963,3.2848101265822787,35.59569427253744,0.48449395767431214
1.3050632911392406,3.2848101265822787,36.91802870028078,0.546672395504628
1.1759493670886076,3.2848101265822787,32.59617480219846,0.3385398265061462
1.3481012658227849,3.2848101265822787,38.33574326423641,0.613318238550728
1.3911392405063292,3.2848101265822787,39.34162357041711,0.6600144439348063
1.4341772151898735,3.2848101265822787,40.37734240233321,0.7074466147149279
1.4772151898734178,3.2848101265822787,41.283338811409536,0.7503888758977747
1.5202531645569621,3.2848101265822787,42.281062182517225,0.7999709350797694
1.6063291139240508,3.2848101265822787,41.516666595971074,0.80042684697582
1.5632911392405064,3.2848101265822787,41.726618739869465,0.7999046743106274
1.649367088607595,3.2848101265822787,41.31614934674914,0.8004481601462292
1.7354430379746837,3.2848101265822787,40.94602156686219,0.7999327002421617
1.6924050632911394,3.2848101265822787,41.13866014696778,0.7999965269196004
1.778481012658228,3.2848101265822787,40.76578103471024,0.8000470087381837
1.9506329113924052,3.2848101265822787,39.90881091503565,0.8000076628162437
1.8215189873417723,3.2848101265822787,40.55110433581438,0.800064011043449
1.907594936708861,3.2848101265822787,40.277836684467154,0.8000742809264709
1.8645569620253166,3.2848101265822787,40.443661186930605,0.8000095340137807
1.9936708860759496,3.2848101265822787,39.82179444030091,0.8000055320183705
2.036708860759494,3.2848101265822787,39.70160630384743,0.8000664773594566
2.079746835443038,3.2848101265822787,39.596041002544865,0.8000504966158678
2.1658227848101266,3.2848101265822787,39.53787414190237,0.8000707838876991
2.1227848101265825,3.2848101265822787,39.569800118420154,0.8000519239692705
2.208860759493671,3.2848101265822787,39.50179171762155,0.8000664572078791
2.251898734177215,3.2848101265822787,39.46324205582499,0.7999973854871922
2.2949367088607597,3.2848101265822787,39.44609633605203,0.8000002714557094
2.337974683544304,3.2848101265822787,39.42575136624606,0.8000744422854528
2.3810126582278484,3.2848101265822787,39.41827053327001,0.8000691991117419
2.467088607594937,3.2848101265822787,39.40788107106915,0.8000000320191717
2.4240506329113924,3.2848101265822787,39.40783619634107,0.8000272422967759
2.510126582278481,3.2848101265822787,39.39206132464464,0.7999980634141189
2.5531645569620256,3.2848101265822787,39.387937294239414,0.8000598284735775
2.5962025316455697,3.2848101265822787,39.38545306287983,0.8000634966563439
2.639240506329114,3.2848101265822787,39.379828562605496,0.8000246503156737
2.6822784810126583,3.2848101265822787,39.379730399917534,0.8000242799131568
2.725316455696203,3.2848101265822787,39.37988968154695,0.8000265450659219
2.768354430379747,3.2848101265822787,39.37956088153311,0.8000243422927195
2.8113924050632915,3.2848101265822787,39.381243592567635,0.8000242896583648
2.8544303797468356,3.2848101265822787,39.38186940346063,0.8000238990897218
2.8974683544303796,3.2848101265822787,39.38186940346063,0.8000238990897218
2.940506329113924,3.2848101265822787,39.38186940346063,0.8000238990897218
3.026582278481013,3.2848101265822787,39.38184961443601,0.8000242969537374
2.9835443037974683,3.2848101265822787,39.38186940346063,0.8000238990897218
3.069620253164557,3.2848101265822787,39.38184961443601,0.8000242969537374
3.1126582278481014,3.2848101265822787,39.38184961443601,0.8000242969537374
3.1556962025316455,3.2848101265822787,39.38184961443601,0.8000242969537374
3.19873417721519,3.2848101265822787,39.38184961443601,0.8000242969537374
3.241772151898734,3.2848101265822787,39.38184961443601,0.8000242969537374
3.2848101265822787,3.2848101265822787,39.38184961443601,0.8000242969537374
3.3278481012658228,3.2848101265822787,39.38184961443601,0.8000242969537374
3.3708860759493673,3.2848101265822787,39.38184961443601,0.8000242969537374
3.4139240506329114,3.2848101265822787,39.38184961443601,0.8000242969537374
3.456962025316456,3.2848101265822787,39.38184961443601,0.8000242969537374
3.5,3.2848101265822787,39.38184961443601,0.8000242969537374
0.1,3.3278481012658228,30.6826999964838,0.2106947869979333
0.14303797468354432,3.3278481012658228,30.677722765998013,0.21071252534199952
0.1860759493670886,3.3278481012658228,30.674272187212615,0.21082804356352058
0.2291139240506329,3.3278481012658228,30.660407970638307,0.2105891631746386
0.31518987341772153,3.3278481012658228,30.650108618463438,0.2107137963356344
0.2721518987341772,3.3278481012658228,30.657403533232465,0.21064650909781416
0.35822784810126584,3.3278481012658228,30.63747303291652,0.21067419939254503
0.44430379746835447,3.3278481012658228,30.609252356950094,0.21065503782159695
0.40126582278481016,3.3278481012658228,30.623280094874552,0.21059429782966888
0.4873417721518988,3.3278481012658228,30.59175143611428,0.21064382218771374
0.5303797468354431,3.3278481012658228,30.575599680544098,0.2107255656157378
0.5734177215189874,3.3278481012658228,30.555379410392852,0.2108742966270604
0.6164556962025316,3.3278481012658228,30.52813787749317,0.21083629094430995
0.7025316455696202,3.3278481012658228,30.47354185653788,0.2106624865248087
0.6594936708860759,3.3278481012658228,30.501841237902546,0.21081359792518586
0.7455696202531645,3.3278481012658228,30.449316292728,0.21074312760474717
0.7886075949367088,3.3278481012658228,30.390645676111532,0.21071202147601317
0.8316455696202532,3.3278481012658228,30.193970089762875,0.21086373432517322
0.8746835443037975,3.3278481012658228,30.12533702169073,0.21083373259282623
0.9607594936708861,3.3278481012658228,30.13601815836298,0.21344844113078745
1.0468354430379747,3.3278481012658228,30.564456617058536,0.23554801133126585
0.9177215189873418,3.3278481012658228,30.107621568512677,0.21088408277824142
1.0037974683544304,3.3278481012658228,30.215898571378684,0.2177224502843101
1.089873417721519,3.3278481012658228,31.438076437611567,0.2796202341936052
1.1329113924050633,3.3278481012658228,32.306256430141296,0.3234499581082709
1.1759493670886076,3.3278481012658228,33.23924115942211,0.3701334088570955
1.218987341772152,3.3278481012658228,35.174204730766945,0.46314354320402984
1.3050632911392406,3.3278481012658228,37.97498470895048,0.5948012282320274
1.2620253164556963,3.3278481012658228,36.610315100638076,0.5313075276244872
1.3481012658227849,3.3278481012658228,39.15915459174914,0.6503036382280898
1.3911392405063292,3.3278481012658228,40.191500492288895,0.697631869844402
1.4341772151898735,3.3278481012658228,41.02726151496474,0.7363703497981035
1.5202531645569621,3.3278481012658228,42.28068508848497,0.7999737861942151
1.4772151898734178,3.3278481012658228,41.872074084287675,0.7765452897507559
1.5632911392405064,3.3278481012658228,41.72911122491483,0.8004475706163072
1.6063291139240508,3.3278481012658228,41.5269024329129,0.7999473622413165
1.649367088607595,3.3278481012658228,41.3215141214065,0.8000317621063865
1.7354430379746837,3.3278481012658228,40.95894444789752,0.7999607484615101
1.6924050632911394,3.3278481012658228,41.161160886016035,0.800450411297151
1.778481012658228,3.3278481012658228,40.77402885843163,0.7999987586390616
1.8645569620253166,3.3278481012658228,40.45910652262485,0.8000167201965036
1.8215189873417723,3.3278481012658228,40.56822495596901,0.80008061878502
1.907594936708861,3.3278481012658228,40.28359596524091,0.800043554262734
1.9506329113924052,3.3278481012658228,39.91295426498778,0.800056934740678
2.036708860759494,3.3278481012658228,39.6876852169484,0.8000189867784686
1.9936708860759496,3.3278481012658228,39.82275685012456,0.8000075354001969
2.079746835443038,3.3278481012658228,39.603393839030126,0.8000692697045403
2.1227848101265825,3.3278481012658228,39.58075213821948,0.8000527857509871
2.1658227848101266,3.3278481012658228,39.54889863945055,0.7999950970956414
2.208860759493671,3.3278481012658228,39.50308900821352,0.8000044460876463
2.251898734177215,3.3278481012658228,39.46372272211393,0.8000032065422472
2.2949367088607597,3.3278481012658228,39.44969449364361,0.8000050387163105
2.337974683544304,3.3278481012658228,39.42907975178769,0.8000586400230445
2.467088607594937,3.3278481012658228,39.40690693989203,0.8000630285488504
2.3810126582278484,3.3278481012658228,39.430480037816025,0.8004511090257814
2.4240506329113924,3.3278481012658228,39.41220550800411,0.8000063296142653
2.510126582278481,3.3278481012658228,39.39653299256582,0.8000260367728879
2.5531645569620256,3.3278481012658228,39.38844775276606,0.8000597140840575
2.5962025316455697,3.3278481012658228,39.384668514710235,0.8000633768915651
2.639240506329114,3.3278481012658228,39.381304502702726,0.8000238943128958
2.6822784810126583,3.3278481012658228,39.38321595060146,0.8000243556300244
2.8113924050632915,3.3278481012658228,39.38105063265724,0.8000241247429855
2.725316455696203,3.3278481012658228,39.381071399971255,0.8000234419863249
2.8544303797468356,3.3278481012658228,39.38372438963872,0.8000239488725058
2.768354430379747,3.3278481012658228,39.380061580075925,0.8000236202274362
2.8974683544303796,3.3278481012658228,39.38372438963872,0.8000239488725058
2.940506329113924,3.3278481012658228,39.38372438963872,0.8000239488725058
2.9835443037974683,3.3278481012658228,39.38372438963872,0.8000239488725058
3.026582278481013,3.3278481012658228,39.38291826439731,0.800023954608441
3.069620253164557,3.3278481012658228,39.38291826439731,0.800023954608441
3.19873417721519,3.3278481012658228,39.38291826439731,0.800023954608441
3.241772151898734,3.3278481012658228,39.38291826439731,0.800023954608441
3.1556962025316455,3.3278481012658228,39.38291826439731,0.800023954608441
3.1126582278481014,3.3278481012658228,39.38291826439731,0.800023954608441
3.2848101265822787,3.3278481012658228,39.38291826439731,0.800023954608441
3.3278481012658228,3.3278481012658228,39.38291826439731,0.800023954608441
3.3708860759493673,3.3278481012658228,39.38291826439731,0.800023954608441
3.4139240506329114,3.3278481012658228,39.38291826439731,0.800023954608441
3.5,3.3278481012658228,39.38291826439731,0.800023954608441
3.456962025316456,3.3278481012658228,39.38291826439731,0.800023954608441
0.1,3.3708860759493673,30.690440180719154,0.21062210624589317
0.14303797468354432,3.3708860759493673,30.689987364499398,0.2108126558383679
0.1860759493670886,3.3708860759493673,30.67790415652137,0.21059787190548948
0.2291139240506329,3.3708860759493673,30.67617601155509,0.2107878272699509
0.2721518987341772,3.3708860759493673,30.66555916402543,0.21068751495010596
0.31518987341772153,3.3708860759493673,30.656858768922763,0.21084500907410028
0.35822784810126584,3.3708860759493673,30.64116037943006,0.21071262342837022
0.40126582278481016,3.3708860759493673,30.62234406459232,0.21061769940602088
0.44430379746835447,3.3708860759493673,30.60756252185996,0.2106625297284387
0.4873417721518988,3.3708860759493673,30.59168622555927,0.21070470071968161
0.5734177215189874,3.3708860759493673,30.5508859874786,0.21061717049199197
0.5303797468354431,3.3708860759493673,30.572791990330227,0.21064080125660287
0.6164556962025316,3.3708860759493673,30.521595939308966,0.21070374459649382
0.6594936708860759,3.3708860759493673,30.49694305773999,0.21067415679372117
0.7025316455696202,3.3708860759493673,30.46757815841947,0.21076316439378237
0.7886075949367088,3.3708860759493673,30.36957509440763,0.2107202177687804
0.8316455696202532,3.3708860759493673,30.164535710984946,0.21071052207062863
0.7455696202531645,3.3708860759493673,30.421163987321496,0.21070739690597282
0.9177215189873418,3.3708860759493673,30.127231323677442,0.2124169606613868
0.8746835443037975,3.3708860759493673,30.12483634932592,0.21080327224825618
0.9607594936708861,3.3708860759493673,30.185965217020662,0.2160089751133879
1.0037974683544304,3.3708860759493673,30.424936261642998,0.22835307186632386
1.0468354430379747,3.3708860759493673,31.316616570260365,0.27312005134083495
1.1329113924050633,3.3708860759493673,32.890882461746244,0.3519795062360564
1.089873417721519,3.3708860759493673,32.07463527163392,0.3111108196390958
1.1759493670886076,3.3708860759493673,34.58574279425186,0.43380752007839324
1.218987341772152,3.3708860759493673,36.31207725305251,0.5157789338892118
1.3050632911392406,3.3708860759493673,38.76590840159525,0.630126059511485
1.2620253164556963,3.3708860759493673,37.71570524775924,0.5814824679556955
1.3481012658227849,3.3708860759493673,39.90777658280944,0.6830915692534546
1.3911392405063292,3.3708860759493673,40.74866446008788,0.7220568360623291
1.4341772151898735,3.3708860759493673,41.45071135431009,0.7547603363437728
1.4772151898734178,3.3708860759493673,42.40678026074649,0.7999850214828463
1.5202531645569621,3.3708860759493673,42.298564463841245,0.7998937039051565
1.5632911392405064,3.3708860759493673,41.715476858203886,0.7999777258562748
1.6063291139240508,3.3708860759493673,41.547250846533,0.7999343795214023
1.6924050632911394,3.3708860759493673,41.1850403416807,0.7999415674938052
1.649367088607595,3.3708860759493673,41.35250819393648,0.8000032593183946
1.7354430379746837,3.3708860759493673,40.97931619982676,0.7999802303945254
1.778481012658228,3.3708860759493673,40.79058667717437,0.7999994343860246
1.8215189873417723,3.3708860759493673,40.59365538071561,0.799999241506327
1.9506329113924052,3.3708860759493673,39.93556859380389,0.8000659871694378
1.907594936708861,3.3708860759493673,40.30277702586546,0.8000416008279453
1.9936708860759496,3.3708860759493673,39.82185869713775,0.8000059958068211
1.8645569620253166,3.3708860759493673,40.48328249258763,0.8000215162512107
2.036708860759494,3.3708860759493673,39.70172775564663,0.8000672779677342
2.1227848101265825,3.3708860759493673,39.59355923832164,0.8000823122999197
2.079746835443038,3.3708860759493673,39.608809698271756,0.8000635233629876
2.1658227848101266,3.3708860759493673,39.55602659673193,0.8000826941033753
2.208860759493671,3.3708860759493673,39.50662012829567,0.8000717353670178
2.251898734177215,3.3708860759493673,39.46917132783443,0.799999896007283
2.2949367088607597,3.3708860759493673,39.450312692994835,0.8000241364724465
2.337974683544304,3.3708860759493673,39.42795969529047,0.8000074178015212
2.4240506329113924,3.3708860759493673,39.416070957998734,0.8000091726058086
2.3810126582278484,3.3708860759493673,39.42068292695539,0.8000053307090528
2.467088607594937,3.3708860759493673,39.40872141104186,0.8000260189796761
2.510126582278481,3.3708860759493673,39.400297005637924,0.8000266033798752
2.5531645569620256,3.3708860759493673,39.39199358834539,0.8000014463797931
2.5962025316455697,3.3708860759493673,39.38868285412683,0.800025590416766
2.6822784810126583,3.3708860759493673,39.386577915522935,0.800004866932373
2.725316455696203,3.3708860759493673,39.382752591987895,0.8000048485769844
2.639240506329114,3.3708860759493673,39.383595165011336,0.8000052275020971
2.768354430379747,3.3708860759493673,39.38243178563191,0.8000025626853452
2.8113924050632915,3.3708860759493673,39.384900404239254,0.8000111748791181
2.8544303797468356,3.3708860759493673,39.38409709376055,0.8000024436573762
2.8974683544303796,3.3708860759493673,39.38409709376055,0.8000024436573762
2.940506329113924,3.3708860759493673,39.38409709376055,0.8000024436573762
2.9835443037974683,3.3708860759493673,39.38409709376055,0.8000024436573762
3.026582278481013,3.3708860759493673,39.38384395955248,0.80000198839232
3.069620253164557,3.3708860759493673,39.38384395955248,0.80000198839232
3.1556962025316455,3.3708860759493673,39.38384395955248,0.80000198839232
3.1126582278481014,3.3708860759493673,39.38384395955248,0.80000198839232
3.19873417721519,3.3708860759493673,39.38384395955248,0.80000198839232
3.241772151898734,3.3708860759493673,39.38384395955248,0.80000198839232
3.2848101265822787,3.3708860759493673,39.38384395955248,0.80000198839232
3.3278481012658228,3.3708860759493673,39.38384395955248,0.80000198839232
3.3708860759493673,3.3708860759493673,39.38384395955248,0.80000198839232
3.4139240506329114,3.3708860759493673,39.38384395955248,0.80000198839232
3.456962025316456,3.3708860759493673,39.38384395955248,0.80000198839232
3.5,3.3708860759493673,39.38384395955248,0.80000198839232
0.1,3.4139240506329114,30.68823247866775,0.21075369917944162
0.14303797468354432,3.4139240506329114,30.68271793091399,0.21082934787453078
0.1860759493670886,3.4139240506329114,30.67910943997192,0.2107868668789797
0.2291139240506329,3.4139240506329114,30.665840207782754,0.21065430696453477
0.2721518987341772,3.4139240506329114,30.658010319014405,0.21084512849555234
0.31518987341772153,3.4139240506329114,30.641116467394998,0.2107151477595174
0.35822784810126584,3.4139240506329114,30.630309583993913,0.21088939141461735
0.44430379746835447,3.4139240506329114,30.59735259156878,0.21080531007163625
0.40126582278481016,3.4139240506329114,30.61053027406556,0.21073934004330744
0.4873417721518988,3.4139240506329114,30.57504911635433,0.210637392794236
0.5303797468354431,3.4139240506329114,30.558615045257636,0.21074337977188537
0.5734177215189874,3.4139240506329114,30.538659131025025,0.21076617566017827
0.6164556962025316,3.4139240506329114,30.507058827979908,0.2108081638439977
0.7025316455696202,3.4139240506329114,30.431750721299334,0.21072487704307596
0.7455696202531645,3.4139240506329114,30.379043507750506,0.21071585243912763
0.7886075949367088,3.4139240506329114,30.323482273746517,0.21060011647334448
0.6594936708860759,3.4139240506329114,30.47662196721906,0.21078698088541026
0.8316455696202532,3.4139240506329114,30.141101152668817,0.2107613629129501
0.8746835443037975,3.4139240506329114,30.125789127417338,0.2118132990882899
0.9607594936708861,3.4139240506329114,30.30879807536346,0.22232774824107276
1.0037974683544304,3.4139240506329114,31.13180031871895,0.2632391906079364
1.0468354430379747,3.4139240506329114,31.864015726332124,0.29989654078994765
0.9177215189873418,3.4139240506329114,30.175174494761304,0.2152203309389847
1.089873417721519,3.4139240506329114,32.6773181608103,0.34033062500722794
1.1329113924050633,3.4139240506329114,34.23277689148018,0.4145566479385611
1.1759493670886076,3.4139240506329114,36.03862135396359,0.5006148175952477
1.218987341772152,3.4139240506329114,37.421932287808524,0.5655836903879757
1.2620253164556963,3.4139240506329114,38.75803686580606,0.6275732878018325
1.3050632911392406,3.4139240506329114,39.681880304843034,0.6703134844893177
1.3481012658227849,3.4139240506329114,40.55612260239219,0.7109087132149501
1.3911392405063292,3.4139240506329114,41.30204666905133,0.7454371581289216
1.4341772151898735,3.4139240506329114,42.0898171605322,0.7821991004746451
1.4772151898734178,3.4139240506329114,42.42455664202698,0.7998944859624458
1.5202531645569621,3.4139240506329114,42.31610890817251,0.7999019879937722
1.5632911392405064,3.4139240506329114,41.73177270610726,0.8004445686119679
1.6063291139240508,3.4139240506329114,41.56463763968378,0.7999458678180663
1.7354430379746837,3.4139240506329114,40.9948997815166,0.7999824707480365
1.6924050632911394,3.4139240506329114,41.218068162595095,0.8004447528910381
1.649367088607595,3.4139240506329114,41.367483125064446,0.7999994954911244
1.8215189873417723,3.4139240506329114,40.61209396061422,0.8000502353851953
1.8645569620253166,3.4139240506329114,40.49891718574381,0.8000330228761217
1.778481012658228,3.4139240506329114,40.80663439643336,0.8000762789966657
1.907594936708861,3.4139240506329114,40.313792587297115,0.7999955906934518
1.9936708860759496,3.4139240506329114,39.817808086134214,0.800067617050461
1.9506329113924052,3.4139240506329114,39.952302340669455,0.7999966805616517
2.036708860759494,3.4139240506329114,39.71478407473583,0.8000623314174614
2.079746835443038,3.4139240506329114,39.61683666495733,0.8000206378691328
2.1227848101265825,3.4139240506329114,39.60397661558171,0.800063665227555
2.1658227848101266,3.4139240506329114,39.55731483446509,0.80008084024523
2.208860759493671,3.4139240506329114,39.50779579629102,0.8000136348639055
2.251898734177215,3.4139240506329114,39.47383860520036,0.8000698850275677
2.2949367088607597,3.4139240506329114,39.45202986144728,0.8000203867249361
2.337974683544304,3.4139240506329114,39.43210636265171,0.8000244779823238
2.3810126582278484,3.4139240506329114,39.425614403860486,0.8000254283107181
2.4240506329113924,3.4139240506329114,39.416446812558156,0.8000187681737508
2.467088607594937,3.4139240506329114,39.41272774065154,0.8000278878180607
2.510126582278481,3.4139240506329114,39.3988380712107,0.8000152789838038
2.5962025316455697,3.4139240506329114,39.38915787529746,0.800017665027041
2.5531645569620256,3.4139240506329114,39.39398531803381,0.8000242701442112
2.639240506329114,3.4139240506329114,39.38567399869801,0.8000154505747966
2.6822784810126583,3.4139240506329114,39.384199150047294,0.8000176206177128
2.725316455696203,3.4139240506329114,39.38411350618652,0.8000155583308768
2.768354430379747,3.4139240506329114,39.38739827460573,0.8000177284958412
2.8113924050632915,3.4139240506329114,39.38590922339834,0.8000251635790175
2.8544303797468356,3.4139240506329114,39.385762250442255,0.8000255708124169
2.940506329113924,3.4139240506329114,39.385762250442255,0.8000255708124169
2.8974683544303796,3.4139240506329114,39.385762250442255,0.8000255708124169
2.9835443037974683,3.4139240506329114,39.385762250442255,0.8000255708124169
3.026582278481013,3.4139240506329114,39.387481219754854,0.8000255597957446
3.069620253164557,3.4139240506329114,39.387481219754854,0.8000255597957446
3.1126582278481014,3.4139240506329114,39.387481219754854,0.8000255597957446
3.19873417721519,3.4139240506329114,39.387481219754854,0.8000255597957446
3.1556962025316455,3.4139240506329114,39.387481219754854,0.8000255597957446
3.241772151898734,3.4139240506329114,39.387481219754854,0.8000255597957446
3.3278481012658228,3.4139240506329114,39.387481219754854,0.8000255597957446
3.3708860759493673,3.4139240506329114,39.387481219754854,0.8000255597957446
3.2848101265822787,3.4139240506329114,39.387481219754854,0.8000255597957446
3.4139240506329114,3.4139240506329114,39.387481219754854,0.8000255597957446
3.456962025316456,3.4139240506329114,39.387481219754854,0.8000255597957446
3.5,3.4139240506329114,39.387481219754854,0.8000255597957446
0.1,3.456962025316456,30.684418604149116,0.2108150410948851
0.14303797468354432,3.456962025316456,30.678267932585506,0.21077499039088085
0.1860759493670886,3.456962025316456,30.666642747384465,0.21059502227818439
0.2291139240506329,3.456962025316456,30.654857705158165,0.21060093482865003
0.2721518987341772,3.456962025316456,30.64292881632124,0.21082695675409902
0.31518987341772153,3.456962025316456,30.63086677410918,0.21089872591179756
0.40126582278481016,3.456962025316456,30.599234032477312,0.2108086031278226
0.44430379746835447,3.456962025316456,30.580567321772502,0.2108151211322054
0.35822784810126584,3.456962025316456,30.608493630867603,0.21061950912133698
0.4873417721518988,3.456962025316456,30.561067949506494,0.21074416959264514
0.5303797468354431,3.456962025316456,30.543053474849284,0.2108635918570664
0.5734177215189874,3.456962025316456,30.517452715603426,0.21062370961866983
0.6594936708860759,3.456962025316456,30.45100144460087,0.21071664258272357
0.6164556962025316,3.456962025316456,30.48840810574523,0.2108111763542064
0.7025316455696202,3.456962025316456,30.399403250329225,0.21070987298233773
0.7455696202531645,3.456962025316456,30.341045061104815,0.21060041946170172
0.7886075949367088,3.456962025316456,30.2755445554263,0.21086939844335023
0.8316455696202532,3.456962025316456,30.122185428506082,0.21087370849351497
0.8746835443037975,3.456962025316456,30.173359590280125,0.21489281552337905
0.9177215189873418,3.456962025316456,30.22234371626427,0.21785163572514446
0.9607594936708861,3.456962025316456,30.892531870110574,0.2512639275171318
1.0037974683544304,3.456962025316456,31.61391990668053,0.2870593591698722
1.0468354430379747,3.456962025316456,32.45198100097906,0.32827895207801716
1.1759493670886076,3.456962025316456,36.97245554965272,0.5445611823817548
1.089873417721519,3.456962025316456,33.52240197293913,0.3803401766191887
1.218987341772152,3.456962025316456,38.29297074843222,0.6060405932384605
1.1329113924050633,3.456962025316456,35.62884689930485,0.48119551026626295
1.2620253164556963,3.456962025316456,39.36189785336636,0.6554793363441622
1.3050632911392406,3.456962025316456,40.334028075297674,0.700491959430462
1.3481012658227849,3.456962025316456,41.084106756259644,0.7352658256293974
1.3911392405063292,3.456962025316456,41.65330041730399,0.7617015261700031
1.4341772151898735,3.456962025316456,42.48038485974738,0.8004487654412199
1.4772151898734178,3.456962025316456,42.425653634896356,0.7998917186510643
1.5202531645569621,3.456962025316456,42.304337289307945,0.7999904797836899
1.5632911392405064,3.456962025316456,41.71229321961333,0.7998967198193948
1.6063291139240508,3.456962025316456,41.55391517116093,0.799941613066246
1.649367088607595,3.456962025316456,41.361368120850614,0.8000015195991375
1.6924050632911394,3.456962025316456,41.20837811684956,0.8000041789832922
1.778481012658228,3.456962025316456,40.80100127451538,0.8000766935325945
1.7354430379746837,3.456962025316456,40.990921773921016,0.7999314633383643
1.8645569620253166,3.456962025316456,40.496081628845346,0.8000285843188917
1.8215189873417723,3.456962025316456,40.61590707075721,0.8000636969651043
1.907594936708861,3.456962025316456,40.30005725186859,0.8000850846450418
1.9506329113924052,3.456962025316456,39.94621885093534,0.7999960967890315
1.9936708860759496,3.456962025316456,39.8147118314651,0.8000666117518812
2.036708860759494,3.456962025316456,39.71304487061474,0.8000635005575735
2.079746835443038,3.456962025316456,39.62134728438881,0.800052527512892
2.1227848101265825,3.456962025316456,39.60779834408633,0.8000383219415337
2.1658227848101266,3.456962025316456,39.559818065577865,0.8000599396399658
2.208860759493671,3.456962025316456,39.508931566208915,0.8000716249577442
2.251898734177215,3.456962025316456,39.47152787373584,0.8000109450434927
2.2949367088607597,3.456962025316456,39.45358571719978,0.8000180696963586
2.337974683544304,3.456962025316456,39.43358698492908,0.800024408467372
2.3810126582278484,3.456962025316456,39.424908271059486,0.8000257461122443
2.4240506329113924,3.456962025316456,39.418431871585774,0.8000252032397385
2.510126582278481,3.456962025316456,39.40110223865937,0.8000158084209701
2.5531645569620256,3.456962025316456,39.39350408852101,0.8000213292292286
2.467088607594937,3.456962025316456,39.41267886578916,0.8000278929427256
2.6822784810126583,3.456962025316456,39.38384663287205,0.8000214684004717
2.639240506329114,3.456962025316456,39.386618272878614,0.8000155588378244
2.5962025316455697,3.456962025316456,39.38728663719386,0.8000174405540404
2.725316455696203,3.456962025316456,39.3853164850544,0.8000251866619255
2.768354430379747,3.456962025316456,39.38821448026198,0.8000150425106395
2.8544303797468356,3.456962025316456,39.38687504623259,0.800025356701899
2.8113924050632915,3.456962025316456,39.38791765599424,0.800017847351937
2.8974683544303796,3.456962025316456,39.38687504623259,0.800025356701899
2.940506329113924,3.456962025316456,39.38687504623259,0.800025356701899
2.9835443037974683,3.456962025316456,39.38687504623259,0.800025356701899
3.026582278481013,3.456962025316456,39.38859401554519,0.8000253456852259
3.069620253164557,3.456962025316456,39.38859401554519,0.8000253456852259
3.1126582278481014,3.456962025316456,39.38859401554519,0.8000253456852259
3.1556962025316455,3.456962025316456,39.38859401554519,0.8000253456852259
3.19873417721519,3.456962025316456,39.38859401554519,0.8000253456852259
3.241772151898734,3.456962025316456,39.38859401554519,0.8000253456852259
3.3278481012658228,3.456962025316456,39.38859401554519,0.8000253456852259
3.2848101265822787,3.456962025316456,39.38859401554519,0.8000253456852259
3.3708860759493673,3.456962025316456,39.38859401554519,0.8000253456852259
3.4139240506329114,3.456962025316456,39.38859401554519,0.8000253456852259
3.456962025316456,3.456962025316456,39.38859401554519,0.8000253456852259
3.5,3.456962025316456,39.38859401554519,0.8000253456852259
0.1,3.5,30.67924070147562,0.21073994208907568
0.14303797468354432,3.5,30.66865135614676,0.2106839383998274
0.1860759493670886,3.5,30.66031483309473,0.21085236085009942
0.2291139240506329,3.5,30.643467570614167,0.21074426420217138
0.2721518987341772,3.5,30.63315152572341,0.21089853054531635
0.31518987341772153,3.5,30.610680820623383,0.21061814668811504
0.35822784810126584,3.5,30.600122537020056,0.21084021393652652
0.40126582278481016,3.5,30.583512656727375,0.21081268634445322
0.5303797468354431,3.5,30.526676264317807,0.210786398648332
0.44430379746835447,3.5,30.564568497371056,0.2106525049352951
0.4873417721518988,3.5,30.543321402434497,0.21059365750819348
0.5734177215189874,3.5,30.50149915622677,0.21080033621972968
0.6594936708860759,3.5,30.411438593700183,0.21070215037334994
0.7025316455696202,3.5,30.358295792366548,0.2105998801696924
0.6164556962025316,3.5,30.461523855775905,0.21069778026352085
0.7455696202531645,3.5,30.286803662271872,0.21058945731287898
0.7886075949367088,3.5,30.222914281278168,0.2108732133159812
0.8316455696202532,3.5,30.175087114120842,0.21423539986244908
0.8746835443037975,3.5,30.228326539864085,0.2177187970540678
0.9177215189873418,3.5,30.633707705435626,0.23833303492688102
0.9607594936708861,3.5,31.431509222355242,0.27800948775992396
1.0468354430379747,3.5,33.09955157231966,0.35986764634668783
1.089873417721519,3.5,35.080740466747514,0.4551165488129292
1.0037974683544304,3.5,32.201891454067855,0.3159837229806009
1.1329113924050633,3.5,36.63120008935309,0.5285469975599286
1.1759493670886076,3.5,38.02205587355116,0.5934915885321563
1.218987341772152,3.5,38.97184360188225,0.637432348616337
1.2620253164556963,3.5,39.976582910749876,0.6839248898289096
1.3050632911392406,3.5,40.77022950483398,0.7206986896164045
1.3481012658227849,3.5,41.395135409120364,0.7496959592293015
1.3911392405063292,3.5,42.146448692308624,0.7845622266656147
1.4341772151898735,3.5,42.45152417598731,0.7998971451686583
1.4772151898734178,3.5,42.41227507727288,0.7998921531341626
1.5202531645569621,3.5,42.28746871982457,0.7999031523027682
1.649367088607595,3.5,41.35913285705506,0.7999959395343035
1.5632911392405064,3.5,41.713821716876566,0.7998985666298228
1.6063291139240508,3.5,41.54578313526583,0.7999553035706088
1.6924050632911394,3.5,41.20913746011172,0.8000332726747248
1.7354430379746837,3.5,40.989751445072024,0.7999828230921104
1.778481012658228,3.5,40.79808137565599,0.8000539560333876
1.8215189873417723,3.5,40.61493809365019,0.800000436295013
1.8645569620253166,3.5,40.49233178706068,0.8000311003158594
1.907594936708861,3.5,40.302880963296154,0.800085244434371
1.9936708860759496,3.5,39.823582641337616,0.8000675773776689
2.036708860759494,3.5,39.717080711475695,0.8000592211607191
1.9506329113924052,3.5,39.936823131989165,0.7999952109388867
2.1227848101265825,3.5,39.609169077431204,0.8000387392566437
2.079746835443038,3.5,39.62606220953927,0.8000530307307349
2.1658227848101266,3.5,39.56047460063765,0.800085205445959
2.208860759493671,3.5,39.50811018908115,0.8000137025291777
2.251898734177215,3.5,39.47209744420413,0.8000108485782973
2.2949367088607597,3.5,39.45164761700684,0.8000180278585111
2.337974683544304,3.5,39.43358698492908,0.800024408467372
2.4240506329113924,3.5,39.418431871585774,0.8000252032397385
2.3810126582278484,3.5,39.424908271059486,0.8000257461122443
2.467088607594937,3.5,39.41267886578916,0.8000278929427256
2.510126582278481,3.5,39.40110223865937,0.8000158084209701
2.639240506329114,3.5,39.386618272878614,0.8000155588378244
2.5531645569620256,3.5,39.39350408852101,0.8000213292292286
2.6822784810126583,3.5,39.38384663287205,0.8000214684004717
2.5962025316455697,3.5,39.38728663719386,0.8000174405540404
2.725316455696203,3.5,39.3853164850544,0.8000251866619255
2.768354430379747,3.5,39.38821448026198,0.8000150425106395
2.8544303797468356,3.5,39.38687504623259,0.800025356701899
2.8974683544303796,3.5,39.38687504623259,0.800025356701899
2.8113924050632915,3.5,39.38791765599424,0.800017847351937
3.026582278481013,3.5,39.38859401554519,0.8000253456852259
2.9835443037974683,3.5,39.38687504623259,0.800025356701899
2.940506329113924,3.5,39.38687504623259,0.800025356701899
3.069620253164557,3.5,39.38859401554519,0.8000253456852259
3.1126582278481014,3.5,39.38859401554519,0.8000253456852259
3.1556962025316455,3.5,39.38859401554519,0.8000253456852259
3.19873417721519,3.5,39.38859401554519,0.8000253456852259
3.2848101265822787,3.5,39.38859401554519,0.8000253456852259
3.241772151898734,3.5,39.38859401554519,0.8000253456852259
3.3278481012658228,3.5,39.38859401554519,0.8000253456852259
3.3708860759493673,3.5,39.38859401554519,0.8000253456852259
3.4139240506329114,3.5,39.38859401554519,0.8000253456852259
3.456962025316456,3.5,39.38859401554519,0.8000253456852259
3.5,3.5,39.38859401554519,0.8000253456852259
