s_dis,s_chg,fuel_kg,final_soc
0.7278481012658228,0.5,27.613840583638193,0.19029641811101294
0.5,0.5,27.62549585171567,0.19021948299901442
0.6139240506329113,0.5,27.623335295149044,0.19029644729346493
0.5379746835443038,0.5,27.625942221631913,0.19030703169285948
0.6518987341772152,0.5,27.62073194829654,0.1902710438557859
0.7658227848101267,0.5,27.60894596288297,0.19025364796880334
0.879746835443038,0.5,27.49531613916569,0.1903408983428272
0.689873417721519,0.5,27.617725672097862,0.1901771098259258
0.9556962025316456,0.5,27.43284804240444,0.19041876456749557
0.8037974683544304,0.5,27.597570041385115,0.190223589970719
0.5759493670886076,0.5,27.622836524010403,0.19021129429717204
0.9936708860759493,0.5,27.379417086276028,0.19044839199512306
1.0316455696202533,0.5,27.359956664528728,0.19055312165072272
0.8417721518987342,0.5,27.544180449774924,0.19026771567780706
1.0696202531645569,0.5,27.350158383697774,0.19046384675384043
0.9177215189873418,0.5,27.464950321007112,0.19037123380333068
1.1075949367088609,0.5,27.346911047195288,0.19046914613552618
1.3354430379746836,0.5,27.267055350199154,0.19079273411364808
1.1455696202531644,0.5,27.34235655785582,0.19046933875367345
1.1835443037974684,0.5,27.33652388426565,0.19045383652686093
1.259493670886076,0.5,27.30637133221623,0.19051775578833596
1.2974683544303798,0.5,27.298728373488323,0.190695880000299
1.2215189873417722,0.5,27.328546291432982,0.19052290065681143
1.3734177215189873,0.5,27.245273935821928,0.1909086002921349
1.4113924050632911,0.5,27.199524136920584,0.19094208940148885
1.449367088607595,0.5,27.15904318722603,0.19107476265187684
1.4873417721518987,0.5,27.129568408107144,0.19165287120018704
1.5632911392405064,0.5,26.81175005968847,0.19272611139275264
1.5253164556962027,0.5,27.017444544316792,0.19207058090039134
1.639240506329114,0.5,26.65402231127408,0.19347207913285833
1.6012658227848102,0.5,26.73605839983889,0.19317988862324242
1.6772151898734178,0.5,26.6060963296544,0.19583575188301927
1.7151898734177216,0.5,26.513266856522243,0.1963874271124753
1.7911392405063291,0.5,26.341829382058773,0.19809084838126834
1.7531645569620253,0.5,26.43290642381041,0.19703699150397708
1.8291139240506329,0.5,26.2787024820375,0.199238415166929
1.8670886075949367,0.5,26.47675019573192,0.21140028137391367
1.9050632911392404,0.5,27.575258963375262,0.26997125143756373
1.9810126582278482,0.5,29.973282082713094,0.3935069559168048
2.018987341772152,0.5,30.52237346495734,0.42072622172756546
2.056962025316456,0.5,31.20067755135651,0.4536989669466823
2.0949367088607596,0.5,31.521046942896298,0.46900287259543133
2.132911392405063,0.5,31.867781560018155,0.4852387722888008
1.9430379746835444,0.5,29.393833394899932,0.36415091664235466
2.208860759493671,0.5,33.429757303224285,0.5563763282662967
2.170886075949367,0.5,32.75311571749154,0.525820803164834
2.3227848101265822,0.5,34.79525282773403,0.6161161156983692
2.3607594936708862,0.5,35.02035799090576,0.6257038159238411
2.39873417721519,0.5,35.132946796539514,0.6304687284138089
2.2468354430379747,0.5,33.96256382688908,0.5800158925658713
2.4367088607594938,0.5,35.22118047540913,0.6341592687190921
2.4746835443037973,0.5,35.39694981706327,0.6413312930404405
2.5126582278481013,0.5,35.90515948379595,0.6615428470790962
2.2848101265822782,0.5,34.35920508464508,0.59732182475083
2.588607594936709,0.5,36.367400908456055,0.6802749814289829
2.5506329113924053,0.5,36.22346960070295,0.6746410063547628
2.626582278481013,0.5,36.553704250606344,0.6874280353289522
2.6645569620253164,0.5,36.665398558536715,0.6920197292128906
2.7025316455696204,0.5,36.75571385917704,0.6960200420129806
2.740506329113924,0.5,36.774849381981774,0.6967673481699466
2.778481012658228,0.5,36.79045018896311,0.697366830965827
2.8164556962025316,0.5,36.80044079711099,0.6977808124866401
2.892405063291139,0.5,36.812472475583704,0.698327488411453
2.8544303797468356,0.5,36.80625666120183,0.6980345476828707
3.0063291139240507,0.5,36.82886097466465,0.6990701583305842
2.930379746835443,0.5,36.8189966388282,0.6986270560438453
3.0443037974683547,0.5,36.832963247520524,0.6992579359146258
3.0822784810126582,0.5,36.83690147595052,0.6994330977550046
2.968354430379747,0.5,36.82366593782417,0.698836429806524
3.1202531645569622,0.5,36.840396860161654,0.6995928629180198
3.1582278481012658,0.5,36.8436467411056,0.6997402403404721
3.1962025316455698,0.5,36.84744181666013,0.6999161555401107
3.2341772151898733,0.5,36.85101409275309,0.7000877829230173
3.2721518987341773,0.5,36.85528098170487,0.7002772279719508
3.310126582278481,0.5,36.85854638844041,0.7004269801117983
3.348101265822785,0.5,36.86194088892137,0.7005762665689639
3.386075949367089,0.5,36.87441808141335,0.7015129467826154
0.5,0.5379746835443038,27.62549585171567,0.19021948299901442
3.4620253164556964,0.5,36.88254216847144,0.7018903455381531
3.5,0.5,36.88636306570653,0.7020591820275546
0.6139240506329113,0.5379746835443038,27.623335295149044,0.19029644729346493
0.5759493670886076,0.5379746835443038,27.622836524010403,0.19021129429717204
3.4240506329113924,0.5,36.87827332104489,0.7016919930983888
0.5379746835443038,0.5379746835443038,27.625942221631913,0.19030703169285948
0.7278481012658228,0.5379746835443038,27.613840583638193,0.19029641811101294
0.7658227848101267,0.5379746835443038,27.60894596288297,0.19025364796880334
0.8037974683544304,0.5379746835443038,27.597570041385115,0.190223589970719
0.8417721518987342,0.5379746835443038,27.544180449774924,0.19026771567780706
0.879746835443038,0.5379746835443038,27.49531613916569,0.1903408983428272
0.6518987341772152,0.5379746835443038,27.62073194829654,0.1902710438557859
0.689873417721519,0.5379746835443038,27.617725672097862,0.1901771098259258
0.9556962025316456,0.5379746835443038,27.43284804240444,0.19041876456749557
0.9177215189873418,0.5379746835443038,27.464950321007112,0.19037123380333068
0.9936708860759493,0.5379746835443038,27.379417086276028,0.19044839199512306
1.0316455696202533,0.5379746835443038,27.359956664528728,0.19055312165072272
1.0696202531645569,0.5379746835443038,27.350158383697774,0.19046384675384043
1.1075949367088609,0.5379746835443038,27.346911047195288,0.19046914613552618
1.1455696202531644,0.5379746835443038,27.342395520954653,0.190472851579211
1.259493670886076,0.5379746835443038,27.30641764023775,0.1905220201374671
1.2974683544303798,0.5379746835443038,27.298806477401545,0.1907031663748495
1.1835443037974684,0.5379746835443038,27.337107689638863,0.190506720270886
1.3354430379746836,0.5379746835443038,27.267094478723607,0.1907964893215462
1.2215189873417722,0.5379746835443038,27.32856775731994,0.190524904326547
1.3734177215189873,0.5379746835443038,27.245353372455924,0.19091594308398088
1.4113924050632911,0.5379746835443038,27.199524136920584,0.19094208940148885
1.449367088607595,0.5379746835443038,27.15904318722603,0.19107476265187684
1.4873417721518987,0.5379746835443038,27.129568408107144,0.19165287120018704
1.5253164556962027,0.5379746835443038,27.017444544316792,0.19207058090039134
1.5632911392405064,0.5379746835443038,26.81175005968847,0.19272611139275264
1.6012658227848102,0.5379746835443038,26.73621157479745,0.19319437436984502
1.639240506329114,0.5379746835443038,26.672303253854288,0.19519748354985536
1.6772151898734178,0.5379746835443038,26.606547288799742,0.19587823965044857
1.7151898734177216,0.5379746835443038,26.513423613855878,0.19640036302601843
1.7531645569620253,0.5379746835443038,26.43317612818356,0.19706050698206748
1.7911392405063291,0.5379746835443038,26.34204416209984,0.19811064946019127
1.8291139240506329,0.5379746835443038,26.27914504371057,0.1992701681544759
1.8670886075949367,0.5379746835443038,26.476825832200536,0.21140655893617774
1.9050632911392404,0.5379746835443038,27.575429710463947,0.26998212934176474
1.9430379746835444,0.5379746835443038,29.394390341042918,0.3641831673395512
1.9810126582278482,0.5379746835443038,29.973492133992757,0.3935196181593731
2.018987341772152,0.5379746835443038,30.522602285385194,0.4207391217791742
2.056962025316456,0.5379746835443038,31.20098597415296,0.45371632989312266
2.0949367088607596,0.5379746835443038,31.521659179975703,0.4690374013348688
2.132911392405063,0.5379746835443038,31.868773577723875,0.48529242396521616
2.170886075949367,0.5379746835443038,32.75318974223567,0.5258253992272044
2.208860759493671,0.5379746835443038,33.43047541805209,0.5564171840840683
2.2468354430379747,0.5379746835443038,33.96349734475395,0.5800689384677767
2.2848101265822782,0.5379746835443038,34.361530432961224,0.5974502378952998
2.3227848101265822,0.5379746835443038,34.798211808709254,0.616274871163656
2.3607594936708862,0.5379746835443038,35.0264633029881,0.6260133401205854
2.39873417721519,0.5379746835443038,35.135730783341494,0.6306182092490098
2.4367088607594938,0.5379746835443038,35.22462633292242,0.6343349889646684
2.4746835443037973,0.5379746835443038,35.40111563710189,0.6415458773467048
2.5126582278481013,0.5379746835443038,35.92738155770086,0.6626420242142234
2.5506329113924053,0.5379746835443038,36.22812694212425,0.6748696457195439
2.626582278481013,0.5379746835443038,36.56637170979899,0.6880312798893051
2.588607594936709,0.5379746835443038,36.37378235215601,0.6805774765803263
2.6645569620253164,0.5379746835443038,36.68894640342324,0.6931244808417304
2.740506329113924,0.5379746835443038,36.77639017504114,0.6968429848140608
2.7025316455696204,0.5379746835443038,36.75793566971548,0.6961265246569056
2.778481012658228,0.5379746835443038,36.79253873292482,0.6974897033713305
2.8164556962025316,0.5379746835443038,36.802677935829216,0.697918111659399
2.8544303797468356,0.5379746835443038,36.80936323880872,0.6982107015629403
2.892405063291139,0.5379746835443038,36.815247278549734,0.6984760234171117
2.930379746835443,0.5379746835443038,36.82109739540839,0.6987351119678098
2.968354430379747,0.5379746835443038,36.826184293512824,0.6989635194558017
3.0063291139240507,0.5379746835443038,36.83124931884418,0.699198773728116
3.0443037974683547,0.5379746835443038,36.83488890289166,0.6993646168187335
3.1202531645569622,0.5379746835443038,36.84234100722825,0.6996984809227018
3.0822784810126582,0.5379746835443038,36.83907400860954,0.6995528699949735
3.1962025316455698,0.5379746835443038,36.85032926014784,0.7000659907661824
3.1582278481012658,0.5379746835443038,36.84638499598738,0.6998887829223357
3.2341772151898733,0.5379746835443038,36.86229276164886,0.700988666884165
3.2721518987341773,0.5379746835443038,36.866036028311306,0.7011536043349712
3.310126582278481,0.5379746835443038,36.86969017101849,0.7013218529310211
3.348101265822785,0.5379746835443038,36.87303746377149,0.7014705079653616
3.386075949367089,0.5379746835443038,36.878023105566946,0.7016986680122785
0.5,0.5759493670886076,27.62549585171567,0.19021948299901442
3.5,0.5379746835443038,36.88848299762028,0.7021631650374436
3.4620253164556964,0.5379746835443038,36.88574656828314,0.7020460269199306
0.5379746835443038,0.5759493670886076,27.625942221631913,0.19030703169285948
3.4240506329113924,0.5379746835443038,36.88212142596793,0.7018858143104514
0.5759493670886076,0.5759493670886076,27.622836524010403,0.19021129429717204
0.6139240506329113,0.5759493670886076,27.623335295149044,0.19029644729346493
0.7278481012658228,0.5759493670886076,27.613840583638193,0.19029641811101294
0.6518987341772152,0.5759493670886076,27.62073194829654,0.1902710438557859
0.8037974683544304,0.5759493670886076,27.597570041385115,0.190223589970719
0.689873417721519,0.5759493670886076,27.617725672097862,0.1901771098259258
0.7658227848101267,0.5759493670886076,27.60894596288297,0.19025364796880334
0.8417721518987342,0.5759493670886076,27.544180449774924,0.19026771567780706
0.879746835443038,0.5759493670886076,27.49531613916569,0.1903408983428272
0.9556962025316456,0.5759493670886076,27.43284804240444,0.19041876456749557
0.9177215189873418,0.5759493670886076,27.464950321007112,0.19037123380333068
1.0696202531645569,0.5759493670886076,27.350158383697774,0.19046384675384043
1.0316455696202533,0.5759493670886076,27.359956664528728,0.19055312165072272
0.9936708860759493,0.5759493670886076,27.379417086276028,0.19044839199512306
1.1075949367088609,0.5759493670886076,27.346911047195288,0.19046914613552618
1.1455696202531644,0.5759493670886076,27.34243455965878,0.19047637199447656
1.2215189873417722,0.5759493670886076,27.328611631165682,0.19052898962223394
1.1835443037974684,0.5759493670886076,27.335360536064343,0.19058883850606181
1.259493670886076,0.5759493670886076,27.306480658475056,0.1905276853653022
1.2974683544303798,0.5759493670886076,27.29751626369902,0.19062766052675587
1.3354430379746836,0.5759493670886076,27.267133639031986,0.19080025504530534
1.3734177215189873,0.5759493670886076,27.24537935580563,0.1909181854312808
1.4113924050632911,0.5759493670886076,27.199564764942224,0.19094588044681698
1.449367088607595,0.5759493670886076,27.15904318722603,0.19107476265187684
1.4873417721518987,0.5759493670886076,27.129568408107144,0.19165287120018704
1.5253164556962027,0.5759493670886076,27.017485084720974,0.19207441243023204
1.5632911392405064,0.5759493670886076,26.81193785893012,0.19274387143636557
1.6012658227848102,0.5759493670886076,26.754646487387177,0.19493374060540403
1.639240506329114,0.5759493670886076,26.672803548958022,0.1952440449817671
1.6772151898734178,0.5759493670886076,26.606798121165937,0.1959015937680358
1.7151898734177216,0.5759493670886076,26.513632975871133,0.1964196516194194
1.7531645569620253,0.5759493670886076,26.433430664899614,0.1970815462628871
1.7911392405063291,0.5759493670886076,26.342477504321717,0.19814283076801886
1.8291139240506329,0.5759493670886076,26.279531161722584,0.19930098207178
1.8670886075949367,0.5759493670886076,26.477020617217054,0.21141921880326006
1.9050632911392404,0.5759493670886076,27.575648124966698,0.26999461986512746
1.9430379746835444,0.5759493670886076,29.394516859359726,0.36419054697605996
1.9810126582278482,0.5759493670886076,29.97375743932104,0.39353466387154284
2.018987341772152,0.5759493670886076,30.522818922850416,0.42075129360103963
2.056962025316456,0.5759493670886076,31.201409912838567,0.45374123963102403
2.0949367088607596,0.5759493670886076,31.52242909621997,0.46908157336059747
2.132911392405063,0.5759493670886076,31.869230533790702,0.48531832025908245
2.170886075949367,0.5759493670886076,32.75430630455346,0.5258882941079017
2.2468354430379747,0.5759493670886076,33.964159796576986,0.5801060039292721
2.208860759493671,0.5759493670886076,33.43168028019416,0.5564847572841936
2.2848101265822782,0.5759493670886076,34.364679234263825,0.597614935828146
2.3227848101265822,0.5759493670886076,34.80147602017679,0.6164497362754408
2.3607594936708862,0.5759493670886076,35.0284326694382,0.6261203021622497
2.39873417721519,0.5759493670886076,35.13893047606283,0.6307840465867567
2.4367088607594938,0.5759493670886076,35.229305589628225,0.6345767282063394
2.4746835443037973,0.5759493670886076,35.40758082318759,0.6418689522520057
2.5126582278481013,0.5759493670886076,35.932122906894676,0.662877978584521
2.5506329113924053,0.5759493670886076,36.23094856399758,0.6750101740913148
2.588607594936709,0.5759493670886076,36.378135735349204,0.6807899076299995
2.7025316455696204,0.5759493670886076,36.7609431369502,0.6962947395310783
2.626582278481013,0.5759493670886076,36.58289817253464,0.6888136830276923
2.6645569620253164,0.5759493670886076,36.73448731537204,0.6952584639498465
2.740506329113924,0.5759493670886076,36.77851682464007,0.6969800580409082
2.778481012658228,0.5759493670886076,36.79519572373921,0.6976346116397744
2.8544303797468356,0.5759493670886076,36.81202475267074,0.6983471014687338
2.8164556962025316,0.5759493670886076,36.80512516843827,0.6980506798025352
2.930379746835443,0.5759493670886076,36.823358754942,0.6988612208343724
2.892405063291139,0.5759493670886076,36.81856789167627,0.698643169694517
2.968354430379747,0.5759493670886076,36.82898791898163,0.6991147679885006
3.0063291139240507,0.5759493670886076,36.833690676337305,0.6993258177146564
3.0443037974683547,0.5759493670886076,36.836966323266694,0.6994738404138972
3.0822784810126582,0.5759493670886076,36.84908605476464,0.7003953851894908
3.1202531645569622,0.5759493670886076,36.85342006406692,0.7006001236189849
3.1962025316455698,0.5759493670886076,36.8612015260185,0.7009548901145033
3.1582278481012658,0.5759493670886076,36.85708044126195,0.700764202412094
3.2341772151898733,0.5759493670886076,36.865386876486454,0.7011440393483548
3.2721518987341773,0.5759493670886076,36.868622417694816,0.7012897014464335
3.310126582278481,0.5759493670886076,36.8720659738148,0.7014536044676781
3.348101265822785,0.5759493670886076,36.87718080610558,0.7016796500113273
3.386075949367089,0.5759493670886076,36.881397372787255,0.701877108439837
0.5,0.6139240506329113,27.62549585171567,0.19021948299901442
3.4240506329113924,0.5759493670886076,36.88480796788828,0.7020381816800527
3.5,0.5759493670886076,36.89208796740071,0.7023671656719173
3.4620253164556964,0.5759493670886076,36.888535182781816,0.7022042159436267
0.5379746835443038,0.6139240506329113,27.625942221631913,0.19030703169285948
0.5759493670886076,0.6139240506329113,27.622836524010403,0.19021129429717204
0.6139240506329113,0.6139240506329113,27.623335295149044,0.19029644729346493
0.6518987341772152,0.6139240506329113,27.62073194829654,0.1902710438557859
0.689873417721519,0.6139240506329113,27.617725672097862,0.1901771098259258
0.7278481012658228,0.6139240506329113,27.613840583638193,0.19029641811101294
0.7658227848101267,0.6139240506329113,27.60894596288297,0.19025364796880334
0.8037974683544304,0.6139240506329113,27.597570041385115,0.190223589970719
0.8417721518987342,0.6139240506329113,27.544180449774924,0.19026771567780706
0.879746835443038,0.6139240506329113,27.49531613916569,0.1903408983428272
0.9177215189873418,0.6139240506329113,27.464950321007112,0.19037123380333068
0.9936708860759493,0.6139240506329113,27.379417086276028,0.19044839199512306
0.9556962025316456,0.6139240506329113,27.43284804240444,0.19041876456749557
1.0316455696202533,0.6139240506329113,27.359956664528728,0.19055312165072272
1.0696202531645569,0.6139240506329113,27.350158383697774,0.19046384675384043
1.1075949367088609,0.6139240506329113,27.346911047195288,0.19046914613552618
1.1455696202531644,0.6139240506329113,27.342570953101838,0.1904887877935709
1.1835443037974684,0.6139240506329113,27.33415573428561,0.19062436935641905
1.2215189873417722,0.6139240506329113,27.328633879536618,0.1905310523356155
1.259493670886076,0.6139240506329113,27.306515876962482,0.19053116396404154
1.2974683544303798,0.6139240506329113,27.29763633252518,0.19063893650030808
1.3354430379746836,0.6139240506329113,27.267213075665975,0.19080759789244864
1.4113924050632911,0.6139240506329113,27.199564764942224,0.19094588044681698
1.449367088607595,0.6139240506329113,27.15904318722603,0.19107476265187684
1.3734177215189873,0.6139240506329113,27.24541998382727,0.19092197633997227
1.4873417721518987,0.6139240506329113,27.129608948511326,0.19165670428202938
1.5253164556962027,0.6139240506329113,27.017723786298774,0.19209607952319002
1.5632911392405064,0.6139240506329113,26.83332837590307,0.19476261127321884
1.639240506329114,0.6139240506329113,26.67305437439481,0.19526736792037222
1.6772151898734178,0.6139240506329113,26.607073290685275,0.19592577316306012
1.6012658227848102,0.6139240506329113,26.752210919538847,0.19483418745893555
1.7151898734177216,0.6139240506329113,26.513796335033337,0.19643447364814193
1.7531645569620253,0.6139240506329113,26.433752982699634,0.19710794134000773
1.7911392405063291,0.6139240506329113,26.342952210290168,0.19817856669671072
1.8291139240506329,0.6139240506329113,26.279954897515214,0.19932901664365194
1.8670886075949367,0.6139240506329113,26.477254895388757,0.2114344018024888
1.9050632911392404,0.6139240506329113,27.575957824996536,0.2700140743983866
1.9430379746835444,0.6139240506329113,29.394722056061312,0.36420146626992556
1.9810126582278482,0.6139240506329113,29.974007334939838,0.3935483484138772
2.018987341772152,0.6139240506329113,30.52341210815499,0.4207860370562242
2.0949367088607596,0.6139240506329113,31.52305883395203,0.4691193144673266
2.056962025316456,0.6139240506329113,31.202474422747162,0.45380180701729983
2.132911392405063,0.6139240506329113,31.870056593637003,0.4853677812214703
2.170886075949367,0.6139240506329113,32.754832696675834,0.5259213758722171
2.208860759493671,0.6139240506329113,33.43287366407762,0.556554366644683
2.2468354430379747,0.6139240506329113,33.966407699590626,0.5802292498850053
2.2848101265822782,0.6139240506329113,34.37417256790216,0.598125091250338
2.3227848101265822,0.6139240506329113,34.80531480426883,0.6166561082652717
2.3607594936708862,0.6139240506329113,35.030946740926076,0.6262533367319019
2.39873417721519,0.6139240506329113,35.14210888530222,0.6309468086865693
2.4367088607594938,0.6139240506329113,35.23529003576401,0.6348809168214071
2.4746835443037973,0.6139240506329113,35.41118192835315,0.6420516663403886
2.5126582278481013,0.6139240506329113,35.97811608088571,0.6651304494370341
2.588607594936709,0.6139240506329113,36.38156618506873,0.6809880619226932
2.5506329113924053,0.6139240506329113,36.23689821584118,0.6753109962596735
2.626582278481013,0.6139240506329113,36.59964229466527,0.6896304158248892
2.6645569620253164,0.6139240506329113,36.73677924133942,0.6953868148503981
2.7025316455696204,0.6139240506329113,36.763193963672805,0.6964184053428161
2.740506329113924,0.6139240506329113,36.781386518404155,0.697131959825772
2.8164556962025316,0.6139240506329113,36.8074411985274,0.6981734691967276
2.778481012658228,0.6139240506329113,36.798310638047596,0.6978020780651313
2.8544303797468356,0.6139240506329113,36.81462504538205,0.6984883254572197
2.930379746835443,0.6139240506329113,36.835065480142966,0.6997816915667221
2.892405063291139,0.6139240506329113,36.82018242057122,0.6987332079260821
2.968354430379747,0.6139240506329113,36.84023872499841,0.7000212441703305
3.0063291139240507,0.6139240506329113,36.84398736644028,0.700186284040822
3.0443037974683547,0.6139240506329113,36.84822872377374,0.700377684182066
3.0822784810126582,0.6139240506329113,36.85257420787374,0.7005771566138203
3.1582278481012658,0.6139240506329113,36.85984793501835,0.7009083834971567
3.1202531645569622,0.6139240506329113,36.85587078821809,0.7007316340990926
3.2341772151898733,0.6139240506329113,36.86799891184824,0.7012982045169951
3.1962025316455698,0.6139240506329113,36.863576582983725,0.7010822929552436
3.2721518987341773,0.6139240506329113,36.87234024579168,0.7015053475695004
3.310126582278481,0.6139240506329113,36.87615539086829,0.7016807119819528
3.348101265822785,0.6139240506329113,36.88094818489608,0.7018947769914134
3.4620253164556964,0.6139240506329113,36.89169311077183,0.7023838732039595
3.4240506329113924,0.6139240506329113,36.887826019446905,0.7022107723248898
3.386075949367089,0.6139240506329113,36.88486160313333,0.7020722295950068
3.5,0.6139240506329113,36.89600328486754,0.7025745419055612
0.5,0.6518987341772152,27.62549585171567,0.19021948299901442
0.5379746835443038,0.6518987341772152,27.625942221631913,0.19030703169285948
0.6139240506329113,0.6518987341772152,27.623335295149044,0.19029644729346493
0.5759493670886076,0.6518987341772152,27.622836524010403,0.19021129429717204
0.6518987341772152,0.6518987341772152,27.62073194829654,0.1902710438557859
0.689873417721519,0.6518987341772152,27.617725672097862,0.1901771098259258
0.7278481012658228,0.6518987341772152,27.613840583638193,0.19029641811101294
0.7658227848101267,0.6518987341772152,27.60894596288297,0.19025364796880334
0.8037974683544304,0.6518987341772152,27.597570041385115,0.190223589970719
0.8417721518987342,0.6518987341772152,27.544180449774924,0.19026771567780706
0.879746835443038,0.6518987341772152,27.49531613916569,0.1903408983428272
0.9177215189873418,0.6518987341772152,27.464950321007112,0.19037123380333068
0.9556962025316456,0.6518987341772152,27.43284804240444,0.19041876456749557
0.9936708860759493,0.6518987341772152,27.379417086276028,0.19044839199512306
1.0316455696202533,0.6518987341772152,27.359956664528728,0.19055312165072272
1.0696202531645569,0.6518987341772152,27.350158383697774,0.19046384675384043
1.1455696202531644,0.6518987341772152,27.342648888847748,0.1904958138391116
1.1075949367088609,0.6518987341772152,27.346911047195288,0.19046914613552618
1.1835443037974684,0.6518987341772152,27.33415573428561,0.19062436935641905
1.2215189873417722,0.6518987341772152,27.328744380823284,0.19054109619618728
1.259493670886076,0.6518987341772152,27.306595010917686,0.19053866525398258
1.2974683544303798,0.6518987341772152,27.29763633252518,0.19063893650030808
1.3354430379746836,0.6518987341772152,27.267213075665975,0.19080759789244864
1.3734177215189873,0.6518987341772152,27.24541998382727,0.19092197633997227
1.449367088607595,0.6518987341772152,27.15911788362434,0.19108189533772843
1.4113924050632911,0.6518987341772152,27.199564764942224,0.19094588044681698
1.4873417721518987,0.6518987341772152,27.129796747752973,0.19167446588997242
1.5253164556962027,0.6518987341772152,27.03918921387099,0.19412265676615437
1.5632911392405064,0.6518987341772152,26.833731941126093,0.19479994364719316
1.6012658227848102,0.6518987341772152,26.752420281554098,0.19485358579619555
1.639240506329114,0.6518987341772152,26.673269161365294,0.19528724993475474
1.7151898734177216,0.6518987341772152,26.513984265065524,0.19644993342836042
1.6772151898734178,0.6518987341772152,26.607349952978474,0.19594992075890222
1.7531645569620253,0.6518987341772152,26.433923742667904,0.1971226320898067
1.7911392405063291,0.6518987341772152,26.343089504926198,0.19819006298770056
1.8291139240506329,0.6518987341772152,26.27796760763024,0.19924328668608646
1.8670886075949367,0.6518987341772152,26.477367767818695,0.21144127860445872
1.9050632911392404,0.6518987341772152,27.57615535398686,0.27002581445414475
1.9430379746835444,0.6518987341772152,29.395038672977197,0.3642207042920615
1.9810126582278482,0.6518987341772152,29.974328435363763,0.39356614074187474
2.018987341772152,0.6518987341772152,30.524098098089265,0.42082402227552074
2.0949367088607596,0.6518987341772152,31.523760129856647,0.4691609812387739
2.056962025316456,0.6518987341772152,31.203391873293263,0.45385838339134166
2.132911392405063,0.6518987341772152,31.87074570847199,0.48540949525622673
2.170886075949367,0.6518987341772152,32.755689290926284,0.5259718562654474
2.208860759493671,0.6518987341772152,33.43386340693033,0.5566096871655886
2.2468354430379747,0.6518987341772152,33.96927678843329,0.5803862995136634
2.2848101265822782,0.6518987341772152,34.377627168774936,0.5983108550698069
2.3227848101265822,0.6518987341772152,34.80761355379565,0.6167807604175617
2.3607594936708862,0.6518987341772152,35.03357698607771,0.6263913145827467
2.39873417721519,0.6518987341772152,35.1464276396971,0.631174061357813
2.4367088607594938,0.6518987341772152,35.24098204610832,0.6351688627173222
2.4746835443037973,0.6518987341772152,35.43404747221081,0.6432080576836037
2.5126582278481013,0.6518987341772152,35.98204175023973,0.6653525455083774
2.5506329113924053,0.6518987341772152,36.242559852690995,0.6756083728325672
2.588607594936709,0.6518987341772152,36.39412788390652,0.6815949891770131
2.626582278481013,0.6518987341772152,36.62293405311184,0.6907323342828983
2.6645569620253164,0.6518987341772152,36.7395691326753,0.6955360977083862
2.7025316455696204,0.6518987341772152,36.765573807747316,0.6965519333106438
2.740506329113924,0.6518987341772152,36.78375770308284,0.6972619268914269
2.778481012658228,0.6518987341772152,36.80855029036105,0.698658872299866
2.8164556962025316,0.6518987341772152,36.81867667241923,0.6990809767007088
2.8544303797468356,0.6518987341772152,36.82580301227828,0.6993902660614784
2.892405063291139,0.6518987341772152,36.831652733589394,0.6996483246628376
2.930379746835443,0.6518987341772152,36.83785260401763,0.6999316840286844
2.968354430379747,0.6518987341772152,36.84191623176152,0.7001102233551377
3.0063291139240507,0.6518987341772152,36.84581428967067,0.7002917874113529
3.0443037974683547,0.6518987341772152,36.850584439347074,0.7005194110368211
3.0822784810126582,0.6518987341772152,36.85527288833793,0.7007492788934051
3.1202531645569622,0.6518987341772152,36.858577719896644,0.700899608476141
3.1582278481012658,0.6518987341772152,36.86338224009078,0.7011214014068975
3.1962025316455698,0.6518987341772152,36.86749231948696,0.701313898241908
3.2341772151898733,0.6518987341772152,36.871590413927784,0.7015026028192355
3.2721518987341773,0.6518987341772152,36.87512286007028,0.7016680143052548
3.310126582278481,0.6518987341772152,36.87932186992344,0.7018483794862033
3.348101265822785,0.6518987341772152,36.88440386056741,0.702076863107692
3.386075949367089,0.6518987341772152,36.88750968765794,0.7022205780824428
3.4240506329113924,0.6518987341772152,36.89108636542471,0.7023854954627635
3.5,0.6518987341772152,36.89907705568359,0.702734385991911
0.5,0.689873417721519,27.62549585171567,0.19021948299901442
3.4620253164556964,0.6518987341772152,36.894751671369065,0.7025399381740512
0.5379746835443038,0.689873417721519,27.625942221631913,0.19030703169285948
0.5759493670886076,0.689873417721519,27.622836524010403,0.19021129429717204
0.6139240506329113,0.689873417721519,27.623335295149044,0.19029644729346493
0.6518987341772152,0.689873417721519,27.62073194829654,0.1902710438557859
0.689873417721519,0.689873417721519,27.617725672097862,0.1901771098259258
0.7278481012658228,0.689873417721519,27.613840583638193,0.19029641811101294
0.7658227848101267,0.689873417721519,27.60894596288297,0.19025364796880334
0.8037974683544304,0.689873417721519,27.597570041385115,0.190223589970719
0.8417721518987342,0.689873417721519,27.544180449774924,0.19026771567780706
0.879746835443038,0.689873417721519,27.49531613916569,0.1903408983428272
0.9177215189873418,0.689873417721519,27.464950321007112,0.19037123380333068
0.9556962025316456,0.689873417721519,27.43284804240444,0.19041876456749557
0.9936708860759493,0.689873417721519,27.379417086276028,0.19044839199512306
1.0316455696202533,0.689873417721519,27.359956664528728,0.19055312165072272
1.1075949367088609,0.689873417721519,27.346911047195288,0.19046914613552618
1.0696202531645569,0.689873417721519,27.350158383697774,0.19046384675384043
1.1455696202531644,0.689873417721519,27.34280471420495,0.19050986715695295
1.1835443037974684,0.689873417721519,27.33417720017256,0.19062637301449603
1.2215189873417722,0.689873417721519,27.32880275273502,0.1905466976103405
1.259493670886076,0.689873417721519,27.306716687121856,0.19054997331361948
1.2974683544303798,0.689873417721519,27.29771576915918,0.19064627948778454
1.3734177215189873,0.689873417721519,27.245471859298597,0.1909259581455926
1.3354430379746836,0.689873417721519,27.26727968703732,0.19081363118908487
1.4113924050632911,0.689873417721519,27.199639461340535,0.1909530132329677
1.449367088607595,0.689873417721519,27.159305682865984,0.19109965867064205
1.4873417721518987,0.689873417721519,27.152463917812707,0.19387630623949217
1.5253164556962027,0.689873417721519,27.039438802155097,0.19414613287004387
1.5632911392405064,0.689873417721519,26.833990646029154,0.19482339807170374
1.639240506329114,0.689873417721519,26.673484963722856,0.1953070702464771
1.6012658227848102,0.689873417721519,26.752669750227167,0.19487663995686202
1.7151898734177216,0.689873417721519,26.514123012664086,0.1964623496741016
1.6772151898734178,0.689873417721519,26.607584376356026,0.1959697836208587
1.7531645569620253,0.689873417721519,26.434060837992853,0.1971341232715098
1.7911392405063291,0.689873417721519,26.343397944570498,0.19821145074863028
1.8291139240506329,0.689873417721519,26.27821952353866,0.1992600603392856
1.8670886075949367,0.689873417721519,26.47774034280383,0.21146411272280766
1.9050632911392404,0.689873417721519,27.57615535398686,0.27002581445414475
1.9430379746835444,0.689873417721519,29.39513735702685,0.36422671187715755
2.018987341772152,0.689873417721519,30.524934759010456,0.42088081723904613
1.9810126582278482,0.689873417721519,29.974850384206174,0.3936026192191082
2.056962025316456,0.689873417721519,31.203908943898416,0.4538897901342719
2.0949367088607596,0.689873417721519,31.52450350714642,0.4692062910624296
2.170886075949367,0.689873417721519,32.75671411364929,0.5260321393080835
2.132911392405063,0.689873417721519,31.87118141939243,0.485437761365329
2.208860759493671,0.689873417721519,33.43437445482266,0.5566413832030057
2.2848101265822782,0.689873417721519,34.381198977220166,0.5985053412727243
2.2468354430379747,0.689873417721519,33.97283277039642,0.5805810575721735
2.3607594936708862,0.689873417721519,35.03850790322452,0.6266715344825643
2.3227848101265822,0.689873417721519,34.80957021127348,0.6168902912815755
2.39873417721519,0.689873417721519,35.15218342786789,0.6314918712529045
2.4367088607594938,0.689873417721519,35.24800484336946,0.6355462325657489
2.5126582278481013,0.689873417721519,35.985338461685885,0.6655388101759685
2.4746835443037973,0.689873417721519,35.43832427486184,0.6434352398429556
2.588607594936709,0.689873417721519,36.411310356502845,0.682421466235858
2.5506329113924053,0.689873417721519,36.24807713055113,0.6758898204221443
2.626582278481013,0.689873417721519,36.66844784380014,0.6928724030714497
2.6645569620253164,0.689873417721519,36.75068379121224,0.6964401330381286
2.7025316455696204,0.689873417721519,36.776124861105096,0.6974229825740295
2.740506329113924,0.689873417721519,36.79444024636457,0.6981425195665328
2.778481012658228,0.689873417721519,36.81260014254963,0.6988647246537302
2.8544303797468356,0.689873417721519,36.828197351344045,0.6995261435464986
2.8164556962025316,0.689873417721519,36.82122965608781,0.6992139785051957
2.930379746835443,0.689873417721519,36.840867458916016,0.7001124263662645
2.892405063291139,0.689873417721519,36.83538345972808,0.6998662645156867
2.968354430379747,0.689873417721519,36.84581914285448,0.7003407512402496
3.0063291139240507,0.689873417721519,36.84924339690497,0.700506389982173
3.0822784810126582,0.689873417721519,36.85804911377336,0.7009103617416353
3.0443037974683547,0.689873417721519,36.85497468068672,0.7007685391105873
3.1202531645569622,0.689873417721519,36.86193539676824,0.7010919442519212
3.1582278481012658,0.689873417721519,36.86687313647273,0.7013158983551866
3.1962025316455698,0.689873417721519,36.8708791070123,0.7014963283700432
3.2341772151898733,0.689873417721519,36.874969993995975,0.7016816831883513
3.2721518987341773,0.689873417721519,36.87806682650753,0.7018270051388534
3.310126582278481,0.689873417721519,36.883208546426445,0.7020506149302164
3.348101265822785,0.689873417721519,36.887427180489176,0.7022458731849712
3.386075949367089,0.689873417721519,36.890404158040624,0.7023749984350373
3.4240506329113924,0.689873417721519,36.89383795897805,0.7025191305403258
3.4620253164556964,0.689873417721519,36.898901107370236,0.7027506741712631
0.5,0.7278481012658228,27.62549585171567,0.19021948299901442
3.5,0.689873417721519,36.90187897830821,0.7028795406428326
0.5379746835443038,0.7278481012658228,27.625942221631913,0.19030703169285948
0.5759493670886076,0.7278481012658228,27.622836524010403,0.19021129429717204
0.6139240506329113,0.7278481012658228,27.623335295149044,0.19029644729346493
0.6518987341772152,0.7278481012658228,27.62073194829654,0.1902710438557859
0.689873417721519,0.7278481012658228,27.617725672097862,0.1901771098259258
0.7278481012658228,0.7278481012658228,27.613840583638193,0.19029641811101294
0.7658227848101267,0.7278481012658228,27.60894596288297,0.19025364796880334
0.8417721518987342,0.7278481012658228,27.544180449774924,0.19026771567780706
0.8037974683544304,0.7278481012658228,27.597570041385115,0.190223589970719
0.879746835443038,0.7278481012658228,27.49531613916569,0.1903408983428272
0.9177215189873418,0.7278481012658228,27.464950321007112,0.19037123380333068
0.9556962025316456,0.7278481012658228,27.43284804240444,0.19041876456749557
0.9936708860759493,0.7278481012658228,27.379417086276028,0.19044839199512306
1.1075949367088609,0.7278481012658228,27.346911047195288,0.19046914613552618
1.0316455696202533,0.7278481012658228,27.359956664528728,0.19055312165072272
1.0696202531645569,0.7278481012658228,27.350158383697774,0.19046384675384043
1.1835443037974684,0.7278481012658228,27.334256292505735,0.1906339369028127
1.1455696202531644,0.7278481012658228,27.342960600976788,0.19052393938044085
1.2215189873417722,0.7278481012658228,27.32892177873251,0.1905577136225587
1.259493670886076,0.7278481012658228,27.30679825717635,0.19055733874016814
1.3354430379746836,0.7278481012658228,27.26727968703732,0.19081363118908487
1.2974683544303798,0.7278481012658228,27.29771576915918,0.19064627948778454
1.3734177215189873,0.7278481012658228,27.245546555696908,0.19093309101787778
1.4113924050632911,0.7278481012658228,27.19987948902572,0.1909747754240901
1.449367088607595,0.7278481012658228,27.18547948493531,0.19357131319894635
1.4873417721518987,0.7278481012658228,27.15270708364377,0.19389811478242874
1.5253164556962027,0.7278481012658228,27.039852612769717,0.19418300623711457
1.5632911392405064,0.7278481012658228,26.834282487758625,0.19485044334015444
1.6012658227848102,0.7278481012658228,26.752885559514137,0.19489642950151637
1.639240506329114,0.7278481012658228,26.673658399953418,0.1953226924630497
1.6772151898734178,0.7278481012658228,26.607723123954596,0.1959821504208761
1.7151898734177216,0.7278481012658228,26.514243072190038,0.1964721515013232
1.7531645569620253,0.7278481012658228,26.43444201158089,0.19716105954193114
1.7911392405063291,0.7278481012658228,26.343562976451853,0.19822220149852204
1.8291139240506329,0.7278481012658228,26.278319153661993,0.19926689588213733
1.8670886075949367,0.7278481012658228,26.47794705404344,0.21147811145046444
1.9050632911392404,0.7278481012658228,27.576617200199884,0.2700592803517857
1.9430379746835444,0.7278481012658228,29.395872722544514,0.36427629731214745
2.018987341772152,0.7278481012658228,30.52516752041766,0.4208974687416421
1.9810126582278482,0.7278481012658228,29.975626073438566,0.39365265954988043
2.056962025316456,0.7278481012658228,31.20463750429325,0.453936699552553
2.0949367088607596,0.7278481012658228,31.52586223549122,0.46928362707331006
2.132911392405063,0.7278481012658228,31.872161174582317,0.4854979652014293
2.170886075949367,0.7278481012658228,32.75783467161857,0.5260990078512862
2.208860759493671,0.7278481012658228,33.43686973659113,0.5567862347801501
2.2468354430379747,0.7278481012658228,33.98189354275326,0.581089131973531
2.3227848101265822,0.7278481012658228,34.81609934349264,0.6172503691079636
2.2848101265822782,0.7278481012658228,34.38486102578675,0.598722359668437
2.3607594936708862,0.7278481012658228,35.041970225517346,0.6268685712880223
2.39873417721519,0.7278481012658228,35.15752825766361,0.6317811161819847
2.4367088607594938,0.7278481012658228,35.25241629632001,0.6357892105355821
2.4746835443037973,0.7278481012658228,35.484711114788595,0.6457240875638707
2.5126582278481013,0.7278481012658228,36.00011890259636,0.6666185596048148
2.5506329113924053,0.7278481012658228,36.263382027721995,0.6769917945980228
2.588607594936709,0.7278481012658228,36.43621480241731,0.6839707528107528
2.6645569620253164,0.7278481012658228,36.75302219471224,0.6965703903128093
2.626582278481013,0.7278481012658228,36.67928479040697,0.6937602427208536
2.7025316455696204,0.7278481012658228,36.77942836401301,0.6976230248904473
2.740506329113924,0.7278481012658228,36.798110949459975,0.6983644634092884
2.778481012658228,0.7278481012658228,36.81491451021635,0.6990191017732891
2.8544303797468356,0.7278481012658228,36.832728612700194,0.6997869423605653
2.8164556962025316,0.7278481012658228,36.8255130422793,0.6994701106397624
2.892405063291139,0.7278481012658228,36.83905871664301,0.7000716016205952
2.930379746835443,0.7278481012658228,36.84365747364655,0.7002789427835975
2.968354430379747,0.7278481012658228,36.84872125456519,0.7005147815296471
3.0063291139240507,0.7278481012658228,36.85277254056001,0.7007038792612694
3.0443037974683547,0.7278481012658228,36.85707911908581,0.700899152780881
3.0822784810126582,0.7278481012658228,36.861097734412155,0.7010815747065205
3.1582278481012658,0.7278481012658228,36.869925075617836,0.7014784550485156
3.1962025316455698,0.7278481012658228,36.87348805289665,0.7016405189594889
3.1202531645569622,0.7278481012658228,36.86547448097,0.701282014379702
3.2341772151898733,0.7278481012658228,36.87713639694455,0.7018052412261445
3.2721518987341773,0.7278481012658228,36.881596458610694,0.702006138927475
3.310126582278481,0.7278481012658228,36.8869836310233,0.702238349614679
3.348101265822785,0.7278481012658228,36.89004113997821,0.7023746060571837
3.386075949367089,0.7278481012658228,36.893400910091586,0.7025305284132737
3.4240506329113924,0.7278481012658228,36.89821114250945,0.7027362986114759
3.4620253164556964,0.7278481012658228,36.901633275602244,0.7028870355938224
0.5,0.7658227848101267,27.62549585171567,0.19021948299901442
3.5,0.7278481012658228,36.904601889962585,0.7030191921040371
0.5759493670886076,0.7658227848101267,27.622836524010403,0.19021129429717204
0.5379746835443038,0.7658227848101267,27.625942221631913,0.19030703169285948
0.6139240506329113,0.7658227848101267,27.623335295149044,0.19029644729346493
0.6518987341772152,0.7658227848101267,27.62073194829654,0.1902710438557859
0.7278481012658228,0.7658227848101267,27.613840583638193,0.19029641811101294
0.689873417721519,0.7658227848101267,27.617725672097862,0.1901771098259258
0.8037974683544304,0.7658227848101267,27.597570041385115,0.190223589970719
0.7658227848101267,0.7658227848101267,27.60894596288297,0.19025364796880334
0.8417721518987342,0.7658227848101267,27.544180449774924,0.19026771567780706
0.879746835443038,0.7658227848101267,27.49531613916569,0.1903408983428272
0.9177215189873418,0.7658227848101267,27.464950321007112,0.19037123380333068
0.9556962025316456,0.7658227848101267,27.43284804240444,0.19041876456749557
0.9936708860759493,0.7658227848101267,27.379417086276028,0.19044839199512306
1.0696202531645569,0.7658227848101267,27.350158383697774,0.19046384675384043
1.1075949367088609,0.7658227848101267,27.346911047195288,0.19046914613552618
1.1455696202531644,0.7658227848101267,27.343098273291034,0.1905364499655351
1.0316455696202533,0.7658227848101267,27.359956664528728,0.19055312165072272
1.1835443037974684,0.7658227848101267,27.334278540876664,0.19063599960394442
1.2215189873417722,0.7658227848101267,27.329040434323883,0.19056875604110385
1.259493670886076,0.7658227848101267,27.30687769381034,0.19056468187885792
1.2974683544303798,0.7658227848101267,27.29775639718082,0.1906500703009219
1.3734177215189873,0.7658227848101267,27.245734354938556,0.1909508533177635
1.3354430379746836,0.7658227848101267,27.26735438343563,0.19082076418670174
1.4113924050632911,0.7658227848101267,27.22612266835904,0.1934530238075945
1.449367088607595,0.7658227848101267,27.186449614174418,0.19366205017410096
1.4873417721518987,0.7658227848101267,27.152985982299466,0.19392388052179074
1.5253164556962027,0.7658227848101267,27.040103103759268,0.19420609365404728
1.5632911392405064,0.7658227848101267,26.834455917059778,0.1948661671310419
1.6012658227848102,0.7658227848101267,26.753058995744695,0.1949120194330335
1.639240506329114,0.7658227848101267,26.67388370833389,0.19534051929699675
1.6772151898734178,0.7658227848101267,26.607843068373178,0.19599176288102974
1.7151898734177216,0.7658227848101267,26.514295937195858,0.1964759036044801
1.7531645569620253,0.7658227848101267,26.434575014615447,0.19717076422123375
1.7911392405063291,0.7658227848101267,26.343931413125595,0.1982479739453526
1.8291139240506329,0.7658227848101267,26.278752952800204,0.19930118567643126
1.8670886075949367,0.7658227848101267,26.478464885622028,0.211517299533623
1.9050632911392404,0.7658227848101267,27.576914968024266,0.2700809352268449
1.9430379746835444,0.7658227848101267,29.39648898329336,0.36431781963040144
1.9810126582278482,0.7658227848101267,29.97612932138305,0.3936847270813084
2.018987341772152,0.7658227848101267,30.526137804945733,0.42095837011005627
2.056962025316456,0.7658227848101267,31.20546441491261,0.4539888942844062
2.0949367088607596,0.7658227848101267,31.52652682188288,0.46932792524975725
2.132911392405063,0.7658227848101267,31.873149964794322,0.4855628045258397
2.170886075949367,0.7658227848101267,32.759438001368196,0.5262104265330482
2.208860759493671,0.7658227848101267,33.440298689139254,0.5570049599254709
2.2848101265822782,0.7658227848101267,34.388108364781026,0.5989119729763198
2.2468354430379747,0.7658227848101267,33.985919918378066,0.581322990956462
2.3227848101265822,0.7658227848101267,34.8197997228063,0.6174621703184532
2.3607594936708862,0.7658227848101267,35.05452901771282,0.627853978432568
2.39873417721519,0.7658227848101267,35.17091357266715,0.6328083462509795
2.4367088607594938,0.7658227848101267,35.28284761453607,0.6376546861726359
2.4746835443037973,0.7658227848101267,35.49722875262497,0.6467047238445444
2.5126582278481013,0.7658227848101267,36.00626820454792,0.66694712880685
2.5506329113924053,0.7658227848101267,36.2731733412914,0.6774992243207943
2.588607594936709,0.7658227848101267,36.45978305718755,0.6851250087198377
2.626582278481013,0.7658227848101267,36.68424970852005,0.6940531919177847
2.6645569620253164,0.7658227848101267,36.756458795765546,0.6967929621799636
2.7025316455696204,0.7658227848101267,36.78282656382304,0.697824576454305
2.740506329113924,0.7658227848101267,36.800774195665376,0.698528993925454
2.778481012658228,0.7658227848101267,36.817761217831574,0.6991894793862422
2.8164556962025316,0.7658227848101267,36.82860307323012,0.6996453178848927
2.8544303797468356,0.7658227848101267,36.836163973105265,0.6999789110674303
2.892405063291139,0.7658227848101267,36.84174368063169,0.7002288360727105
2.930379746835443,0.7658227848101267,36.84691810450196,0.7004597299243243
2.968354430379747,0.7658227848101267,36.851296812560165,0.7006634639054419
3.0063291139240507,0.7658227848101267,36.85588624619771,0.7008700654938098
3.0443037974683547,0.7658227848101267,36.85960068678795,0.7010394698057986
3.0822784810126582,0.7658227848101267,36.863855659087115,0.7012299963748869
3.1202531645569622,0.7658227848101267,36.86863553718339,0.7014429135123691
3.1582278481012658,0.7658227848101267,36.872746503480904,0.7016275273235437
3.1962025316455698,0.7658227848101267,36.87629227070344,0.7017934619911936
3.2341772151898733,0.7658227848101267,36.880587791068365,0.7019878753133871
3.2721518987341773,0.7658227848101267,36.88573596274613,0.7022103711327682
3.310126582278481,0.7658227848101267,36.88933341880919,0.702367314309771
3.348101265822785,0.7658227848101267,36.89289452662801,0.7025296180368957
3.386075949367089,0.7658227848101267,36.89705425492154,0.7027132264964476
0.5,0.8037974683544304,27.62549585171567,0.19021948299901442
3.4240506329113924,0.7658227848101267,36.90092934170484,0.702874605964843
3.4620253164556964,0.7658227848101267,36.90426940707741,0.7030253271948032
3.5,0.7658227848101267,36.90822152978132,0.7031998975047867
0.5379746835443038,0.8037974683544304,27.625942221631913,0.19030703169285948
0.5759493670886076,0.8037974683544304,27.622836524010403,0.19021129429717204
0.6139240506329113,0.8037974683544304,27.623335295149044,0.19029644729346493
0.6518987341772152,0.8037974683544304,27.62073194829654,0.1902710438557859
0.689873417721519,0.8037974683544304,27.617725672097862,0.1901771098259258
0.7278481012658228,0.8037974683544304,27.613840583638193,0.19029641811101294
0.7658227848101267,0.8037974683544304,27.60894596288297,0.19025364796880334
0.8037974683544304,0.8037974683544304,27.597570041385115,0.190223589970719
0.8417721518987342,0.8037974683544304,27.544180449774924,0.19026771567780706
0.879746835443038,0.8037974683544304,27.49531613916569,0.1903408983428272
0.9177215189873418,0.8037974683544304,27.464950321007112,0.19037123380333068
0.9556962025316456,0.8037974683544304,27.43284804240444,0.19041876456749557
1.1075949367088609,0.8037974683544304,27.34693051110446,0.19047101835773514
0.9936708860759493,0.8037974683544304,27.379417086276028,0.19044839199512306
1.0316455696202533,0.8037974683544304,27.359956664528728,0.19055312165072272
1.0696202531645569,0.8037974683544304,27.350158383697774,0.19046384675384043
1.1455696202531644,0.8037974683544304,27.34340624057293,0.1905645692533179
1.1835443037974684,0.8037974683544304,27.33434716381856,0.19064232573155104
1.2215189873417722,0.8037974683544304,27.329040434323883,0.19056875604110385
1.259493670886076,0.8037974683544304,27.306918321831983,0.19056847270477117
1.2974683544303798,0.8037974683544304,27.297816536524653,0.19065561211473728
1.3354430379746836,0.8037974683544304,27.26754218267728,0.1908385264525895
1.3734177215189873,0.8037974683544304,27.272012375350908,0.1934323885060677
1.4113924050632911,0.8037974683544304,27.227300804660715,0.19356302017844512
1.449367088607595,0.8037974683544304,27.188501852012404,0.193906286894581
1.4873417721518987,0.8037974683544304,27.152039203932254,0.1939065274196274
1.5253164556962027,0.8037974683544304,27.04027653306042,0.194221786053118
1.5632911392405064,0.8037974683544304,26.834629353290335,0.19488171245404434
1.6012658227848102,0.8037974683544304,26.753163054711273,0.19492122089972228
1.639240506329114,0.8037974683544304,26.67399220203073,0.1953498614661275
1.7151898734177216,0.8037974683544304,26.514383268744737,0.19647846569578706
1.6772151898734178,0.8037974683544304,26.60793373797009,0.19599863112965227
1.7531645569620253,0.8037974683544304,26.434746083260436,0.1971860477668419
1.7911392405063291,0.8037974683544304,26.342167805043967,0.19817006035324145
1.8291139240506329,0.8037974683544304,26.278968601669234,0.19931664535496768
1.8670886075949367,0.8037974683544304,26.478784737328002,0.2115398722473475
1.9050632911392404,0.8037974683544304,27.577314313210163,0.2701132196750376
1.9810126582278482,0.8037974683544304,29.97685143640924,0.3937335371740145
1.9430379746835444,0.8037974683544304,29.39709710307677,0.3643631854232788
2.056962025316456,0.8037974683544304,31.206721085983293,0.45408839347263186
2.018987341772152,0.8037974683544304,30.52705095403255,0.4210208883088497
2.0949367088607596,0.8037974683544304,31.528524964929066,0.4694690545963788
2.132911392405063,0.8037974683544304,31.87466212246701,0.4856786107733718
2.170886075949367,0.8037974683544304,32.76115740263033,0.5263240195602937
2.208860759493671,0.8037974683544304,33.45205073198576,0.5579615516685158
2.2468354430379747,0.8037974683544304,33.99805214690271,0.5823006460804381
2.2848101265822782,0.8037974683544304,34.39897260437113,0.5998217861754241
2.3227848101265822,0.8037974683544304,34.83257032764645,0.6184770887314
2.3607594936708862,0.8037974683544304,35.06116213554509,0.6282378744315167
2.39873417721519,0.8037974683544304,35.17869223402579,0.6332473980695109
2.4367088607594938,0.8037974683544304,35.28785201390444,0.6379551913190417
2.4746835443037973,0.8037974683544304,35.50174945784239,0.6469831933614032
2.5126582278481013,0.8037974683544304,36.01183439187739,0.6672612627610911
2.5506329113924053,0.8037974683544304,36.29023692742061,0.6783460019989042
2.588607594936709,0.8037974683544304,36.50632505124148,0.6873309763070624
2.626582278481013,0.8037974683544304,36.68710876369692,0.694219510072499
2.6645569620253164,0.8037974683544304,36.75970632839674,0.6969783777836642
2.7025316455696204,0.8037974683544304,36.785269474663544,0.6979660287149716
2.740506329113924,0.8037974683544304,36.80312737755831,0.6986683682156106
2.778481012658228,0.8037974683544304,36.82141078759328,0.6993824166598256
2.8164556962025316,0.8037974683544304,36.83230865708604,0.699839218702694
2.8544303797468356,0.8037974683544304,36.84008457208002,0.7001802510309296
2.892405063291139,0.8037974683544304,36.84481830391976,0.7003996288387166
2.968354430379747,0.8037974683544304,36.85410782381492,0.7008179621475366
2.930379746835443,0.8037974683544304,36.84930814044833,0.7006019074408821
3.0063291139240507,0.8037974683544304,36.85892690210725,0.7010302979377077
3.0443037974683547,0.8037974683544304,36.862424632393584,0.7011911291910861
3.0822784810126582,0.8037974683544304,36.86674148416018,0.7013894035279714
3.1202531645569622,0.8037974683544304,36.87160289429962,0.7016068605007437
3.1582278481012658,0.8037974683544304,36.87600428477725,0.7018010460621247
3.1962025316455698,0.8037974683544304,36.87997825721284,0.7019839703331647
3.2341772151898733,0.8037974683544304,36.88400179296407,0.7021604886052457
3.2721518987341773,0.8037974683544304,36.88914233548084,0.7023862648715593
3.310126582278481,0.8037974683544304,36.892632407003966,0.7025379665892048
3.348101265822785,0.8037974683544304,36.89624747966944,0.7026984400892338
3.386075949367089,0.8037974683544304,36.900534203734516,0.7028846958882307
3.4240506329113924,0.8037974683544304,36.90420174788018,0.7030400269509135
0.5379746835443038,0.8417721518987342,27.625942221631913,0.19030703169285948
3.5,0.8037974683544304,36.91171013021523,0.7033711864611881
3.4620253164556964,0.8037974683544304,36.90760614192343,0.7031929281045867
0.5,0.8417721518987342,27.62549585171567,0.19021948299901442
0.5759493670886076,0.8417721518987342,27.622836524010403,0.19021129429717204
0.6139240506329113,0.8417721518987342,27.623335295149044,0.19029644729346493
0.6518987341772152,0.8417721518987342,27.62073194829654,0.1902710438557859
0.689873417721519,0.8417721518987342,27.617725672097862,0.1901771098259258
0.7658227848101267,0.8417721518987342,27.60894596288297,0.19025364796880334
0.8037974683544304,0.8417721518987342,27.597570041385115,0.190223589970719
0.7278481012658228,0.8417721518987342,27.613840583638193,0.19029641811101294
0.8417721518987342,0.8417721518987342,27.544180449774924,0.19026771567780706
0.879746835443038,0.8417721518987342,27.49531613916569,0.1903408983428272
0.9177215189873418,0.8417721518987342,27.464950321007112,0.19037123380333068
0.9556962025316456,0.8417721518987342,27.43284804240444,0.19041876456749557
0.9936708860759493,0.8417721518987342,27.379417086276028,0.19044839199512306
1.0316455696202533,0.8417721518987342,27.359956664528728,0.19055312165072272
1.0696202531645569,0.8417721518987342,27.350158383697774,0.19046384675384043
1.1075949367088609,0.8417721518987342,27.34693051110446,0.19047101835773514
1.1455696202531644,0.8417721518987342,27.342521188182204,0.1906257870850462
1.1835443037974684,0.8417721518987342,27.3306970062257,0.19045864060290385
1.2215189873417722,0.8417721518987342,27.329244326438165,0.19058727254719202
1.259493670886076,0.8417721518987342,27.3069866363447,0.19057507914659097
1.2974683544303798,0.8417721518987342,27.298003451321303,0.1906732925954799
1.3734177215189873,0.8417721518987342,27.273190359205536,0.19354233180942862
1.3354430379746836,0.8417721518987342,27.293961955878117,0.1933334670043529
1.4113924050632911,0.8417721518987342,27.230421718950673,0.19392670273314486
1.449367088607595,0.8417721518987342,27.188744817953996,0.1939284307337303
1.4873417721518987,0.8417721518987342,27.15231134595878,0.19393069530825197
1.5253164556962027,0.8417721518987342,27.040415280658983,0.19423420821192447
1.5632911392405064,0.8417721518987342,26.83473341918633,0.19489085584679622
1.6012658227848102,0.8417721518987342,26.753236859776116,0.19492751606652328
1.6772151898734178,0.8417721518987342,26.607334509904742,0.19597558917456587
1.639240506329114,0.8417721518987342,26.67399220203073,0.1953498614661275
1.7151898734177216,0.8417721518987342,26.51422830883979,0.19648229402123546
1.7531645569620253,0.8417721518987342,26.433617945755337,0.19713509841312502
1.7911392405063291,0.8417721518987342,26.34267166964043,0.19820596340860736
1.8291139240506329,0.8417721518987342,26.279333479273642,0.1993441576925803
1.8670886075949367,0.8417721518987342,26.47932647007097,0.21157860665499945
1.9050632911392404,0.8417721518987342,27.578115819085816,0.2701728307452203
1.9430379746835444,0.8417721518987342,29.39816878129355,0.36445088230699135
2.056962025316456,0.8417721518987342,31.216397443845633,0.45494352492752904
1.9810126582278482,0.8417721518987342,29.97853408894642,0.393865355545001
2.018987341772152,0.8417721518987342,30.528794600833287,0.4211536742027873
2.0949367088607596,0.8417721518987342,31.537885144444093,0.4703109911571785
2.132911392405063,0.8417721518987342,31.884817646389237,0.4865635483336027
2.170886075949367,0.8417721518987342,32.773620179729626,0.5273494957596573
2.2468354430379747,0.8417721518987342,34.002555906157916,0.5825921049731506
2.208860759493671,0.8417721518987342,33.46354904631267,0.5586267283548274
2.2848101265822782,0.8417721518987342,34.40352084407549,0.60011953701735
2.39873417721519,0.8417721518987342,35.18379535684703,0.6335365761703519
2.3227848101265822,0.8417721518987342,34.836792331796595,0.6187491170150115
2.3607594936708862,0.8417721518987342,35.067633985044985,0.6286056245687104
2.4367088607594938,0.8417721518987342,35.334761592624496,0.640283149887797
2.4746835443037973,0.8417721518987342,35.508326275449335,0.6473325825381345
2.5506329113924053,0.8417721518987342,36.307453434822406,0.6791845745423435
2.5126582278481013,0.8417721518987342,36.01962761157043,0.6676539436939163
2.588607594936709,0.8417721518987342,36.508951975207644,0.6874753556301174
2.626582278481013,0.8417721518987342,36.69060504049283,0.6944093994333579
2.6645569620253164,0.8417721518987342,36.76224405060429,0.6971229178070216
2.7025316455696204,0.8417721518987342,36.78838302296105,0.6981442331290751
2.740506329113924,0.8417721518987342,36.806234726313185,0.6988383486507865
2.778481012658228,0.8417721518987342,36.82472531801835,0.6995641300119272
2.8544303797468356,0.8417721518987342,36.84334981988978,0.7003628794238892
2.8164556962025316,0.8417721518987342,36.83579516197947,0.7000294894325952
2.892405063291139,0.8417721518987342,36.847452280713334,0.7005476219317942
2.930379746835443,0.8417721518987342,36.852965014432485,0.7007891152293129
2.968354430379747,0.8417721518987342,36.85708821770327,0.7009749075377172
3.0063291139240507,0.8417721518987342,36.861588758038856,0.7011791417869764
3.0443037974683547,0.8417721518987342,36.86598241205218,0.7013788305087426
3.0822784810126582,0.8417721518987342,36.871114176658246,0.7016118339604605
3.1202531645569622,0.8417721518987342,36.874857815777666,0.7017792307735358
3.1582278481012658,0.8417721518987342,36.87870405752283,0.7019477343713211
3.1962025316455698,0.8417721518987342,36.8828070980167,0.70213333888104
3.2341772151898733,0.8417721518987342,36.88768838800796,0.7023466308273322
3.2721518987341773,0.8417721518987342,36.89210961564436,0.702537357778667
3.310126582278481,0.8417721518987342,36.89605596974691,0.7027155998997007
3.348101265822785,0.8417721518987342,36.90002430124286,0.7028933043345128
3.386075949367089,0.8417721518987342,36.90304935840913,0.7030198071538288
3.4620253164556964,0.8417721518987342,36.91147075371386,0.7033906642465915
3.5,0.8417721518987342,36.91444241463492,0.7035193422507742
0.5,0.879746835443038,27.62549585171567,0.19021948299901442
3.4240506329113924,0.8417721518987342,36.90793513843236,0.703232284516352
0.5759493670886076,0.879746835443038,27.622836524010403,0.19021129429717204
0.5379746835443038,0.879746835443038,27.625942221631913,0.19030703169285948
0.6139240506329113,0.879746835443038,27.623335295149044,0.19029644729346493
0.6518987341772152,0.879746835443038,27.62073194829654,0.1902710438557859
0.689873417721519,0.879746835443038,27.617725672097862,0.1901771098259258
0.7278481012658228,0.879746835443038,27.613840583638193,0.19029641811101294
0.8037974683544304,0.879746835443038,27.597570041385115,0.190223589970719
0.8417721518987342,0.879746835443038,27.544180449774924,0.19026771567780706
0.7658227848101267,0.879746835443038,27.60894596288297,0.19025364796880334
0.879746835443038,0.879746835443038,27.49531613916569,0.1903408983428272
0.9177215189873418,0.879746835443038,27.464950321007112,0.19037123380333068
0.9556962025316456,0.879746835443038,27.43284804240444,0.19041876456749557
0.9936708860759493,0.879746835443038,27.379417086276028,0.19044839199512306
1.0696202531645569,0.879746835443038,27.350158383697774,0.19046384675384043
1.0316455696202533,0.879746835443038,27.359956664528728,0.19055312165072272
1.1075949367088609,0.879746835443038,27.346965729591886,0.19047449699645777
1.1455696202531644,0.879746835443038,27.340159376666495,0.1905467460377346
1.1835443037974684,0.879746835443038,27.330738884570476,0.19046235834293954
1.2215189873417722,0.879746835443038,27.32935326897252,0.190597669661168
1.259493670886076,0.879746835443038,27.30717355114135,0.19059275999300296
1.2974683544303798,0.879746835443038,27.324301923630244,0.19324352500734746
1.3354430379746836,0.879746835443038,27.295075241703255,0.1934373173384379
1.3734177215189873,0.879746835443038,27.276570530662738,0.1939305757022366
1.4113924050632911,0.879746835443038,27.230664684892268,0.19394880610307128
1.449367088607595,0.879746835443038,27.187309984951995,0.19396755193926477
1.4873417721518987,0.879746835443038,27.152415404925357,0.1939399554689085
1.5253164556962027,0.879746835443038,27.040519346554973,0.19424335287007383
1.5632911392405064,0.879746835443038,26.834772535619173,0.19489412295280187
1.6772151898734178,0.879746835443038,26.607411607006643,0.19598250688810287
1.6012658227848102,0.879746835443038,26.753236859776116,0.19492751606652328
1.639240506329114,0.879746835443038,26.674261849421978,0.1953714579539442
1.7151898734177216,0.879746835443038,26.51425136822049,0.19648200210052272
1.7531645569620253,0.879746835443038,26.43385007924694,0.19715534859376665
1.7911392405063291,0.879746835443038,26.342913482610935,0.19822639205819245
1.8291139240506329,0.879746835443038,26.2776565265237,0.19928946842811024
1.8670886075949367,0.879746835443038,26.480765048533794,0.2117019811536512
1.9050632911392404,0.879746835443038,27.588114162661974,0.2710739755261696
1.9430379746835444,0.879746835443038,29.407540939961574,0.365303782921097
1.9810126582278482,0.879746835443038,29.988668928830606,0.3947726261251964
2.018987341772152,0.879746835443038,30.53894245348568,0.4220704988551598
2.056962025316456,0.879746835443038,31.218562827557506,0.45512222141916014
2.0949367088607596,0.879746835443038,31.54081014065773,0.4705340209198658
2.132911392405063,0.879746835443038,31.887716599168186,0.48678434803528364
2.170886075949367,0.879746835443038,32.77715000476494,0.5275883289288692
2.208860759493671,0.879746835443038,33.466661121132276,0.5588282856687211
2.2468354430379747,0.879746835443038,34.00601261974656,0.5828067571346764
2.2848101265822782,0.879746835443038,34.410733021341294,0.600513611457766
2.3227848101265822,0.879746835443038,34.84231734387159,0.619055093434904
2.3607594936708862,0.879746835443038,35.07101169564481,0.6288011222188087
2.39873417721519,0.879746835443038,35.20627002176755,0.6346637973727718
2.4367088607594938,0.879746835443038,35.339416608805834,0.640535705171856
2.4746835443037973,0.879746835443038,35.513989386201374,0.647628129706218
2.5126582278481013,0.879746835443038,36.03041550700345,0.6681929873035544
2.5506329113924053,0.879746835443038,36.3735157001531,0.6822892194484312
2.588607594936709,0.879746835443038,36.51378857159018,0.6877333645722674
2.626582278481013,0.879746835443038,36.69360183349114,0.6945830268611507
2.6645569620253164,0.879746835443038,36.76558829605024,0.697308840443869
2.7025316455696204,0.879746835443038,36.79158845445743,0.698315160597198
2.740506329113924,0.879746835443038,36.81015547747223,0.6990414886482419
2.778481012658228,0.879746835443038,36.82914116028994,0.6997944271822293
2.8544303797468356,0.879746835443038,36.84581534165776,0.700505379633354
2.8164556962025316,0.879746835443038,36.83953452473677,0.7002348994166026
2.892405063291139,0.879746835443038,36.850502343494334,0.7007147077030785
2.930379746835443,0.879746835443038,36.855470177325934,0.7009353374925998
2.968354430379747,0.879746835443038,36.86053339580802,0.7011618192512019
3.0063291139240507,0.879746835443038,36.86485038244741,0.7013646289348234
3.0443037974683547,0.879746835443038,36.86937990826603,0.7015668464371745
3.1202531645569622,0.879746835443038,36.87823329415124,0.7019569704006406
3.0822784810126582,0.879746835443038,36.87373783827956,0.7017594266859374
3.1582278481012658,0.879746835443038,36.88235473300803,0.7021393743174462
3.1962025316455698,0.879746835443038,36.88703288141672,0.7023455174422637
3.2341772151898733,0.879746835443038,36.89112238961951,0.7025210093350739
3.2721518987341773,0.879746835443038,36.89600318028216,0.702739324952506
3.348101265822785,0.879746835443038,36.90340674597431,0.703063148298049
3.310126582278481,0.879746835443038,36.899479806276084,0.7028950940792824
3.386075949367089,0.879746835443038,36.90794946535979,0.703264761306926
3.4240506329113924,0.879746835443038,36.91148388197322,0.7034192726403566
3.5,0.879746835443038,36.91835415534364,0.7037202450830242
3.4620253164556964,0.879746835443038,36.914862169908474,0.7035665469652006
0.5,0.9177215189873418,27.62549585171567,0.19021948299901442
0.5379746835443038,0.9177215189873418,27.625942221631913,0.19030703169285948
0.5759493670886076,0.9177215189873418,27.622836524010403,0.19021129429717204
0.6139240506329113,0.9177215189873418,27.623335295149044,0.19029644729346493
0.6518987341772152,0.9177215189873418,27.62073194829654,0.1902710438557859
0.7278481012658228,0.9177215189873418,27.613840583638193,0.19029641811101294
0.689873417721519,0.9177215189873418,27.617725672097862,0.1901771098259258
0.7658227848101267,0.9177215189873418,27.60894596288297,0.19025364796880334
0.8037974683544304,0.9177215189873418,27.597570041385115,0.190223589970719
0.8417721518987342,0.9177215189873418,27.544180449774924,0.19026771567780706
0.879746835443038,0.9177215189873418,27.49531613916569,0.1903408983428272
0.9177215189873418,0.9177215189873418,27.464950321007112,0.19037123380333068
0.9556962025316456,0.9177215189873418,27.43284804240444,0.19041876456749557
0.9936708860759493,0.9177215189873418,27.379417086276028,0.19044839199512306
1.0316455696202533,0.9177215189873418,27.359956664528728,0.19055312165072272
1.0696202531645569,0.9177215189873418,27.350158383697774,0.19046384675384043
1.1075949367088609,0.9177215189873418,27.346965729591886,0.19047449699645777
1.1835443037974684,0.9177215189873418,27.330886635717192,0.19047630811085625
1.1455696202531644,0.9177215189873418,27.335147527547377,0.19049053108770858
1.2215189873417722,0.9177215189873418,27.32954018376917,0.19061535041877706
1.259493670886076,0.9177215189873418,27.33677409315569,0.19338826922135524
1.2974683544303798,0.9177215189873418,27.325383975911915,0.19334428536360704
1.3734177215189873,0.9177215189873418,27.276813496604337,0.19395263873880483
1.3354430379746836,0.9177215189873418,27.299384529875045,0.19391788571849655
1.449367088607595,0.9177215189873418,27.18745206953794,0.19397961661460517
1.4113924050632911,0.9177215189873418,27.230872976060688,0.19396753548513268
1.4873417721518987,0.9177215189873418,27.152519630197798,0.1939491010541833
1.5253164556962027,0.9177215189873418,27.04055846298782,0.1942466204283513
1.639240506329114,0.9177215189873418,26.673061801127208,0.1953089549990146
1.6012658227848102,0.9177215189873418,26.753405571609868,0.19494205062127898
1.5632911392405064,0.9177215189873418,26.83486524070672,0.19490238051739506
1.6772151898734178,0.9177215189873418,26.60776777151812,0.19600804220712797
1.7151898734177216,0.9177215189873418,26.513924912259732,0.1964821314595321
1.7531645569620253,0.9177215189873418,26.426597484493765,0.19718617220492307
1.8291139240506329,0.9177215189873418,26.26859482706711,0.1993159667322605
1.7911392405063291,0.9177215189873418,26.335118742859652,0.1982090377446072
1.9050632911392404,0.9177215189873418,27.59062917639609,0.2712934277983617
1.8670886075949367,0.9177215189873418,26.491332872996374,0.21268027596119887
1.9430379746835444,0.9177215189873418,29.410014240779763,0.3655135661956535
2.018987341772152,0.9177215189873418,30.540659669941046,0.42220883034883216
1.9810126582278482,0.9177215189873418,29.990530244405846,0.39493085050937105
2.0949367088607596,0.9177215189873418,31.54182682941508,0.47061995510325827
2.056962025316456,0.9177215189873418,31.220461005545932,0.45526165182378
2.132911392405063,0.9177215189873418,31.890059387587385,0.4869394602284374
2.170886075949367,0.9177215189873418,32.78240800771452,0.527896452264328
2.208860759493671,0.9177215189873418,33.47112917948312,0.5590954918716501
2.2468354430379747,0.9177215189873418,34.00934493499198,0.5830073502224751
2.3227848101265822,0.9177215189873418,34.84650938032376,0.619296237458751
2.2848101265822782,0.9177215189873418,34.41466657927272,0.60074505039816
2.3607594936708862,0.9177215189873418,35.07874353743614,0.6292054286505702
2.39873417721519,0.9177215189873418,35.25200684482334,0.6369333783294919
2.5126582278481013,0.9177215189873418,36.04690436689988,0.6690030516659982
2.5506329113924053,0.9177215189873418,36.37717252067526,0.6824903827417825
2.4367088607594938,0.9177215189873418,35.34392382321252,0.640783895246545
2.4746835443037973,0.9177215189873418,35.5182186572833,0.6478610158648457
2.588607594936709,0.9177215189873418,36.5175593648268,0.6879464215656691
2.6645569620253164,0.9177215189873418,36.768732633535336,0.6974851378084573
2.626582278481013,0.9177215189873418,36.695804460239245,0.6947164987133683
2.740506329113924,0.9177215189873418,36.81466122085091,0.6992853646079034
2.778481012658228,0.9177215189873418,36.83367010705617,0.7000375301265861
2.7025316455696204,0.9177215189873418,36.79445257619512,0.6984838899676906
2.8164556962025316,0.9177215189873418,36.84327606720881,0.7004331560363335
2.8544303797468356,0.9177215189873418,36.84902623957614,0.700683940086493
2.892405063291139,0.9177215189873418,36.85406920303701,0.7009068439780787
2.930379746835443,0.9177215189873418,36.858957749537836,0.701130259070439
2.968354430379747,0.9177215189873418,36.86436304258178,0.701371290833252
3.0063291139240507,0.9177215189873418,36.86862677906679,0.7015672015181026
3.0443037974683547,0.9177215189873418,36.87307321886968,0.7017768679574772
3.0822784810126582,0.9177215189873418,36.87848813081719,0.7020715585721867
3.1202531645569622,0.9177215189873418,36.88363510022785,0.7023244857675675
3.1962025316455698,0.9177215189873418,36.89284359656602,0.7027664780324129
3.1582278481012658,0.9177215189873418,36.88845436545752,0.7025649062100974
3.2341772151898733,0.9177215189873418,36.897973523662316,0.7030039705552455
3.2721518987341773,0.9177215189873418,36.902063767278854,0.7031944633944728
3.310126582278481,0.9177215189873418,36.90673476300689,0.7034154753350067
3.348101265822785,0.9177215189873418,36.91072424775336,0.7035948324147009
3.4240506329113924,0.9177215189873418,36.91861462145846,0.703957533383819
3.386075949367089,0.9177215189873418,36.91499574781612,0.7037877170453127
3.4620253164556964,0.9177215189873418,36.92279512833828,0.7041517707520735
3.5,0.9177215189873418,36.92638785932517,0.7043207693219518
0.5,0.9556962025316456,27.62549585171567,0.19021948299901442
0.5379746835443038,0.9556962025316456,27.625942221631913,0.19030703169285948
0.5759493670886076,0.9556962025316456,27.622836524010403,0.19021129429717204
0.6139240506329113,0.9556962025316456,27.623335295149044,0.19029644729346493
0.6518987341772152,0.9556962025316456,27.62073194829654,0.1902710438557859
0.7278481012658228,0.9556962025316456,27.613840583638193,0.19029641811101294
0.8037974683544304,0.9556962025316456,27.597570041385115,0.190223589970719
0.689873417721519,0.9556962025316456,27.617725672097862,0.1901771098259258
0.7658227848101267,0.9556962025316456,27.60894596288297,0.19025364796880334
0.879746835443038,0.9556962025316456,27.49531613916569,0.1903408983428272
0.9556962025316456,0.9556962025316456,27.43284804240444,0.19041876456749557
0.9177215189873418,0.9556962025316456,27.464950321007112,0.19037123380333068
0.8417721518987342,0.9556962025316456,27.544180449774924,0.19026771567780706
1.0316455696202533,0.9556962025316456,27.359956664528728,0.19055312165072272
1.0696202531645569,0.9556962025316456,27.3501936021852,0.19046732541462746
0.9936708860759493,0.9556962025316456,27.379417086276028,0.19044839199512306
1.1075949367088609,0.9556962025316456,27.346986587347253,0.1904764645258557
1.1835443037974684,0.9556962025316456,27.33127550544525,0.19051220251557396
1.1455696202531644,0.9556962025316456,27.335284465001983,0.19050346390780892
1.259493670886076,0.9556962025316456,27.335021118644605,0.19331327737883044
1.2215189873417722,0.9556962025316456,27.356257335289197,0.19323025823675566
1.2974683544303798,0.9556962025316456,27.330544444281806,0.19389072679463348
1.3354430379746836,0.9556962025316456,27.299697039386498,0.19394616360817252
1.3734177215189873,0.9556962025316456,27.277021787772757,0.19397132338745962
1.4113924050632911,0.9556962025316456,27.231023661147702,0.19396265417726297
1.449367088607595,0.9556962025316456,27.187486758169936,0.19398264530817255
1.5253164556962027,0.9556962025316456,27.040651168075367,0.1942548711271693
1.4873417721518987,0.9556962025316456,27.152558746630646,0.19395236881803196
1.5632911392405064,0.9556962025316456,26.832091895860774,0.19476959845145683
1.6012658227848102,0.9556962025316456,26.7478872282191,0.1950597905089488
1.639240506329114,0.9556962025316456,26.66628133702192,0.19532287327819065
1.6772151898734178,0.9556962025316456,26.600819440667124,0.1960612629456984
1.7151898734177216,0.9556962025316456,26.50856235207776,0.19656431249065495
1.7531645569620253,0.9556962025316456,26.424405766075107,0.19714262337943833
1.7911392405063291,0.9556962025316456,26.334071130763405,0.19822138634023062
1.8291139240506329,0.9556962025316456,26.26771062770004,0.19932921559217598
1.8670886075949367,0.9556962025316456,26.49248849100984,0.21278529164761542
1.9050632911392404,0.9556962025316456,27.591808115043253,0.2713940100066362
1.9430379746835444,0.9556962025316456,29.411251597852424,0.36561701323187856
1.9810126582278482,0.9556962025316456,29.99189042981288,0.3950382154316681
2.018987341772152,0.9556962025316456,30.54187528308034,0.42230738757651515
2.056962025316456,0.9556962025316456,31.222102818707967,0.45538563636827845
2.0949367088607596,0.9556962025316456,31.544243081030103,0.4707849290309323
2.132911392405063,0.9556962025316456,31.893285398375866,0.48714234912731674
2.170886075949367,0.9556962025316456,32.790667354914135,0.5283694453315131
2.208860759493671,0.9556962025316456,33.47470773057902,0.5593139690182012
2.2468354430379747,0.9556962025316456,34.012934201476234,0.5832246541451438
2.2848101265822782,0.9556962025316456,34.41867993407036,0.6009776314403434
2.3227848101265822,0.9556962025316456,34.85219355416034,0.6196127015705825
2.3607594936708862,0.9556962025316456,35.08415447538494,0.6295059885345814
2.39873417721519,0.9556962025316456,35.25884373672246,0.637300328475517
2.4367088607594938,0.9556962025316456,35.34982857058185,0.6411047150440008
2.4746835443037973,0.9556962025316456,35.52701864127619,0.648315607722844
2.5126582278481013,0.9556962025316456,36.065488464438076,0.6699803723910801
2.5506329113924053,0.9556962025316456,36.38262941360731,0.6828917477217902
2.588607594936709,0.9556962025316456,36.52283171501673,0.68835700396754
2.626582278481013,0.9556962025316456,36.702631508378154,0.6952160790439752
2.6645569620253164,0.9556962025316456,36.77538926864467,0.6979864160943711
2.7025316455696204,0.9556962025316456,36.80225662908169,0.699053923760032
2.740506329113924,0.9556962025316456,36.82243617644503,0.6998625505095942
2.778481012658228,0.9556962025316456,36.84120181741434,0.7006140943443188
2.8164556962025316,0.9556962025316456,36.85123644981641,0.701046197585561
2.8544303797468356,0.9556962025316456,36.85617125867116,0.7012683619283655
2.892405063291139,0.9556962025316456,36.86262215005696,0.7015675895141009
2.930379746835443,0.9556962025316456,36.86730836992641,0.7017853510648624
2.968354430379747,0.9556962025316456,36.872308817537544,0.702021566082406
3.0063291139240507,0.9556962025316456,36.876974143927,0.7022297897528459
3.0443037974683547,0.9556962025316456,36.88140349450793,0.7024351299927287
3.0822784810126582,0.9556962025316456,36.88677943711748,0.7026872802976512
3.1202531645569622,0.9556962025316456,36.8914458117802,0.702897427163581
3.1582278481012658,0.9556962025316456,36.895576175720954,0.7030864147293652
3.1962025316455698,0.9556962025316456,36.90119628142479,0.7033406753735809
3.2341772151898733,0.9556962025316456,36.905102059778,0.7035257664210259
3.2721518987341773,0.9556962025316456,36.909504579773596,0.7037257095108974
3.310126582278481,0.9556962025316456,36.91346127332247,0.7039052350176098
3.348101265822785,0.9556962025316456,36.91838149164072,0.7041300651981611
3.386075949367089,0.9556962025316456,36.921937546056874,0.7042910254921555
3.4240506329113924,0.9556962025316456,36.92608828602839,0.7044712292294565
0.5,0.9936708860759493,27.62549585171567,0.19021948299901442
3.4620253164556964,0.9556962025316456,36.92955435378098,0.7046305429007652
3.5,0.9556962025316456,36.933478512627275,0.7048070334902491
0.5379746835443038,0.9936708860759493,27.625942221631913,0.19030703169285948
0.5759493670886076,0.9936708860759493,27.622836524010403,0.19021129429717204
0.6139240506329113,0.9936708860759493,27.623335295149044,0.19029644729346493
0.6518987341772152,0.9936708860759493,27.62073194829654,0.1902710438557859
0.689873417721519,0.9936708860759493,27.617725672097862,0.1901771098259258
0.7278481012658228,0.9936708860759493,27.613840583638193,0.19029641811101294
0.7658227848101267,0.9936708860759493,27.60894596288297,0.19025364796880334
0.8037974683544304,0.9936708860759493,27.597570041385115,0.190223589970719
0.8417721518987342,0.9936708860759493,27.544180449774924,0.19026771567780706
0.879746835443038,0.9936708860759493,27.49531613916569,0.1903408983428272
0.9177215189873418,0.9936708860759493,27.464950321007112,0.19037123380333068
0.9556962025316456,0.9936708860759493,27.43284804240444,0.19041876456749557
0.9936708860759493,0.9936708860759493,27.379417086276028,0.19044839199512306
1.0316455696202533,0.9936708860759493,27.359956664528728,0.19055312165072272
1.0696202531645569,0.9936708860759493,27.350213066094366,0.1904691976483556
1.1075949367088609,0.9936708860759493,27.347173196123542,0.1904943385240574
1.1455696202531644,0.9936708860759493,27.33854097430315,0.19081120477680621
1.2215189873417722,0.9936708860759493,27.36454261690113,0.19399387712682045
1.1835443037974684,0.9936708860759493,27.361165598840014,0.1933346873937588
1.259493670886076,0.9936708860759493,27.342677026787,0.19401788876999557
1.2974683544303798,0.9936708860759493,27.33085695379325,0.19391895781646665
1.3354430379746836,0.9936708860759493,27.299835786985067,0.19395853575738767
1.4113924050632911,0.9936708860759493,27.231058349779698,0.19396568288181143
1.3734177215189873,0.9936708860759493,27.27716154294571,0.19398265663772296
1.449367088607595,0.9936708860759493,27.184618755347234,0.19395978692939156
1.4873417721518987,0.9936708860759493,27.14541631740085,0.19398844654324934
1.5253164556962027,0.9936708860759493,27.03143578214931,0.194231392309725
1.6012658227848102,0.9936708860759493,26.744736158673447,0.19500958751866612
1.5632911392405064,0.9936708860759493,26.82445700255326,0.19483173093828743
1.639240506329114,0.9936708860759493,26.66648411885173,0.19539005586289124
1.6772151898734178,0.9936708860759493,26.59979207136455,0.1960429213149224
1.7151898734177216,0.9936708860759493,26.507819815004666,0.19656204951403022
1.7531645569620253,0.9936708860759493,26.423533058185008,0.19713013180796177
1.7911392405063291,0.9936708860759493,26.33339441710273,0.19821930516998307
1.8291139240506329,0.9936708860759493,26.267532510421805,0.19935944119174917
1.8670886075949367,0.9936708860759493,26.49400945733028,0.21291393334309683
1.9050632911392404,0.9936708860759493,27.593417832737078,0.27152583218978804
1.9430379746835444,0.9936708860759493,29.414584372986024,0.3658991950329558
1.9810126582278482,0.9936708860759493,29.99635013436664,0.3954291330508345
2.018987341772152,0.9936708860759493,30.546214860054842,0.42271630865773735
2.056962025316456,0.9936708860759493,31.228354785919958,0.4559040748288429
2.0949367088607596,0.9936708860759493,31.550316401664357,0.4713137310648014
2.132911392405063,0.9936708860759493,31.9017936100171,0.4878188646490489
2.170886075949367,0.9936708860759493,32.79943787051465,0.5290699947002253
2.2468354430379747,0.9936708860759493,34.02300634279732,0.5840139962612116
2.2848101265822782,0.9936708860759493,34.430774942198454,0.6018848091303356
2.208860759493671,0.9936708860759493,33.48290531533937,0.5599968800953168
2.3227848101265822,0.9936708860759493,34.862250868936655,0.6204186578364973
2.3607594936708862,0.9936708860759493,35.11420351734318,0.6313045631027884
2.39873417721519,0.9936708860759493,35.2701787583941,0.6381883448748347
2.4367088607594938,0.9936708860759493,35.362556196697334,0.6420701676011192
2.5126582278481013,0.9936708860759493,36.13772740033305,0.6736629622751278
2.4746835443037973,0.9936708860759493,35.54448390625356,0.6495072981715975
2.588607594936709,0.9936708860759493,36.53073275942813,0.6889865047819064
2.5506329113924053,0.9936708860759493,36.392879294314476,0.6836532889521213
2.626582278481013,0.9936708860759493,36.710902182801874,0.6958491178023656
2.7025316455696204,0.9936708860759493,36.809698488077075,0.6996434592858822
2.6645569620253164,0.9936708860759493,36.78348274357489,0.6986167222279044
2.778481012658228,0.9936708860759493,36.84964881428641,0.7012623164453888
2.740506329113924,0.9936708860759493,36.83161903865182,0.7005428679978132
2.8544303797468356,0.9936708860759493,36.865001695121656,0.70194381561542
2.8164556962025316,0.9936708860759493,36.85936947931468,0.7016891126874024
2.892405063291139,0.9936708860759493,36.870798601093995,0.702204147550589
2.930379746835443,0.9936708860759493,36.87601246524367,0.7024309624918731
2.968354430379747,0.9936708860759493,36.88047358608223,0.7026440605522986
3.0063291139240507,0.9936708860759493,36.88510833545869,0.7028543777814259
3.0443037974683547,0.9936708860759493,36.8895898682032,0.7030583935105041
3.0822784810126582,0.9936708860759493,36.89457947352583,0.7032889471554707
3.1202531645569622,0.9936708860759493,36.89967216230924,0.7035209731553853
3.1582278481012658,0.9936708860759493,36.904123937744174,0.7037176629266525
3.1962025316455698,0.9936708860759493,36.90883309887741,0.7039251942571517
3.2721518987341773,0.9936708860759493,36.917615792537816,0.7043211576710804
3.2341772151898733,0.9936708860759493,36.91328826909911,0.7041278126304981
3.310126582278481,0.9936708860759493,36.92289083831522,0.7045523225088056
3.4620253164556964,0.9936708860759493,36.938509002310816,0.7052488961363276
3.4240506329113924,0.9936708860759493,36.934013604178,0.7050446275708969
3.386075949367089,0.9936708860759493,36.92962978416199,0.7048479761211827
3.5,0.9936708860759493,36.94148604058918,0.705376871397014
3.348101265822785,0.9936708860759493,36.925414137986486,0.7046654289975434
0.5,1.0316455696202533,27.62549585171567,0.19021948299901442
0.5379746835443038,1.0316455696202533,27.625942221631913,0.19030703169285948
0.5759493670886076,1.0316455696202533,27.622836524010403,0.19021129429717204
0.6139240506329113,1.0316455696202533,27.623335295149044,0.19029644729346493
0.689873417721519,1.0316455696202533,27.617725672097862,0.1901771098259258
0.6518987341772152,1.0316455696202533,27.62073194829654,0.1902710438557859
0.7278481012658228,1.0316455696202533,27.613840583638193,0.19029641811101294
0.8037974683544304,1.0316455696202533,27.597570041385115,0.190223589970719
0.7658227848101267,1.0316455696202533,27.60894596288297,0.19025364796880334
0.879746835443038,1.0316455696202533,27.49531613916569,0.1903408983428272
0.8417721518987342,1.0316455696202533,27.544180449774924,0.19026771567780706
0.9936708860759493,1.0316455696202533,27.379417086276028,0.19044839199512306
0.9177215189873418,1.0316455696202533,27.464950321007112,0.19037123380333068
0.9556962025316456,1.0316455696202533,27.43284804240444,0.19041876456749557
1.1075949367088609,1.0316455696202533,27.361137607436184,0.19196675908738486
1.1455696202531644,1.0316455696202533,27.365704383742127,0.19337567049565818
1.0316455696202533,1.0316455696202533,27.359991883016153,0.19055660021599946
1.0696202531645569,1.0316455696202533,27.350320540915455,0.19047957038391486
1.1835443037974684,1.0316455696202533,27.366134432008668,0.19388264102982325
1.2215189873417722,1.0316455696202533,27.363666997468908,0.19394912999136504
1.259493670886076,1.0316455696202533,27.341747527498185,0.19396791818040587
1.2974683544303798,1.0316455696202533,27.33101609192517,0.19393276463498418
1.3354430379746836,1.0316455696202533,27.29963447092624,0.19405385105526515
1.3734177215189873,1.0316455696202533,27.27437916140215,0.19398358876537497
1.449367088607595,1.0316455696202533,27.185691767696902,0.19405878847278976
1.4113924050632911,1.0316455696202533,27.22881371215507,0.19402463624325952
1.4873417721518987,1.0316455696202533,27.144849779947545,0.19399714391546338
1.5253164556962027,1.0316455696202533,27.02967316609384,0.19420955891261732
1.6012658227848102,1.0316455696202533,26.742016415489232,0.19499362922390817
1.5632911392405064,1.0316455696202533,26.822273733832198,0.19478687453595386
1.639240506329114,1.0316455696202533,26.663253989293494,0.1953374198060542
1.6772151898734178,1.0316455696202533,26.596370112060743,0.1960703151216249
1.7151898734177216,1.0316455696202533,26.501139168994648,0.19654954860693163
1.7531645569620253,1.0316455696202533,26.417529968529788,0.19721766763139006
1.7911392405063291,1.0316455696202533,26.327571670586977,0.19834097580582527
1.8291139240506329,1.0316455696202533,26.25945677278364,0.1994302571678511
1.8670886075949367,1.0316455696202533,26.506999440646894,0.21414008647081395
1.9050632911392404,1.0316455696202533,27.60641824893537,0.2727435642197911
1.9430379746835444,1.0316455696202533,29.42625118304815,0.3669794134679162
2.018987341772152,1.0316455696202533,30.556257116953137,0.42364143422830497
1.9810126582278482,1.0316455696202533,30.006776545105506,0.39639749036285343
2.056962025316456,1.0316455696202533,31.23837718727854,0.4568150294388329
2.0949367088607596,1.0316455696202533,31.56068868373264,0.4722252442137422
2.132911392405063,1.0316455696202533,31.917971302914513,0.48902444943532614
2.170886075949367,1.0316455696202533,32.81138216528689,0.5300271170652222
2.208860759493671,1.0316455696202533,33.49415371710366,0.5609009441514804
2.2848101265822782,1.0316455696202533,34.44071029792777,0.6026892670984402
2.2468354430379747,1.0316455696202533,34.0341369261606,0.5848978261368524
2.3227848101265822,1.0316455696202533,34.87661686018678,0.6214330195244425
2.3607594936708862,1.0316455696202533,35.166715809856775,0.6341739362723796
2.39873417721519,1.0316455696202533,35.281156956667836,0.6390150479374348
2.4367088607594938,1.0316455696202533,35.37280013211673,0.6428449869153369
2.4746835443037973,1.0316455696202533,35.58091677900232,0.6515068663941277
2.5126582278481013,1.0316455696202533,36.14680233164064,0.6743698200119428
2.588607594936709,1.0316455696202533,36.54002724908829,0.6897013352852489
2.5506329113924053,1.0316455696202533,36.400934684851386,0.6843102314327372
2.626582278481013,1.0316455696202533,36.719845480255486,0.696538389469887
2.6645569620253164,1.0316455696202533,36.79315825311646,0.6993331030983495
2.740506329113924,1.0316455696202533,36.83974514658093,0.7011494228894061
2.7025316455696204,1.0316455696202533,36.81868690549738,0.7003199148862128
2.778481012658228,1.0316455696202533,36.85724890517865,0.7018308468838715
2.8164556962025316,1.0316455696202533,36.86594603692036,0.7021865405318162
2.8544303797468356,1.0316455696202533,36.87145707014765,0.7024218827586242
2.892405063291139,1.0316455696202533,36.87683910668436,0.7026534086193336
2.930379746835443,1.0316455696202533,36.88267806068898,0.7029125475947421
2.968354430379747,1.0316455696202533,36.88670273434031,0.703095830347776
3.0063291139240507,1.0316455696202533,36.89126585927913,0.703299014829338
3.0443037974683547,1.0316455696202533,36.89665395569328,0.7035427804842235
3.0822784810126582,1.0316455696202533,36.90114331556386,0.7037373593571661
3.1202531645569622,1.0316455696202533,36.90556803776033,0.7039330844989479
3.1582278481012658,1.0316455696202533,36.911108625470455,0.7041788697039761
3.1962025316455698,1.0316455696202533,36.915564466875686,0.7043754020450747
3.2341772151898733,1.0316455696202533,36.91957250461138,0.7045479298277966
3.2721518987341773,1.0316455696202533,36.92374026337428,0.7047280233631058
3.310126582278481,1.0316455696202533,36.92785061704788,0.7049046503963089
3.348101265822785,1.0316455696202533,36.93134921801602,0.705060647193115
3.386075949367089,1.0316455696202533,36.936842336256134,0.7052994695004264
3.4620253164556964,1.0316455696202533,36.94446553941088,0.705636692954908
3.4240506329113924,1.0316455696202533,36.9411258356585,0.7054871438886381
3.5,1.0316455696202533,36.947761378414725,0.7057790037825903
0.5,1.0696202531645569,27.62549585171567,0.19021948299901442
0.5379746835443038,1.0696202531645569,27.625942221631913,0.19030703169285948
0.5759493670886076,1.0696202531645569,27.622836524010403,0.19021129429717204
0.6139240506329113,1.0696202531645569,27.623335295149044,0.19029644729346493
0.6518987341772152,1.0696202531645569,27.62073194829654,0.1902710438557859
0.689873417721519,1.0696202531645569,27.617725672097862,0.1901771098259258
0.7278481012658228,1.0696202531645569,27.613840583638193,0.19029641811101294
0.8037974683544304,1.0696202531645569,27.597570041385115,0.190223589970719
0.7658227848101267,1.0696202531645569,27.60894596288297,0.19025364796880334
0.8417721518987342,1.0696202531645569,27.544180449774924,0.19026771567780706
0.9556962025316456,1.0696202531645569,27.43284804240444,0.19041876456749557
0.879746835443038,1.0696202531645569,27.49531613916569,0.1903408983428272
0.9177215189873418,1.0696202531645569,27.464950321007112,0.19037123380333068
1.0696202531645569,1.0696202531645569,27.379235913038897,0.19323648605366453
0.9936708860759493,1.0696202531645569,27.37955371530146,0.19046157630524854
1.0316455696202533,1.0696202531645569,27.37754429006479,0.19223504401720334
1.1075949367088609,1.0696202531645569,27.370117863779534,0.19452213010545163
1.1455696202531644,1.0696202531645569,27.365498996060495,0.19488000733532185
1.1835443037974684,1.0696202531645569,27.3604223118178,0.1948767626515884
1.2215189873417722,1.0696202531645569,27.356330356455935,0.19490889132900951
1.259493670886076,1.0696202531645569,27.33865988819629,0.19494337608143028
1.2974683544303798,1.0696202531645569,27.32646731417431,0.19495793238381673
1.3354430379746836,1.0696202531645569,27.29245779585202,0.19498290998149623
1.3734177215189873,1.0696202531645569,27.267886722879684,0.19496584121514896
1.4113924050632911,1.0696202531645569,27.22102076207633,0.1949236178063086
1.449367088607595,1.0696202531645569,27.178066235908027,0.19495933743772798
1.4873417721518987,1.0696202531645569,27.139732978678676,0.19498206282145913
1.6012658227848102,1.0696202531645569,26.730341360370108,0.1958570387997628
1.5253164556962027,1.0696202531645569,27.020839149015725,0.195157858898466
1.5632911392405064,1.0696202531645569,26.81190211580299,0.19565784972533828
1.639240506329114,1.0696202531645569,26.64859024133743,0.19584294860491477
1.6772151898734178,1.0696202531645569,26.576149013069287,0.19647817663784975
1.7151898734177216,1.0696202531645569,26.482121747079194,0.1969066446624702
1.7531645569620253,1.0696202531645569,26.394493082099096,0.19736515544336977
1.7911392405063291,1.0696202531645569,26.30494843328354,0.19853201378279428
1.8291139240506329,1.0696202531645569,26.23601256965629,0.19959977086507738
1.8670886075949367,1.0696202531645569,26.53854020990205,0.21717146743213667
1.9050632911392404,1.0696202531645569,27.63793234975018,0.27575097147449246
1.9430379746835444,1.0696202531645569,29.458150671106594,0.36997914129398934
1.9810126582278482,1.0696202531645569,30.038522398769974,0.3993725196961936
2.018987341772152,1.0696202531645569,30.588728083382055,0.4266539771405924
2.056962025316456,1.0696202531645569,31.270341310517757,0.45978780533853997
2.0949367088607596,1.0696202531645569,31.59378034898857,0.4752554081606488
2.132911392405063,1.0696202531645569,31.95280740061006,0.49214075293025106
2.208860759493671,1.0696202531645569,33.527268536453285,0.5639128297910381
2.170886075949367,1.0696202531645569,32.84501745678412,0.5330735184596874
2.2468354430379747,1.0696202531645569,34.07134683347565,0.5881046798151475
2.2848101265822782,1.0696202531645569,34.47502127997849,0.6057531267685606
2.3227848101265822,1.0696202531645569,34.92889572957985,0.6253722039836204
2.3607594936708862,1.0696202531645569,35.2023752739224,0.6372884398419469
2.4367088607594938,1.0696202531645569,35.41215373600921,0.6461187298830736
2.39873417721519,1.0696202531645569,35.316728286218435,0.6421144911927578
2.4746835443037973,1.0696202531645569,35.61643111546605,0.6545946956559295
2.5126582278481013,1.0696202531645569,36.17985635672527,0.6773394082773642
2.5506329113924053,1.0696202531645569,36.43412749912137,0.6872838350110585
2.588607594936709,1.0696202531645569,36.57260632327197,0.6926410242317359
2.6645569620253164,1.0696202531645569,36.82514504678902,0.7022365904170861
2.7025316455696204,1.0696202531645569,36.8528696275155,0.703320118597364
2.740506329113924,1.0696202531645569,36.87251790364711,0.7040799418124527
2.626582278481013,1.0696202531645569,36.75338683833209,0.6995155365033966
2.778481012658228,1.0696202531645569,36.88950981097715,0.7047358542258219
2.8164556962025316,1.0696202531645569,36.897559294163905,0.7050613188029138
2.892405063291139,1.0696202531645569,36.90946085137669,0.7055731251239556
2.8544303797468356,1.0696202531645569,36.903700953513194,0.7053244930192583
3.0063291139240507,1.0696202531645569,36.92486781543995,0.7062575278994907
3.0822784810126582,1.0696202531645569,36.93426530561611,0.7066704060952446
2.930379746835443,1.0696202531645569,36.915158103575465,0.7058261520920822
3.0443037974683547,1.0696202531645569,36.92955606627872,0.7064655974186975
2.968354430379747,1.0696202531645569,36.919174675220994,0.7060038587416364
3.1202531645569622,1.0696202531645569,36.939313946953604,0.7068952053456147
3.1582278481012658,1.0696202531645569,36.944222788241824,0.7071077380621292
3.1962025316455698,1.0696202531645569,36.9479967830149,0.7072653577145347
3.2341772151898733,1.0696202531645569,36.95200214050437,0.7074415309285591
3.2721518987341773,1.0696202531645569,36.95629817992636,0.7076199600578277
3.310126582278481,1.0696202531645569,36.96063689762683,0.707811927547309
3.386075949367089,1.0696202531645569,36.97003090964963,0.7082219773457706
3.348101265822785,1.0696202531645569,36.96609820429578,0.7080535286198134
3.4240506329113924,1.0696202531645569,36.97392270525659,0.7083950449038727
3.4620253164556964,1.0696202531645569,36.9771990676527,0.7085388689684484
3.5,1.0696202531645569,36.98053054542581,0.7086834746556376
0.5,1.1075949367088609,27.62549585171567,0.19021948299901442
0.5379746835443038,1.1075949367088609,27.625942221631913,0.19030703169285948
0.5759493670886076,1.1075949367088609,27.622836524010403,0.19021129429717204
0.6139240506329113,1.1075949367088609,27.623335295149044,0.19029644729346493
0.689873417721519,1.1075949367088609,27.617725672097862,0.1901771098259258
0.6518987341772152,1.1075949367088609,27.62073194829654,0.1902710438557859
0.7278481012658228,1.1075949367088609,27.613840583638193,0.19029641811101294
0.7658227848101267,1.1075949367088609,27.60894596288297,0.19025364796880334
0.8037974683544304,1.1075949367088609,27.597570041385115,0.190223589970719
0.8417721518987342,1.1075949367088609,27.544180449774924,0.19026771567780706
0.879746835443038,1.1075949367088609,27.49545276819112,0.19035408295528933
0.9177215189873418,1.1075949367088609,27.48594023721654,0.19237318641177673
0.9936708860759493,1.1075949367088609,27.415734724902965,0.19389904993395887
0.9556962025316456,1.1075949367088609,27.462427245759983,0.19323099237380667
1.0316455696202533,1.1075949367088609,27.402623872422474,0.1951731593319738
1.0696202531645569,1.1075949367088609,27.38228811887853,0.19534463400999816
1.1075949367088609,1.1075949367088609,27.376207732627623,0.19566633768045644
1.1455696202531644,1.1075949367088609,27.372218683914227,0.19568235466183825
1.1835443037974684,1.1075949367088609,27.368510462206743,0.1956999626088842
1.2215189873417722,1.1075949367088609,27.364518374284383,0.1956723718667853
1.259493670886076,1.1075949367088609,27.34531496235151,0.19567119317325798
1.2974683544303798,1.1075949367088609,27.33441802175638,0.19572669094569875
1.3354430379746836,1.1075949367088609,27.298951356342787,0.1957097154047781
1.3734177215189873,1.1075949367088609,27.275828669830055,0.19573354537022394
1.4113924050632911,1.1075949367088609,27.229316103596258,0.1957273082920712
1.449367088607595,1.1075949367088609,27.184420845796453,0.19568093290435828
1.4873417721518987,1.1075949367088609,27.147805405522824,0.1957346516074648
1.5253164556962027,1.1075949367088609,27.028861913234262,0.19590017043524505
1.5632911392405064,1.1075949367088609,26.817167490064396,0.1962325293661663
1.6012658227848102,1.1075949367088609,26.73465091850537,0.19637901974847638
1.639240506329114,1.1075949367088609,26.654300269036828,0.19640469443498754
1.6772151898734178,1.1075949367088609,26.582003455392925,0.1970190628733256
1.7151898734177216,1.1075949367088609,26.483341827590312,0.19708613296649552
1.7531645569620253,1.1075949367088609,26.395283597675455,0.19749030385399322
1.7911392405063291,1.1075949367088609,26.305707177161224,0.19865464246733894
1.8291139240506329,1.1075949367088609,26.235536090754913,0.19966035540151345
1.8670886075949367,1.1075949367088609,26.539963848310737,0.21728834354466212
1.9050632911392404,1.1075949367088609,27.63949830284446,0.2758733570597123
1.9810126582278482,1.1075949367088609,30.040569767686996,0.39952288778332656
1.9430379746835444,1.1075949367088609,29.459635680753657,0.37009659712194237
2.018987341772152,1.1075949367088609,30.590365959684295,0.42677988668850647
2.056962025316456,1.1075949367088609,31.27245472299131,0.4599381808126736
2.0949367088607596,1.1075949367088609,31.597635807663217,0.47549726254729296
2.132911392405063,1.1075949367088609,31.956179276735316,0.4923544096748607
2.208860759493671,1.1075949367088609,33.53312223677804,0.5642523158909944
2.170886075949367,1.1075949367088609,32.84786404314401,0.5332588492190211
2.2468354430379747,1.1075949367088609,34.077313072267856,0.5884487612835191
2.2848101265822782,1.1075949367088609,34.4791962359718,0.6060052695519698
2.3227848101265822,1.1075949367088609,34.93464711203666,0.6256984027282488
2.3607594936708862,1.1075949367088609,35.207218971064336,0.6375648917956814
2.39873417721519,1.1075949367088609,35.3226893548377,0.6424486737934637
2.4367088607594938,1.1075949367088609,35.42329058435658,0.6466977776043417
2.4746835443037973,1.1075949367088609,35.68297229137659,0.6577502614450863
2.5126582278481013,1.1075949367088609,36.18606181163681,0.6776843317925377
2.5506329113924053,1.1075949367088609,36.437936648801696,0.6875141595423336
2.588607594936709,1.1075949367088609,36.5759299559608,0.6928408935193655
2.626582278481013,1.1075949367088609,36.75813201546921,0.6997830136574132
2.6645569620253164,1.1075949367088609,36.82956201465328,0.7024910161046801
2.7025316455696204,1.1075949367088609,36.856420511926245,0.7035278918531715
2.778481012658228,1.1075949367088609,36.89319722737318,0.7049506999449893
2.740506329113924,1.1075949367088609,36.87672926807288,0.7043191678834066
2.8164556962025316,1.1075949367088609,36.90177104530586,0.7053010119374057
2.8544303797468356,1.1075949367088609,36.90804162683917,0.7055682316556041
2.892405063291139,1.1075949367088609,36.914810953361965,0.7058664936255632
2.930379746835443,1.1075949367088609,36.918658736430324,0.7060355576505657
2.968354430379747,1.1075949367088609,36.924587690811094,0.70629993625086
3.0443037974683547,1.1075949367088609,36.93354599038545,0.7066996352779842
3.0063291139240507,1.1075949367088609,36.92990543952659,0.7065423455531187
3.0822784810126582,1.1075949367088609,36.93860314015172,0.7069207746060833
3.1202531645569622,1.1075949367088609,36.94402637262535,0.7071532787660239
3.1582278481012658,1.1075949367088609,36.94758330566424,0.7073052800582716
3.1962025316455698,1.1075949367088609,36.952677824170394,0.7075277088827565
3.2341772151898733,1.1075949367088609,36.95700535912664,0.7077147430125958
3.2721518987341773,1.1075949367088609,36.961871478547835,0.707925260411669
3.310126582278481,1.1075949367088609,36.966198536304795,0.7081155583178855
3.348101265822785,1.1075949367088609,36.9707201567057,0.7083141229193328
3.386075949367089,1.1075949367088609,36.975113234005505,0.7085023939461397
3.4240506329113924,1.1075949367088609,36.978328694877916,0.7086433602042883
3.4620253164556964,1.1075949367088609,36.98232269686406,0.7088216336616935
0.5,1.1455696202531644,27.62549585171567,0.19021948299901442
3.5,1.1075949367088609,36.987794007800055,0.7090695225017205
0.5379746835443038,1.1455696202531644,27.625942221631913,0.19030703169285948
0.5759493670886076,1.1455696202531644,27.622836524010403,0.19021129429717204
0.6139240506329113,1.1455696202531644,27.623335295149044,0.19029644729346493
0.6518987341772152,1.1455696202531644,27.62073194829654,0.1902710438557859
0.689873417721519,1.1455696202531644,27.617725672097862,0.1901771098259258
0.7278481012658228,1.1455696202531644,27.614152015438936,0.19032579199700042
0.7658227848101267,1.1455696202531644,27.619101958466416,0.19118077317003926
0.8037974683544304,1.1455696202531644,27.644946434628014,0.1945617718440682
0.8417721518987342,1.1455696202531644,27.601249705080342,0.19548704119618973
0.879746835443038,1.1455696202531644,27.564913400340767,0.1966878116725353
0.9177215189873418,1.1455696202531644,27.548061476333086,0.1979928616105499
0.9556962025316456,1.1455696202531644,27.50587149589278,0.19821277776730714
0.9936708860759493,1.1455696202531644,27.42277672745144,0.19822310934331516
1.0696202531645569,1.1455696202531644,27.37498661480695,0.198175612065133
1.0316455696202533,1.1455696202531644,27.392431945033902,0.1982491526694221
1.1075949367088609,1.1455696202531644,27.372053266631433,0.19822047896557812
1.1455696202531644,1.1455696202531644,27.36595268802344,0.19824250171011049
1.1835443037974684,1.1455696202531644,27.361699771300422,0.1982426549254689
1.259493670886076,1.1455696202531644,27.343650329763992,0.19826926049979213
1.2215189873417722,1.1455696202531644,27.35846147205092,0.19823902696099466
1.2974683544303798,1.1455696202531644,27.327615190621007,0.19833516377369886
1.3354430379746836,1.1455696202531644,27.29179269414679,0.19828165604910264
1.3734177215189873,1.1455696202531644,27.267327165389673,0.19834810378326184
1.4113924050632911,1.1455696202531644,27.221155259004505,0.19823812928090095
1.449367088607595,1.1455696202531644,27.17655872618313,0.19826689361413435
1.4873417721518987,1.1455696202531644,27.1455405751078,0.1983163086077252
1.5253164556962027,1.1455696202531644,27.016162140162777,0.19833760537285294
1.5632911392405064,1.1455696202531644,26.801808896409355,0.19830282593293977
1.6012658227848102,1.1455696202531644,26.710886714004182,0.19832123693472026
1.639240506329114,1.1455696202531644,26.63748728407846,0.19832513074418864
1.7151898734177216,1.1455696202531644,26.4481912632204,0.19837764798833837
1.6772151898734178,1.1455696202531644,26.547732202292696,0.19837224537454642
1.7531645569620253,1.1455696202531644,26.36690812892751,0.19877915575150013
1.7911392405063291,1.1455696202531644,26.270719725629043,0.19972396982432564
1.8291139240506329,1.1455696202531644,26.18566442097696,0.19968234996254744
1.8670886075949367,1.1455696202531644,26.606662687460776,0.2233121463455624
1.9050632911392404,1.1455696202531644,27.707343021106823,0.2819184727801498
1.9430379746835444,1.1455696202531644,29.528435192770758,0.3761536330519614
1.9810126582278482,1.1455696202531644,30.1091662406622,0.40555800573198847
2.018987341772152,1.1455696202531644,30.659527493920073,0.432835874372949
2.056962025316456,1.1455696202531644,31.34265559884988,0.46605013150926733
2.0949367088607596,1.1455696202531644,31.674607610859027,0.48196474512485754
2.132911392405063,1.1455696202531644,32.02889412403872,0.498588403559815
2.170886075949367,1.1455696202531644,32.91984980062266,0.5394488043583596
2.208860759493671,1.1455696202531644,33.60461159096977,0.5704077727472437
2.2468354430379747,1.1455696202531644,34.149340835228514,0.5946241048660361
2.2848101265822782,1.1455696202531644,34.55522494030079,0.6123775857155518
2.3227848101265822,1.1455696202531644,35.05060986449217,0.6340218322707011
2.3607594936708862,1.1455696202531644,35.28191121490527,0.6438664137003187
2.39873417721519,1.1455696202531644,35.3966446370586,0.6487101800831497
2.4367088607594938,1.1455696202531644,35.522744904781945,0.6541591593417421
2.4746835443037973,1.1455696202531644,35.75435521494181,0.6638917104115986
2.5126582278481013,1.1455696202531644,36.257159728722435,0.6837976093288983
2.5506329113924053,1.1455696202531644,36.50923173773216,0.6936401929082155
2.588607594936709,1.1455696202531644,36.6487657966333,0.6990341176117714
2.6645569620253164,1.1455696202531644,36.901415834702256,0.7086323415342027
2.626582278481013,1.1455696202531644,36.82966403187032,0.7059181318613373
2.7025316455696204,1.1455696202531644,36.92845700913707,0.7096785539247331
2.740506329113924,1.1455696202531644,36.948262349634476,0.710448736943393
2.8164556962025316,1.1455696202531644,36.974023854889865,0.7114655322291227
2.778481012658228,1.1455696202531644,36.96486930219405,0.7110878853414646
2.8544303797468356,1.1455696202531644,36.980476091560156,0.7117362560237529
2.892405063291139,1.1455696202531644,36.986930749464975,0.7120190205013756
2.968354430379747,1.1455696202531644,36.99775795857793,0.7125052311017459
2.930379746835443,1.1455696202531644,36.99200772581174,0.7122516192219391
3.0063291139240507,1.1455696202531644,37.0015364664912,0.7126741434246641
3.0443037974683547,1.1455696202531644,37.006968980272624,0.7129101085628303
3.0822784810126582,1.1455696202531644,37.01107753126607,0.7130834724691537
3.1202531645569622,1.1455696202531644,37.015928240957116,0.7132933325521358
3.1582278481012658,1.1455696202531644,37.02097729618713,0.7135154323523607
3.1962025316455698,1.1455696202531644,37.025579664972845,0.7137163166997382
3.2341772151898733,1.1455696202531644,37.02992633703095,0.7138986662706732
3.2721518987341773,1.1455696202531644,37.03562097425707,0.7141523766460737
3.310126582278481,1.1455696202531644,37.03952306120493,0.7143241495760484
3.348101265822785,1.1455696202531644,37.0435761740139,0.7144953539926415
3.386075949367089,1.1455696202531644,37.04743119133979,0.7146629613306524
3.4620253164556964,1.1455696202531644,37.05751493280096,0.7151152972058573
3.4240506329113924,1.1455696202531644,37.052269746206996,0.7148775902692157
3.5,1.1455696202531644,37.06135670146858,0.7152908395335793
0.5,1.1835443037974684,27.63547542539923,0.19113132313679346
0.5379746835443038,1.1835443037974684,27.668600431903855,0.19420918204193569
0.5759493670886076,1.1835443037974684,27.67938302939344,0.1953865577832928
0.6139240506329113,1.1835443037974684,27.69207916449087,0.19656911051539358
0.6518987341772152,1.1835443037974684,27.69716269790251,0.19738393423101866
0.689873417721519,1.1835443037974684,27.705002770173916,0.19808361070298097
0.7278481012658228,1.1835443037974684,27.699212163017606,0.19809432519563008
0.7658227848101267,1.1835443037974684,27.694862161380296,0.19811689346000266
0.8037974683544304,1.1835443037974684,27.682480755095188,0.1980719142997306
0.8417721518987342,1.1835443037974684,27.632130473670653,0.1983076541995283
0.879746835443038,1.1835443037974684,27.581150781191848,0.19832633584893195
0.9177215189873418,1.1835443037974684,27.540604274897298,0.1983363719134376
0.9556962025316456,1.1835443037974684,27.45924792339666,0.19836752942865585
0.9936708860759493,1.1835443037974684,27.40278720413966,0.19840053141293224
1.0316455696202533,1.1835443037974684,27.381833919531402,0.19841055574903724
1.0696202531645569,1.1835443037974684,27.374924781682367,0.1984348767746432
1.1075949367088609,1.1835443037974684,27.365908696824448,0.1984535584577795
1.1455696202531644,1.1835443037974684,27.363814078725667,0.19845652692627216
1.1835443037974684,1.1835443037974684,27.36005080834917,0.19842504770976427
1.2215189873417722,1.1835443037974684,27.357432311979053,0.19844676696238348
1.259493670886076,1.1835443037974684,27.33884752730167,0.19830783666636262
1.2974683544303798,1.1835443037974684,27.323235105495314,0.19835558655977356
1.3354430379746836,1.1835443037974684,27.289798532753466,0.19846840152945108
1.3734177215189873,1.1835443037974684,27.262739861100638,0.19838445463823232
1.4113924050632911,1.1835443037974684,27.217614735975594,0.1983450389689127
1.449367088607595,1.1835443037974684,27.175207874291782,0.19845470395940018
1.4873417721518987,1.1835443037974684,27.142855664545188,0.1983912377765857
1.5253164556962027,1.1835443037974684,27.01052243164255,0.19839143722681132
1.5632911392405064,1.1835443037974684,26.796006332036555,0.198314528396233
1.6012658227848102,1.1835443037974684,26.703964320710355,0.19835593927492853
1.6772151898734178,1.1835443037974684,26.53827281038567,0.1984651318359388
1.639240506329114,1.1835443037974684,26.63204227322946,0.19846588633471374
1.7151898734177216,1.1835443037974684,26.433931734739314,0.19847601826968375
1.7531645569620253,1.1835443037974684,26.353946785013395,0.19881174491836884
1.7911392405063291,1.1835443037974684,26.257971943108437,0.19978403476102205
1.8291139240506329,1.1835443037974684,26.17106540412361,0.19984382986850635
1.8670886075949367,1.1835443037974684,26.633718238287408,0.2256596425821117
1.9050632911392404,1.1835443037974684,27.73487675701071,0.2842796183694174
1.9430379746835444,1.1835443037974684,29.556241546401264,0.37851189866323887
1.9810126582278482,1.1835443037974684,30.13704485723389,0.40791503251575123
2.018987341772152,1.1835443037974684,30.687290067744073,0.43518401075109053
2.056962025316456,1.1835443037974684,31.372427891404904,0.4685048415356971
2.0949367088607596,1.1835443037974684,31.70513618481915,0.4844585028877107
2.132911392405063,1.1835443037974684,32.059265486421474,0.5010676649350155
2.170886075949367,1.1835443037974684,32.950308357506906,0.5419303819252762
2.208860759493671,1.1835443037974684,33.63554621837229,0.5729065113113911
2.2468354430379747,1.1835443037974684,34.18049527621467,0.5971343325959401
2.2848101265822782,1.1835443037974684,34.60558716173953,0.6158334369535249
2.3227848101265822,1.1835443037974684,35.08471356529678,0.6366695173768452
2.3607594936708862,1.1835443037974684,35.31488298104464,0.6464621882273598
2.39873417721519,1.1835443037974684,35.43390835291627,0.651504098243019
2.4367088607594938,1.1835443037974684,35.55401255977494,0.6566560916166673
2.5126582278481013,1.1835443037974684,36.28670564439357,0.6862183578758343
2.4746835443037973,1.1835443037974684,35.78429587014653,0.6663280853891715
2.5506329113924053,1.1835443037974684,36.539423728711824,0.6960820300321858
2.588607594936709,1.1835443037974684,36.679299474250385,0.7014884507591583
2.626582278481013,1.1835443037974684,36.859995840696406,0.7083618436840112
2.6645569620253164,1.1835443037974684,36.9315423372166,0.7110666218118886
2.7025316455696204,1.1835443037974684,36.95899211631871,0.7121321478779762
2.740506329113924,1.1835443037974684,36.97839197123296,0.7128814198841361
2.778481012658228,1.1835443037974684,36.99454968582267,0.7135017614855926
2.8164556962025316,1.1835443037974684,37.00456486258143,0.7139238432092198
2.8544303797468356,1.1835443037974684,37.0116373635606,0.7142230004030861
2.930379746835443,1.1835443037974684,37.022742609253434,0.7147151093529407
2.892405063291139,1.1835443037974684,37.01707627863972,0.7144590147866878
2.968354430379747,1.1835443037974684,37.027196007551595,0.714909603048182
3.0063291139240507,1.1835443037974684,37.032660054094976,0.715151663310727
3.0443037974683547,1.1835443037974684,37.03633981731668,0.7153109847068155
3.0822784810126582,1.1835443037974684,37.042116417422456,0.7155621484589861
3.1202531645569622,1.1835443037974684,37.04666810836863,0.7157578251942832
3.1582278481012658,1.1835443037974684,37.05203591586269,0.7159876952404282
3.1962025316455698,1.1835443037974684,37.05632974208711,0.7161771379939769
3.2341772151898733,1.1835443037974684,37.06210039341561,0.7164251401278453
3.2721518987341773,1.1835443037974684,37.0666400936519,0.7166189802231583
3.310126582278481,1.1835443037974684,37.07068040804432,0.7167967438496096
3.348101265822785,1.1835443037974684,37.07536123675647,0.7170051136279424
3.386075949367089,1.1835443037974684,37.08087130001719,0.7172481388675894
3.4620253164556964,1.1835443037974684,37.08907161617686,0.717612304756534
3.4240506329113924,1.1835443037974684,37.08576239396591,0.717468273720017
3.5,1.1835443037974684,37.09253797598277,0.7177653348771967
0.5,1.2215189873417722,27.719544769356023,0.19842723074406496
0.5379746835443038,1.2215189873417722,27.720088310394672,0.19845395974368174
0.5759493670886076,1.2215189873417722,27.719157163548847,0.1985487081047191
0.6139240506329113,1.2215189873417722,27.716805434066487,0.19848394584772464
0.6518987341772152,1.2215189873417722,27.714337199653794,0.1986469443363681
0.7278481012658228,1.2215189873417722,27.70927224154089,0.19878674960980325
0.689873417721519,1.2215189873417722,27.713311001276352,0.19877442982743526
0.7658227848101267,1.2215189873417722,27.70498205684854,0.1987978566879367
0.8037974683544304,1.2215189873417722,27.6938565511932,0.19881851579023804
0.8417721518987342,1.2215189873417722,27.640946637581102,0.19883703079582637
0.879746835443038,1.2215189873417722,27.578693795340893,0.19886555336317907
0.9177215189873418,1.2215189873417722,27.49368952795534,0.19881200749363384
0.9556962025316456,1.2215189873417722,27.398089877871964,0.19884791654675651
0.9936708860759493,1.2215189873417722,27.369549316029087,0.19887701503975355
1.0316455696202533,1.2215189873417722,27.355292165112324,0.19894946504461486
1.0696202531645569,1.2215189873417722,27.341412055723318,0.19892345420450636
1.1455696202531644,1.2215189873417722,27.337961190340494,0.19894593151196255
1.1075949367088609,1.2215189873417722,27.339146012535988,0.1989497140326485
1.1835443037974684,1.2215189873417722,27.33408054493479,0.19886145832254234
1.2215189873417722,1.2215189873417722,27.331819380862623,0.198952208683957
1.259493670886076,1.2215189873417722,27.31009870966829,0.19892567710381537
1.2974683544303798,1.2215189873417722,27.291371282683816,0.19884422950350583
1.3354430379746836,1.2215189873417722,27.255699082028762,0.19888255571313204
1.3734177215189873,1.2215189873417722,27.229415408784647,0.19889707299957082
1.4113924050632911,1.2215189873417722,27.185752778518786,0.19886420675655786
1.449367088607595,1.2215189873417722,27.1465872901946,0.19886052856647926
1.4873417721518987,1.2215189873417722,27.115902429402908,0.198904180462375
1.5253164556962027,1.2215189873417722,26.972392227586802,0.19884893133050074
1.5632911392405064,1.2215189873417722,26.76421728676829,0.19886004163568
1.6012658227848102,1.2215189873417722,26.66794317066331,0.19898211835013843
1.639240506329114,1.2215189873417722,26.595801108736104,0.19884256759942134
1.6772151898734178,1.2215189873417722,26.492854154758252,0.19887334496883455
1.7151898734177216,1.2215189873417722,26.383379483136185,0.19897217292979377
1.7531645569620253,1.2215189873417722,26.30667259206365,0.19946841733718018
1.7911392405063291,1.2215189873417722,26.210322971807503,0.19989297065081518
1.8291139240506329,1.2215189873417722,26.12450468763294,0.2001073918745338
1.8670886075949367,1.2215189873417722,26.71613860599346,0.23256459289837503
1.9050632911392404,1.2215189873417722,27.81653023375611,0.2910935617920641
1.9430379746835444,1.2215189873417722,29.6380705389724,0.38528474551635866
1.9810126582278482,1.2215189873417722,30.2194218269682,0.4147084645234911
2.018987341772152,1.2215189873417722,30.770711324238615,0.44203056822932957
2.056962025316456,1.2215189873417722,31.456724914357164,0.47538671955177064
2.0949367088607596,1.2215189873417722,31.79052519410591,0.49139551059665104
2.132911392405063,1.2215189873417722,32.14402833233523,0.5079711692462331
2.170886075949367,1.2215189873417722,33.03583946349464,0.5488621124584879
2.2468354430379747,1.2215189873417722,34.26617792483516,0.604062339959835
2.208860759493671,1.2215189873417722,33.72247405184434,0.5799008213314804
2.2848101265822782,1.2215189873417722,34.692858418908216,0.6228333904704155
2.3227848101265822,1.2215189873417722,35.17069596740069,0.6435965418491997
2.3607594936708862,1.2215189873417722,35.402253367974545,0.653450121222455
2.39873417721519,1.2215189873417722,35.52465811036366,0.6586448644587294
2.4367088607594938,1.2215189873417722,35.70255551401342,0.6664845806446409
2.4746835443037973,1.2215189873417722,35.87077164955658,0.6732658262604582
2.5126582278481013,1.2215189873417722,36.37091669406136,0.6930403204721252
2.5506329113924053,1.2215189873417722,36.62458327650829,0.7029468769696071
2.588607594936709,1.2215189873417722,36.764249368602314,0.7083432228165908
2.626582278481013,1.2215189873417722,36.94486096352409,0.7152137320867137
2.6645569620253164,1.2215189873417722,37.01740163984848,0.7179602425261241
2.7025316455696204,1.2215189873417722,37.044537159758576,0.7190114215007345
2.740506329113924,1.2215189873417722,37.06374261873949,0.7197562218062079
2.778481012658228,1.2215189873417722,37.080475492176646,0.7203999291132201
2.8164556962025316,1.2215189873417722,37.09083149319537,0.7208332341934639
2.8544303797468356,1.2215189873417722,37.09721230206111,0.7211071014289133
2.892405063291139,1.2215189873417722,37.10391042116103,0.7213992644001844
2.930379746835443,1.2215189873417722,37.10820641138646,0.7215901422969457
3.0063291139240507,1.2215189873417722,37.117949368403806,0.7220142103620967
2.968354430379747,1.2215189873417722,37.112880521795525,0.7217962265266549
3.0443037974683547,1.2215189873417722,37.12260292970037,0.7222171651860336
3.0822784810126582,1.2215189873417722,37.12891280615238,0.7224935499592069
3.1202531645569622,1.2215189873417722,37.13266668799033,0.7226504056653669
3.1582278481012658,1.2215189873417722,37.137751540492694,0.7228679598928887
3.1962025316455698,1.2215189873417722,37.143958048474595,0.7231385751407439
3.2341772151898733,1.2215189873417722,37.14875544981639,0.723350044670659
3.2721518987341773,1.2215189873417722,37.15347140752483,0.7235580026144032
3.310126582278481,1.2215189873417722,37.15788481087699,0.7237493542544142
3.348101265822785,1.2215189873417722,37.162956185298476,0.7239688104034689
3.386075949367089,1.2215189873417722,37.16789705362021,0.7241865643167141
3.4240506329113924,1.2215189873417722,37.17155885458397,0.7243464960029888
3.5,1.2215189873417722,37.17813941263349,0.7246346583817532
3.4620253164556964,1.2215189873417722,37.17585262761135,0.7245350839915152
0.5,1.259493670886076,27.726325370903204,0.19884424744507168
0.5379746835443038,1.259493670886076,27.72534125618607,0.19887603546949886
0.6139240506329113,1.259493670886076,27.723158671710177,0.1989489616322778
0.5759493670886076,1.259493670886076,27.722875662237424,0.19887339555266448
0.6518987341772152,1.259493670886076,27.72107200408544,0.19896488118432204
0.689873417721519,1.259493670886076,27.717527236009975,0.19890762816853935
0.7278481012658228,1.259493670886076,27.713322773070953,0.19893606658516275
0.7658227848101267,1.259493670886076,27.70903551124357,0.1990268633385248
0.8037974683544304,1.259493670886076,27.70063875113753,0.19902574645002358
0.8417721518987342,1.259493670886076,27.63035608058189,0.19903234689094168
0.879746835443038,1.259493670886076,27.500232854718643,0.19886606676925717
0.9177215189873418,1.259493670886076,27.427849394790627,0.19899245961420392
0.9556962025316456,1.259493670886076,27.390416583021477,0.1990777987222282
0.9936708860759493,1.259493670886076,27.363164755957968,0.19899284157740468
1.0316455696202533,1.259493670886076,27.347617926744906,0.19891854794250108
1.0696202531645569,1.259493670886076,27.335478796740635,0.19894510070183025
1.1835443037974684,1.259493670886076,27.32903275865325,0.19898122916232747
1.1075949367088609,1.259493670886076,27.33263458804682,0.19894312281152926
1.1455696202531644,1.259493670886076,27.33143792984573,0.19895611976998367
1.2215189873417722,1.259493670886076,27.325174070859784,0.19899239258210472
1.259493670886076,1.259493670886076,27.303091052397086,0.19895268153779247
1.2974683544303798,1.259493670886076,27.287458124179427,0.1990160435121321
1.3354430379746836,1.259493670886076,27.250407549804596,0.19897912795399372
1.3734177215189873,1.259493670886076,27.22561136935052,0.19906227086096315
1.4113924050632911,1.259493670886076,27.1816342260689,0.19904947450725305
1.449367088607595,1.259493670886076,27.14329202817391,0.19907806766769784
1.4873417721518987,1.259493670886076,27.11060513446012,0.19903588713160064
1.5253164556962027,1.259493670886076,26.968966536855866,0.19911517759127
1.5632911392405064,1.259493670886076,26.758022621594346,0.19904897402757168
1.639240506329114,1.259493670886076,26.591474382956257,0.1990954696546772
1.6012658227848102,1.259493670886076,26.66129829593633,0.19910412263420996
1.6772151898734178,1.259493670886076,26.48732269645419,0.19911881369063464
1.7151898734177216,1.259493670886076,26.378077231316,0.19912810440479858
1.7531645569620253,1.259493670886076,26.297114894175824,0.1995545327848545
1.7911392405063291,1.259493670886076,26.20232401345881,0.19991561411655048
1.8291139240506329,1.259493670886076,26.116925998774306,0.20016796845090595
1.8670886075949367,1.259493670886076,26.731811834060775,0.23381392113634697
1.9050632911392404,1.259493670886076,27.832007445372387,0.29232332316941445
1.9430379746835444,1.259493670886076,29.653708095136754,0.38651640438437596
1.9810126582278482,1.259493670886076,30.235305125959,0.4159511602388243
2.018987341772152,1.259493670886076,30.788683533864454,0.44338406249055945
2.056962025316456,1.259493670886076,31.481491367260098,0.4771060543675957
2.0949367088607596,1.259493670886076,31.80900884978253,0.49277272903951136
2.132911392405063,1.259493670886076,32.1621563686592,0.5093294322827103
2.208860759493671,1.259493670886076,33.7454746863167,0.5814927040121268
2.2468354430379747,1.259493670886076,34.28926234697843,0.6056589044236316
2.170886075949367,1.259493670886076,33.054322858695144,0.5502325348582753
2.2848101265822782,1.259493670886076,34.75502269857888,0.6263412064539086
2.3227848101265822,1.259493670886076,35.19140016816286,0.6450661185849321
2.3607594936708862,1.259493670886076,35.42115087169048,0.6548286911782666
2.39873417721519,1.259493670886076,35.570352671140704,0.6612835696928092
2.4367088607594938,1.259493670886076,35.72075790972345,0.6678309017106956
2.4746835443037973,1.259493670886076,35.888196367571034,0.6745719744026674
2.5126582278481013,1.259493670886076,36.389731599966666,0.6944146811901856
2.5506329113924053,1.259493670886076,36.64327845917641,0.704313099762122
2.588607594936709,1.259493670886076,36.78320537931042,0.7097216810397441
2.626582278481013,1.259493670886076,36.96366923438918,0.7165899516773485
2.6645569620253164,1.259493670886076,37.035922209881214,0.7193183655201258
2.7025316455696204,1.259493670886076,37.063274926444606,0.7203787350243259
2.740506329113924,1.259493670886076,37.08243784175212,0.7211219743403634
2.778481012658228,1.259493670886076,37.09993485424827,0.7218020218137083
2.8164556962025316,1.259493670886076,37.10945111669356,0.7221916540476664
2.8544303797468356,1.259493670886076,37.1164076561497,0.7224874424036176
2.892405063291139,1.259493670886076,37.12233852804129,0.7227458517492428
2.930379746835443,1.259493670886076,37.127501855871316,0.7229746449069163
2.968354430379747,1.259493670886076,37.13247521618454,0.723192096320664
3.0063291139240507,1.259493670886076,37.13673330267918,0.7233797204775599
3.0443037974683547,1.259493670886076,37.1421595533792,0.7236130764370542
3.0822784810126582,1.259493670886076,37.14710365617397,0.7238274446668045
3.1202531645569622,1.259493670886076,37.1521570025472,0.7240419907910477
3.1582278481012658,1.259493670886076,37.15864688630034,0.7243263488983462
3.1962025316455698,1.259493670886076,37.163702488177876,0.724542340471939
3.2341772151898733,1.259493670886076,37.16826221228797,0.7247388301198032
3.2721518987341773,1.259493670886076,37.173785335473745,0.7249836108501205
3.386075949367089,1.259493670886076,37.1872695802547,0.7255677793358258
3.348101265822785,1.259493670886076,37.18371153596884,0.7254108604628833
3.310126582278481,1.259493670886076,37.17884075651321,0.7252055167058592
3.4240506329113924,1.259493670886076,37.19154537681956,0.7257556411308619
3.4620253164556964,1.259493670886076,37.194409988786724,0.725880741395837
0.5,1.2974683544303798,27.72585685718956,0.19896799174169386
3.5,1.259493670886076,37.198172408490784,0.726043618141435
0.5379746835443038,1.2974683544303798,27.724708725956873,0.1989858937422215
0.6139240506329113,1.2974683544303798,27.725213839486194,0.19900694183927153
0.5759493670886076,1.2974683544303798,27.72381165943177,0.19900323988875981
0.6518987341772152,1.2974683544303798,27.721236912363327,0.19900699157295199
0.689873417721519,1.2974683544303798,27.72177019385237,0.19906799693300842
0.7278481012658228,1.2974683544303798,27.713339724489995,0.19902443184238797
0.7658227848101267,1.2974683544303798,27.709598673140807,0.1990814443775472
0.8037974683544304,1.2974683544303798,27.683229594832504,0.1990883636490097
0.8417721518987342,1.2974683544303798,27.52933190830865,0.1989656150629689
0.879746835443038,1.2974683544303798,27.459986287058122,0.1990880929634795
0.9177215189873418,1.2974683544303798,27.422360835757612,0.19899115161597217
0.9556962025316456,1.2974683544303798,27.385269798560653,0.19908930902571984
0.9936708860759493,1.2974683544303798,27.361932615680914,0.19909912522403192
1.0316455696202533,1.2974683544303798,27.33504568379703,0.19904292621422176
1.0696202531645569,1.2974683544303798,27.331128493295783,0.1990424853086117
1.1075949367088609,1.2974683544303798,27.329685577766885,0.19908890426072684
1.1455696202531644,1.2974683544303798,27.32874756582839,0.19911776997021005
1.1835443037974684,1.2974683544303798,27.32569372840229,0.1991383338573494
1.2215189873417722,1.2974683544303798,27.320490573092854,0.19903809621943808
1.259493670886076,1.2974683544303798,27.301140797991675,0.19915822620918636
1.2974683544303798,1.2974683544303798,27.283987200721214,0.1991690080358124
1.3354430379746836,1.2974683544303798,27.245082309595887,0.19902186265046354
1.3734177215189873,1.2974683544303798,27.22035056503587,0.19912005921270057
1.4113924050632911,1.2974683544303798,27.175842666873827,0.19906491973622648
1.449367088607595,1.2974683544303798,27.137390924210585,0.19907089034312467
1.4873417721518987,1.2974683544303798,27.106695795416123,0.19913405028258932
1.6012658227848102,1.2974683544303798,26.65552590014427,0.1991285456512222
1.639240506329114,1.2974683544303798,26.586032577338635,0.19916141406235952
1.5253164556962027,1.2974683544303798,26.962290694826006,0.19914614837404257
1.6772151898734178,1.2974683544303798,26.479752296286737,0.19915887358513906
1.5632911392405064,1.2974683544303798,26.752318284046204,0.19918648511247145
1.7151898734177216,1.2974683544303798,26.371957881116103,0.1991690634917707
1.7911392405063291,1.2974683544303798,26.19382422390732,0.19988670522321067
1.7531645569620253,1.2974683544303798,26.290024899313817,0.1997078338673825
1.8291139240506329,1.2974683544303798,26.10977986843434,0.20024419411184285
1.8670886075949367,1.2974683544303798,26.748168830824895,0.23508796292175987
1.9050632911392404,1.2974683544303798,27.847662634443743,0.29354693894719314
1.9430379746835444,1.2974683544303798,29.670725424965305,0.3878080500399198
1.9810126582278482,1.2974683544303798,30.252824964347848,0.41726835609750285
2.018987341772152,1.2974683544303798,30.8070705988116,0.4447447937820414
2.056962025316456,1.2974683544303798,31.5002094455033,0.4784851657344202
2.0949367088607596,1.2974683544303798,31.82863398978382,0.49419937492499766
2.132911392405063,1.2974683544303798,32.18145321063857,0.5107334828916504
2.170886075949367,1.2974683544303798,33.07374889496977,0.5516409551842814
2.2468354430379747,1.2974683544303798,34.328917822698436,0.6080635450945683
2.208860759493671,1.2974683544303798,33.76623104023922,0.5829678397748519
2.2848101265822782,1.2974683544303798,34.776376916778396,0.6278378196474023
2.3227848101265822,1.2974683544303798,35.213729996510416,0.6466067629070231
2.3607594936708862,1.2974683544303798,35.45196852443527,0.6567696768576935
2.39873417721519,1.2974683544303798,35.61092041623596,0.6636687712292442
2.4367088607594938,1.2974683544303798,35.73995465062352,0.6692235501236015
2.4746835443037973,1.2974683544303798,35.908115816317434,0.6759948610624144
2.5126582278481013,1.2974683544303798,36.409464583613094,0.6958277713053997
2.5506329113924053,1.2974683544303798,36.6633495265296,0.7057404317818292
2.588607594936709,1.2974683544303798,36.80289118879123,0.7111312605474546
2.626582278481013,1.2974683544303798,36.98346878383165,0.7179957183419751
2.6645569620253164,1.2974683544303798,37.05641230861363,0.7207581043605812
2.7025316455696204,1.2974683544303798,37.08346443387713,0.7218123297472556
2.740506329113924,1.2974683544303798,37.10308799331969,0.7225687739987969
2.778481012658228,1.2974683544303798,37.11984915233975,0.7232120665018169
2.8164556962025316,1.2974683544303798,37.130537449199785,0.723655903785984
2.930379746835443,1.2974683544303798,37.147016585348865,0.724370953013302
2.8544303797468356,1.2974683544303798,37.13711195444293,0.7239322199851128
2.892405063291139,1.2974683544303798,37.142316550963876,0.7241609388659647
2.968354430379747,1.2974683544303798,37.15152666054846,0.7245640487212843
3.0063291139240507,1.2974683544303798,37.15725248357756,0.724811645694078
3.0443037974683547,1.2974683544303798,37.16208442428883,0.725018621196601
3.0822784810126582,1.2974683544303798,37.16850304089715,0.7252980797662947
3.1202531645569622,1.2974683544303798,37.17421536688658,0.725545694295074
3.1582278481012658,1.2974683544303798,37.17942316278265,0.7257667398124821
3.1962025316455698,1.2974683544303798,37.18463984471364,0.7259928986414251
3.2341772151898733,1.2974683544303798,37.18998426447174,0.7262254661794356
3.2721518987341773,1.2974683544303798,37.19469443544856,0.7264280634741067
3.310126582278481,1.2974683544303798,37.19999558151318,0.7266579475160213
3.348101265822785,1.2974683544303798,37.204796201158615,0.7268671667714904
3.386075949367089,1.2974683544303798,37.208048876963666,0.7270085116492759
3.4240506329113924,1.2974683544303798,37.21167584126404,0.7271684439973088
0.5,1.3354430379746836,27.729601454202953,0.199136010411864
3.4620253164556964,1.2974683544303798,37.21612641986041,0.7273664886816865
3.5,1.2974683544303798,37.21902379867567,0.7274922412190203
0.5379746835443038,1.3354430379746836,27.73003706549588,0.19914913965099784
0.5759493670886076,1.3354430379746836,27.726792925825578,0.19920789817699505
0.6518987341772152,1.3354430379746836,27.726367392919688,0.19921685456379526
0.6139240506329113,1.3354430379746836,27.726254754286938,0.1991557500736598
0.689873417721519,1.3354430379746836,27.721852355317317,0.19922919603887268
0.7278481012658228,1.3354430379746836,27.70514281228037,0.1991645735880077
0.7658227848101267,1.3354430379746836,27.693202315703385,0.19925427599521695
0.8037974683544304,1.3354430379746836,27.565336550182284,0.19909961688853622
0.879746835443038,1.3354430379746836,27.456090179020258,0.199197249626521
0.8417721518987342,1.3354430379746836,27.509207177749843,0.19912419313166593
0.9177215189873418,1.3354430379746836,27.422046066514437,0.19927114144460814
0.9556962025316456,1.3354430379746836,27.384883064178194,0.19913404702980242
0.9936708860759493,1.3354430379746836,27.360165852731033,0.19916803064695704
1.0696202531645569,1.3354430379746836,27.332603874050672,0.1992410593936086
1.0316455696202533,1.3354430379746836,27.335591398352783,0.19922410490891543
1.1075949367088609,1.3354430379746836,27.32937074232719,0.1992312668563871
1.1455696202531644,1.3354430379746836,27.329380834174746,0.1993000280282104
1.1835443037974684,1.3354430379746836,27.323853383555743,0.1991531585196542
1.2215189873417722,1.3354430379746836,27.319314720102888,0.1991353079649146
1.2974683544303798,1.3354430379746836,27.28308916430835,0.19926302876429267
1.259493670886076,1.3354430379746836,27.301022668429734,0.19930036205673823
1.3354430379746836,1.3354430379746836,27.246604029737025,0.19925456874351696
1.3734177215189873,1.3354430379746836,27.218642237160278,0.1991562434561877
1.4113924050632911,1.3354430379746836,27.17447665341799,0.19913672624337647
1.449367088607595,1.3354430379746836,27.136556446568665,0.199160543431987
1.4873417721518987,1.3354430379746836,27.10523232526148,0.19921570754908036
1.5253164556962027,1.3354430379746836,26.962411475863476,0.19932322505486103
1.5632911392405064,1.3354430379746836,26.75031163866139,0.1992574215528581
1.6012658227848102,1.3354430379746836,26.653882378820615,0.199208291884487
1.639240506329114,1.3354430379746836,26.584321127452597,0.1992578722326708
1.6772151898734178,1.3354430379746836,26.477728342203562,0.19927477569216687
1.7531645569620253,1.3354430379746836,26.287133254298098,0.1998609013124829
1.7151898734177216,1.3354430379746836,26.371049897043378,0.19933318679850975
1.7911392405063291,1.3354430379746836,26.187687142763085,0.19989510829385201
1.8291139240506329,1.3354430379746836,26.11677698724387,0.20091058398594247
1.8670886075949367,1.3354430379746836,26.760345336282082,0.2360190028186131
1.9050632911392404,1.3354430379746836,27.860654633572775,0.29451583067876946
1.9430379746835444,1.3354430379746836,29.68391011685769,0.3887804191104169
1.9810126582278482,1.3354430379746836,30.265868737606887,0.41823296112263986
2.018987341772152,1.3354430379746836,30.82278183112093,0.44585624149999614
2.056962025316456,1.3354430379746836,31.51657585990532,0.47962702832608634
2.0949367088607596,1.3354430379746836,31.84370750031061,0.49526925565904073
2.170886075949367,1.3354430379746836,33.09161450086718,0.5528492009854276
2.132911392405063,1.3354430379746836,32.197198072988314,0.511833580261156
2.208860759493671,1.3354430379746836,33.78257553866532,0.5840985075970041
2.2468354430379747,1.3354430379746836,34.347239462576866,0.6092817639562258
2.2848101265822782,1.3354430379746836,34.79296173625482,0.6289692131720516
2.3227848101265822,1.3354430379746836,35.23206022572506,0.6478220185419012
2.3607594936708862,1.3354430379746836,35.470847249697385,0.6580072154200813
2.39873417721519,1.3354430379746836,35.66894024404553,0.6667251895758101
2.4367088607594938,1.3354430379746836,35.757276919016,0.670377805601851
2.4746835443037973,1.3354430379746836,35.92349574229352,0.6770610623885848
2.5126582278481013,1.3354430379746836,36.424869175997635,0.6968926684307175
2.5506329113924053,1.3354430379746836,36.68017092744826,0.7068668337172096
2.588607594936709,1.3354430379746836,36.8194847515436,0.7122547937047641
2.626582278481013,1.3354430379746836,36.99922002668684,0.7190792990314252
2.7025316455696204,1.3354430379746836,37.099108794890235,0.7228809180563122
2.6645569620253164,1.3354430379746836,37.073172494248944,0.7218823594347034
2.740506329113924,1.3354430379746836,37.11901491714196,0.7236507178922535
2.778481012658228,1.3354430379746836,37.136532339607754,0.7243315140300401
2.8164556962025316,1.3354430379746836,37.14620096939951,0.7247271735767646
2.8544303797468356,1.3354430379746836,37.15286700971786,0.7250079051688121
2.930379746835443,1.3354430379746836,37.16239763254204,0.7254218051266712
2.892405063291139,1.3354430379746836,37.15768476431301,0.7252154994187896
3.0063291139240507,1.3354430379746836,37.17367114846769,0.7259101727119099
2.968354430379747,1.3354430379746836,37.16845165311844,0.7256834713413685
3.0822784810126582,1.3354430379746836,37.185537620936074,0.7264245185855907
3.0443037974683547,1.3354430379746836,37.17961138226498,0.7261713141073034
3.1202531645569622,1.3354430379746836,37.19090322585601,0.7266523231208959
3.1582278481012658,1.3354430379746836,37.19668602026148,0.726900006424719
3.1962025316455698,1.3354430379746836,37.202555910546245,0.7271548244699829
3.2341772151898733,1.3354430379746836,37.207055184869404,0.7273524832283731
3.2721518987341773,1.3354430379746836,37.21337238744191,0.7276265533267635
3.310126582278481,1.3354430379746836,37.216876419276815,0.7277791835930054
3.348101265822785,1.3354430379746836,37.221091666251915,0.7279610438146541
3.386075949367089,1.3354430379746836,37.225539595875894,0.7281576606141914
3.4620253164556964,1.3354430379746836,37.23324546314619,0.7284969920293768
3.4240506329113924,1.3354430379746836,37.229271319187596,0.728321433494354
0.5,1.3734177215189873,27.733535301027576,0.19952550743844674
3.5,1.3354430379746836,37.23704963242537,0.7286681128583519
0.5379746835443038,1.3734177215189873,27.73498958159052,0.1995359509477102
0.5759493670886076,1.3734177215189873,27.733604417222388,0.1995427827415897
0.6139240506329113,1.3734177215189873,27.731675909228244,0.19956851266815998
0.6518987341772152,1.3734177215189873,27.730185765521632,0.1994956213487319
0.689873417721519,1.3734177215189873,27.712198006335672,0.19950058724774317
0.7278481012658228,1.3734177215189873,27.645395197788403,0.19942175497172018
0.7658227848101267,1.3734177215189873,27.582267985661538,0.19953241101797795
0.8037974683544304,1.3734177215189873,27.56811949575802,0.19959015618606077
0.8417721518987342,1.3734177215189873,27.509266673149725,0.19944529406398
0.879746835443038,1.3734177215189873,27.456311163693616,0.1995459477100471
0.9177215189873418,1.3734177215189873,27.422705744476538,0.1995389891064039
0.9936708860759493,1.3734177215189873,27.347974089862504,0.19952181406434888
0.9556962025316456,1.3734177215189873,27.38901782484725,0.19958504199676644
1.0696202531645569,1.3734177215189873,27.333729534079247,0.19961283149396483
1.0316455696202533,1.3734177215189873,27.335592437784392,0.1994756957475087
1.1075949367088609,1.3734177215189873,27.33031607243984,0.199556806596415
1.1455696202531644,1.3734177215189873,27.328603702991604,0.19953898366466646
1.1835443037974684,1.3734177215189873,27.325274005546845,0.19954704386941283
1.2215189873417722,1.3734177215189873,27.32198082329102,0.19955741097226562
1.259493670886076,1.3734177215189873,27.300686801186718,0.19957094840827996
1.2974683544303798,1.3734177215189873,27.283182225731036,0.19957401610485828
1.3354430379746836,1.3734177215189873,27.24730785320031,0.19961236951773983
1.3734177215189873,1.3734177215189873,27.220344957899986,0.19955417508361561
1.4113924050632911,1.3734177215189873,27.176211103891053,0.19954711903485148
1.449367088607595,1.3734177215189873,27.13719653285792,0.19951595752618018
1.4873417721518987,1.3734177215189873,27.104904899626863,0.19961929774598475
1.5632911392405064,1.3734177215189873,26.746481739879734,0.19950487144601534
1.5253164556962027,1.3734177215189873,26.960350405704453,0.19959650865943465
1.6012658227848102,1.3734177215189873,26.654423951159437,0.19959227503837443
1.639240506329114,1.3734177215189873,26.585094020658993,0.19967464728591308
1.6772151898734178,1.3734177215189873,26.477603792376463,0.19968328871553437
1.7151898734177216,1.3734177215189873,26.371032263179305,0.1996671881692252
1.7531645569620253,1.3734177215189873,26.27994533120209,0.1999122619596284
1.7911392405063291,1.3734177215189873,26.182433560369972,0.1999918293040708
1.8291139240506329,1.3734177215189873,26.129833154733287,0.2018644678783068
1.8670886075949367,1.3734177215189873,26.772934208319633,0.23694257109188938
1.9430379746835444,1.3734177215189873,29.697603442207164,0.3897521929414138
1.9050632911392404,1.3734177215189873,27.874064313484066,0.29547895002210917
1.9810126582278482,1.3734177215189873,30.281972381931993,0.4193362466886134
2.018987341772152,1.3734177215189873,30.843214539930337,0.44717848644885205
2.056962025316456,1.3734177215189873,31.532602305475812,0.48071641727871806
2.0949367088607596,1.3734177215189873,31.859419868316593,0.4963366952123954
2.132911392405063,1.3734177215189873,32.214791340988775,0.5130067351781656
2.170886075949367,1.3734177215189873,33.10964550012526,0.5540381267843647
2.208860759493671,1.3734177215189873,33.80232713559927,0.5853576544890828
2.2468354430379747,1.3734177215189873,34.406210574550315,0.6124602385376469
2.2848101265822782,1.3734177215189873,34.81273615719195,0.6302310198700127
2.3227848101265822,1.3734177215189873,35.249633015875865,0.648974237231395
2.3607594936708862,1.3734177215189873,35.512648289686155,0.6602898565391471
2.4367088607594938,1.3734177215189873,35.77302617634712,0.6714395053981045
2.39873417721519,1.3734177215189873,35.684332371756966,0.6677673144618842
2.4746835443037973,1.3734177215189873,35.940121027874525,0.6781647994784925
2.5126582278481013,1.3734177215189873,36.441097099201215,0.6979764290949544
2.5506329113924053,1.3734177215189873,36.696991191735485,0.7079773221470791
2.588607594936709,1.3734177215189873,36.83554180608168,0.7133181488004675
2.626582278481013,1.3734177215189873,37.01552469227103,0.7201573358827306
2.6645569620253164,1.3734177215189873,37.089634538194446,0.7229669360988961
2.7025316455696204,1.3734177215189873,37.11521195374251,0.7239477622246948
2.740506329113924,1.3734177215189873,37.135035659746414,0.7247140886814962
2.778481012658228,1.3734177215189873,37.15374732216809,0.7254393585372044
2.8544303797468356,1.3734177215189873,37.16949808211758,0.7260951603862685
2.8164556962025316,1.3734177215189873,37.16268601921218,0.7258032377554167
2.892405063291139,1.3734177215189873,37.17427575615369,0.7263010674114186
2.930379746835443,1.3734177215189873,37.17998893471477,0.7265514298367258
2.968354430379747,1.3734177215189873,37.185472077362874,0.7267946656307355
3.0063291139240507,1.3734177215189873,37.19098372802381,0.7270288098975382
3.0443037974683547,1.3734177215189873,37.198246020043555,0.7273437500682312
3.0822784810126582,1.3734177215189873,37.20226218213615,0.7275159809819861
3.1202531645569622,1.3734177215189873,37.20972645156254,0.7278337669347634
3.1582278481012658,1.3734177215189873,37.21562899460268,0.7280920557644931
3.1962025316455698,1.3734177215189873,37.22052377539609,0.7283005105658674
3.2341772151898733,1.3734177215189873,37.22589459948134,0.7285342258760944
3.310126582278481,1.3734177215189873,37.23469168670751,0.7289167389893331
3.2721518987341773,1.3734177215189873,37.23060592221191,0.7287421629741795
3.348101265822785,1.3734177215189873,37.239358650604615,0.7291206045917262
3.386075949367089,1.3734177215189873,37.244018150110804,0.7293332835115375
3.4620253164556964,1.3734177215189873,37.25034230895747,0.7296090222238538
3.4240506329113924,1.3734177215189873,37.24782215724943,0.729497758111505
3.5,1.3734177215189873,37.253405906989066,0.7297421862840826
0.5,1.4113924050632911,27.736041588481285,0.19964119916642994
0.5379746835443038,1.4113924050632911,27.73749443682354,0.19964425331432212
0.5759493670886076,1.4113924050632911,27.733507399135487,0.19957615463356967
0.6139240506329113,1.4113924050632911,27.731838292687957,0.19957709701968387
0.689873417721519,1.4113924050632911,27.624146664550732,0.19957036107048373
0.6518987341772152,1.4113924050632911,27.715647487432637,0.19965178065192946
0.7278481012658228,1.4113924050632911,27.583856810833808,0.19951602396311535
0.7658227848101267,1.4113924050632911,27.579726316235647,0.1996102332515657
0.8037974683544304,1.4113924050632911,27.563337699502096,0.1995265023177437
0.8417721518987342,1.4113924050632911,27.507794294995264,0.1996054180723545
0.879746835443038,1.4113924050632911,27.45645670465863,0.19968061834492426
0.9177215189873418,1.4113924050632911,27.423495717602446,0.19967922786391556
1.0316455696202533,1.4113924050632911,27.337218234400257,0.19960525454127992
0.9556962025316456,1.4113924050632911,27.371880078549133,0.1995425500519124
0.9936708860759493,1.4113924050632911,27.347881767040896,0.19957453106716316
1.0696202531645569,1.4113924050632911,27.33314189279941,0.19962040678148352
1.1075949367088609,1.4113924050632911,27.330823866864776,0.19961539131640427
1.1455696202531644,1.4113924050632911,27.328055532954256,0.19953465941718793
1.1835443037974684,1.4113924050632911,27.324811679420318,0.19954884799967706
1.2215189873417722,1.4113924050632911,27.320716255105886,0.19954094281528392
1.259493670886076,1.4113924050632911,27.300858883750124,0.19961650861607888
1.2974683544303798,1.4113924050632911,27.284700443688504,0.19968743277916068
1.3354430379746836,1.4113924050632911,27.245392342028747,0.19953415241998854
1.3734177215189873,1.4113924050632911,27.221092534658606,0.19964946108267512
1.4113924050632911,1.4113924050632911,27.17512552591038,0.199541618486997
1.449367088607595,1.4113924050632911,27.138302331001444,0.19960839983968032
1.4873417721518987,1.4113924050632911,27.105398761644658,0.19968696061357738
1.5253164556962027,1.4113924050632911,26.96083441052621,0.1996631369119643
1.5632911392405064,1.4113924050632911,26.74736265116143,0.19961236330684332
1.639240506329114,1.4113924050632911,26.585771596765216,0.19974950507892608
1.6012658227848102,1.4113924050632911,26.65425484262544,0.19962856377778962
1.6772151898734178,1.4113924050632911,26.477442606493703,0.1997309763935218
1.7151898734177216,1.4113924050632911,26.371944620099125,0.19976748167915845
1.7531645569620253,1.4113924050632911,26.279808247210877,0.19996228731424537
1.7911392405063291,1.4113924050632911,26.180489550499903,0.1999900371816065
1.8291139240506329,1.4113924050632911,26.134017658429613,0.20215614211766691
1.8670886075949367,1.4113924050632911,26.777062164385313,0.2372287086212915
1.9050632911392404,1.4113924050632911,27.87843019891552,0.2957767434928019
1.9430379746835444,1.4113924050632911,29.702585594869394,0.3900832259182535
1.9810126582278482,1.4113924050632911,30.289202738660578,0.4197830861082149
2.018987341772152,1.4113924050632911,30.852093755907042,0.44770451484598545
2.056962025316456,1.4113924050632911,31.53931890847384,0.4811303315977626
2.0949367088607596,1.4113924050632911,31.867923165849767,0.4968534552887808
2.132911392405063,1.4113924050632911,32.221847877249935,0.5134337552793989
2.170886075949367,1.4113924050632911,33.12065465510605,0.5546548550553336
2.208860759493671,1.4113924050632911,33.82992848632327,0.5868031495189663
2.2468354430379747,1.4113924050632911,34.41699911313809,0.6130790925373216
2.2848101265822782,1.4113924050632911,34.82307212164141,0.6308170195894593
2.3227848101265822,1.4113924050632911,35.2672293262298,0.6498945929986552
2.3607594936708862,1.4113924050632911,35.54087306707932,0.6617042578419766
2.39873417721519,1.4113924050632911,35.69285145509197,0.6682605205868635
2.4367088607594938,1.4113924050632911,35.77993823893936,0.671857662266137
2.4746835443037973,1.4113924050632911,35.94689686134709,0.6785709577489302
2.5126582278481013,1.4113924050632911,36.44936209827973,0.6984530728894914
2.5506329113924053,1.4113924050632911,36.7034195778185,0.7083606560866599
2.588607594936709,1.4113924050632911,36.84367848094693,0.7137816295597936
2.626582278481013,1.4113924050632911,37.02326777530951,0.7206012859689261
2.6645569620253164,1.4113924050632911,37.09674697343335,0.7233784302814179
2.7025316455696204,1.4113924050632911,37.12325231756478,0.7244008945598633
2.740506329113924,1.4113924050632911,37.14345365937202,0.7251898290510066
2.778481012658228,1.4113924050632911,37.16150804290463,0.7258827930233772
2.8164556962025316,1.4113924050632911,37.17040763319311,0.726247829796982
2.8544303797468356,1.4113924050632911,37.17634013444654,0.7264953078459533
2.892405063291139,1.4113924050632911,37.182408692051396,0.7267620772693646
2.930379746835443,1.4113924050632911,37.187739143106874,0.7269912013691887
2.968354430379747,1.4113924050632911,37.194221736944684,0.7272757769708164
3.0063291139240507,1.4113924050632911,37.200194969639,0.7275358968909333
3.0443037974683547,1.4113924050632911,37.205356374308444,0.727755329008043
3.0822784810126582,1.4113924050632911,37.21337485429301,0.7280983171662246
3.1202531645569622,1.4113924050632911,37.21823291406031,0.728305405383264
3.1962025316455698,1.4113924050632911,37.230538223538396,0.7288397618863383
3.1582278481012658,1.4113924050632911,37.224810408935284,0.728588272319723
3.2341772151898733,1.4113924050632911,37.23473990839272,0.7290207231387836
3.2721518987341773,1.4113924050632911,37.2398546131495,0.7292489497432125
3.348101265822785,1.4113924050632911,37.248775908634435,0.7296402425898256
0.5,1.449367088607595,27.736742996076828,0.1996022453115703
3.386075949367089,1.4113924050632911,37.25235458868204,0.7297928194298997
3.310126582278481,1.4113924050632911,37.24536327305335,0.7294902198652077
3.4240506329113924,1.4113924050632911,37.255028605963524,0.7299085573000827
3.4620253164556964,1.4113924050632911,37.25867180976996,0.7300696467670742
3.5,1.4113924050632911,37.261840344155885,0.730205565489909
0.5379746835443038,1.449367088607595,27.737897008966275,0.19967633270194513
0.5759493670886076,1.449367088607595,27.734659799383568,0.19967764141425826
0.6139240506329113,1.449367088607595,27.710396396280878,0.19960178860912256
0.6518987341772152,1.449367088607595,27.60652648564682,0.19954170263889645
0.689873417721519,1.449367088607595,27.588342346914303,0.19964344013704083
0.7278481012658228,1.449367088607595,27.582231757422182,0.19957469819829712
0.7658227848101267,1.449367088607595,27.576735210700456,0.19959613680100075
0.8037974683544304,1.449367088607595,27.561742461427297,0.19964492483325336
0.8417721518987342,1.449367088607595,27.507268518057607,0.19966846764633356
0.879746835443038,1.449367088607595,27.439908747531575,0.19970940779996824
0.9177215189873418,1.449367088607595,27.4072691805199,0.19965358349411044
0.9556962025316456,1.449367088607595,27.3716058554344,0.1996001407465794
1.0316455696202533,1.449367088607595,27.33677017009224,0.19962194775407344
1.0696202531645569,1.449367088607595,27.332409819466548,0.1995490734020701
0.9936708860759493,1.449367088607595,27.34807328170556,0.19964515254229262
1.1075949367088609,1.449367088607595,27.329822673485882,0.19956557875622788
1.1455696202531644,1.449367088607595,27.328336209434806,0.19956283056939433
1.1835443037974684,1.449367088607595,27.325011916086456,0.19957118261417825
1.2215189873417722,1.449367088607595,27.32276135270131,0.1996770796860086
1.259493670886076,1.449367088607595,27.30248155672168,0.1997127996792634
1.3354430379746836,1.449367088607595,27.24674853987674,0.1996284981535411
1.2974683544303798,1.449367088607595,27.28472046834624,0.199698318973108
1.3734177215189873,1.449367088607595,27.220726099278234,0.19965459083898984
1.4113924050632911,1.449367088607595,27.177561894544287,0.199680666049885
1.449367088607595,1.449367088607595,27.13849576662517,0.19966058538892067
1.4873417721518987,1.449367088607595,27.105211722184638,0.19970965577553793
1.5253164556962027,1.449367088607595,26.960511618496156,0.19967493829266095
1.5632911392405064,1.449367088607595,26.749844975155177,0.19977515198775644
1.6012658227848102,1.449367088607595,26.65625379681549,0.1997615153945761
1.639240506329114,1.449367088607595,26.58426848242575,0.19968890318560342
1.6772151898734178,1.449367088607595,26.477898174323407,0.19978692202884588
1.7151898734177216,1.449367088607595,26.37225473455876,0.19982484951209759
1.7531645569620253,1.449367088607595,26.278155055065696,0.19995202151811192
1.7911392405063291,1.449367088607595,26.178232985507734,0.1999679223491144
1.8291139240506329,1.449367088607595,26.138095462611656,0.20243868899725498
1.8670886075949367,1.449367088607595,26.781838313377484,0.2375478418821251
1.9050632911392404,1.449367088607595,27.88348378345387,0.2961095676899364
1.9430379746835444,1.449367088607595,29.7083312447603,0.39045360123692197
1.9810126582278482,1.449367088607595,30.295893487209874,0.4202012739516589
2.018987341772152,1.449367088607595,30.86135142974153,0.4482465805204527
2.056962025316456,1.449367088607595,31.546828066736758,0.4815954891242451
2.0949367088607596,1.449367088607595,31.875828586564573,0.49732684136946864
2.132911392405063,1.449367088607595,32.23149398539421,0.5139992915483064
2.170886075949367,1.449367088607595,33.130013048576934,0.5552087392859605
2.208860759493671,1.449367088607595,33.84042989079347,0.5874117641202452
2.2468354430379747,1.449367088607595,34.42548240908694,0.6135832937695663
2.3227848101265822,1.449367088607595,35.27798450385093,0.650499893004596
2.2848101265822782,1.449367088607595,34.832150016223984,0.631346794794289
2.3607594936708862,1.449367088607595,35.591466200947345,0.6641588060690501
2.39873417721519,1.449367088607595,35.7019313024733,0.6687804768175353
2.4367088607594938,1.449367088607595,35.78724902397381,0.6722886612938284
2.4746835443037973,1.449367088607595,35.95544659306356,0.679060098729183
2.5126582278481013,1.449367088607595,36.456905939728536,0.6988926809134133
2.5506329113924053,1.449367088607595,36.71209385492184,0.708853652025145
2.588607594936709,1.449367088607595,36.85127312574352,0.7142233499247485
2.626582278481013,1.449367088607595,37.0318098502005,0.7210911574121808
2.6645569620253164,1.449367088607595,37.1052732270419,0.7238658049760505
2.7025316455696204,1.449367088607595,37.1316283097446,0.7248816597651419
2.740506329113924,1.449367088607595,37.15122075385536,0.7256345443920154
2.778481012658228,1.449367088607595,37.16984171119807,0.726356471191795
2.8164556962025316,1.449367088607595,37.178664453324764,0.726715202962262
2.8544303797468356,1.449367088607595,37.18416778906017,0.7269420062912443
2.892405063291139,1.449367088607595,37.191221604993196,0.7272538046566244
2.930379746835443,1.449367088607595,37.197651869412084,0.7275338826443604
2.968354430379747,1.449367088607595,37.20385159221829,0.7278021082949485
3.0063291139240507,1.449367088607595,37.20937656034467,0.7280386546087273
3.0443037974683547,1.449367088607595,37.21525431859301,0.72829265349217
3.0822784810126582,1.449367088607595,37.22318082150063,0.7286276451388619
3.1202531645569622,1.449367088607595,37.22947818371388,0.72890412292889
3.1582278481012658,1.449367088607595,37.235766046611886,0.729178544315613
3.1962025316455698,1.449367088607595,37.24076860760138,0.7293995979457073
3.2341772151898733,1.449367088607595,37.24556429854699,0.7296064498648294
3.2721518987341773,1.449367088607595,37.25031088779713,0.7298161251934023
3.310126582278481,1.449367088607595,37.254090560428715,0.7299745361562221
3.348101265822785,1.449367088607595,37.25737749511148,0.7301136538753689
3.386075949367089,1.449367088607595,37.2606313572437,0.730256824625958
3.4240506329113924,1.449367088607595,37.26353876005422,0.7303798381743605
3.4620253164556964,1.449367088607595,37.26670853723351,0.7305204091260139
0.5379746835443038,1.4873417721518987,27.73736419409468,0.19963089461771855
0.5,1.4873417721518987,27.73910693252295,0.19969799924010376
3.5,1.449367088607595,37.2703457139749,0.7306764783602159
0.5759493670886076,1.4873417721518987,27.69998604075833,0.19960686977722683
0.6139240506329113,1.4873417721518987,27.59424445542291,0.19961824634737055
0.6518987341772152,1.4873417721518987,27.590377475675307,0.19970595710661415
0.689873417721519,1.4873417721518987,27.584347804143825,0.19958021894672026
0.7278481012658228,1.4873417721518987,27.579391461798707,0.1995955007023099
0.7658227848101267,1.4873417721518987,27.574133803783955,0.19964703075790677
0.8037974683544304,1.4873417721518987,27.55892927267413,0.1995603544415625
0.8417721518987342,1.4873417721518987,27.490907440197905,0.19967086306857323
0.879746835443038,1.4873417721518987,27.437113920184924,0.19955891425170244
0.9177215189873418,1.4873417721518987,27.40775749716254,0.1996936306439699
0.9556962025316456,1.4873417721518987,27.371175934115517,0.199590826819608
0.9936708860759493,1.4873417721518987,27.348164731448986,0.19964738064666288
1.0316455696202533,1.4873417721518987,27.337502888041303,0.19967843630970605
1.0696202531645569,1.4873417721518987,27.33219582032941,0.19957943627180316
1.1455696202531644,1.4873417721518987,27.32876546855875,0.1995975842220768
1.1075949367088609,1.4873417721518987,27.330284857674513,0.19960483485169442
1.1835443037974684,1.4873417721518987,27.325266344517335,0.19959657940834563
1.2215189873417722,1.4873417721518987,27.323162760893556,0.19971142809445355
1.259493670886076,1.4873417721518987,27.301068155453407,0.19967475312698893
1.2974683544303798,1.4873417721518987,27.283635220230135,0.1996525065308703
1.3354430379746836,1.4873417721518987,27.24613704884835,0.19963055817870032
1.3734177215189873,1.4873417721518987,27.22202106082759,0.19973525104559411
1.4113924050632911,1.4873417721518987,27.177333108364394,0.19969311439558343
1.449367088607595,1.4873417721518987,27.138837682541432,0.1996918962226716
1.4873417721518987,1.4873417721518987,27.103801706170895,0.1996470559872666
1.5253164556962027,1.4873417721518987,26.96150767112046,0.19975719003405973
1.5632911392405064,1.4873417721518987,26.750018229442126,0.19980448657037708
1.6012658227848102,1.4873417721518987,26.65639301947074,0.19978385074449775
1.639240506329114,1.4873417721518987,26.58534149145039,0.19976853040712403
1.6772151898734178,1.4873417721518987,26.47831534986306,0.1998467934876232
1.7151898734177216,1.4873417721518987,26.3724974590313,0.19986472804324218
1.7531645569620253,1.4873417721518987,26.277457536291784,0.19995443230051047
1.7911392405063291,1.4873417721518987,26.178054649169734,0.19999379454174654
1.8291139240506329,1.4873417721518987,26.140346907508285,0.20258484391801895
1.8670886075949367,1.4873417721518987,26.784880007780338,0.23774084690011515
1.9050632911392404,1.4873417721518987,27.88776901500645,0.29637399566055317
1.9430379746835444,1.4873417721518987,29.711553979526087,0.39065223799625337
1.9810126582278482,1.4873417721518987,30.301411006452323,0.42052553784617064
2.018987341772152,1.4873417721518987,30.870113740258454,0.4487437140809821
2.0949367088607596,1.4873417721518987,31.881565418140063,0.49765716014193345
2.056962025316456,1.4873417721518987,31.552778046079716,0.48194012452660695
2.170886075949367,1.4873417721518987,33.14215755388394,0.5558653360946789
2.132911392405063,1.4873417721518987,32.24062572345617,0.514504921641108
2.208860759493671,1.4873417721518987,33.8913049584039,0.5899562713087695
2.2468354430379747,1.4873417721518987,34.434517035066435,0.6140691447092453
2.2848101265822782,1.4873417721518987,34.83999985811138,0.631767364263605
2.39873417721519,1.4873417721518987,35.70687798938254,0.6690568745506004
2.3227848101265822,1.4873417721518987,35.309776175352454,0.652043801997961
2.3607594936708862,1.4873417721518987,35.59710800720097,0.6644725353008638
2.5126582278481013,1.4873417721518987,36.46364375685998,0.6992564153858261
2.4367088607594938,1.4873417721518987,35.793606316155326,0.6726352909511384
2.4746835443037973,1.4873417721518987,35.96172294928713,0.6793971869706582
2.5506329113924053,1.4873417721518987,36.718213693190656,0.7091791353079425
2.588607594936709,1.4873417721518987,36.858739913503555,0.7146158112859634
2.626582278481013,1.4873417721518987,37.03754442854242,0.7213953411741968
2.7025316455696204,1.4873417721518987,37.13856337923604,0.7252387446261367
2.6645569620253164,1.4873417721518987,37.112055911805314,0.7242210258629875
2.740506329113924,1.4873417721518987,37.1597101475245,0.72606281400312
2.778481012658228,1.4873417721518987,37.17524748875194,0.7266505287409988
2.8164556962025316,1.4873417721518987,37.18511476699305,0.7270519377482875
2.8544303797468356,1.4873417721518987,37.19185696356994,0.7273376745351545
2.892405063291139,1.4873417721518987,37.19980298518437,0.7276847533460429
2.930379746835443,1.4873417721518987,37.205991048376674,0.7279508792685985
2.968354430379747,1.4873417721518987,37.2106317618032,0.7281524601194644
3.0063291139240507,1.4873417721518987,37.21698583709195,0.7284249290344312
3.0443037974683547,1.4873417721518987,37.22556970571556,0.728788392278369
3.0822784810126582,1.4873417721518987,37.23308636656263,0.7291252481971199
3.1202531645569622,1.4873417721518987,37.238797943270356,0.7293695084851123
3.1582278481012658,1.4873417721518987,37.244372732252955,0.7296137404544116
3.1962025316455698,1.4873417721518987,37.2489500037677,0.7298121900291042
3.2341772151898733,1.4873417721518987,37.253403544418674,0.7300063307234322
3.310126582278481,1.4873417721518987,37.26135058111123,0.7303433174938601
3.2721518987341773,1.4873417721518987,37.25728517708184,0.7301715239355805
3.348101265822785,1.4873417721518987,37.26377271976161,0.7304519614190842
0.5,1.5253164556962027,27.73762892679019,0.19965321352222798
3.4620253164556964,1.4873417721518987,37.27390055748218,0.7308853736645525
3.386075949367089,1.4873417721518987,37.26821857230094,0.7306425910917063
3.4240506329113924,1.4873417721518987,37.27082243759697,0.7307561008413588
3.5,1.4873417721518987,37.27743298425053,0.7310353966807512
0.5379746835443038,1.5253164556962027,27.683637891941917,0.1996700336105298
0.5759493670886076,1.5253164556962027,27.595194521263238,0.19973036798813393
0.6139240506329113,1.5253164556962027,27.58914012203451,0.19957574569803158
0.6518987341772152,1.5253164556962027,27.58698903983179,0.19972869807826985
0.689873417721519,1.5253164556962027,27.582881336152678,0.1996639937115804
0.7278481012658228,1.5253164556962027,27.5789362592748,0.1997063662347151
0.7658227848101267,1.5253164556962027,27.573318291265764,0.19975303564916747
0.8037974683544304,1.5253164556962027,27.543381206514677,0.19961069334184559
0.8417721518987342,1.5253164556962027,27.490429652207713,0.1997258370993522
0.879746835443038,1.5253164556962027,27.439558728862583,0.19975034532089145
0.9177215189873418,1.5253164556962027,27.407022401621973,0.19975617912264643
0.9556962025316456,1.5253164556962027,27.370784031772857,0.1996454413498758
0.9936708860759493,1.5253164556962027,27.347340653998078,0.19969432133594978
1.0696202531645569,1.5253164556962027,27.333971441435867,0.1997153173582389
1.0316455696202533,1.5253164556962027,27.336638541316397,0.19964732122057405
1.1075949367088609,1.5253164556962027,27.33224267700951,0.19974749954992338
1.1455696202531644,1.5253164556962027,27.329161401298645,0.19968054677438105
1.1835443037974684,1.5253164556962027,27.326576737785203,0.1997366975042326
1.2215189873417722,1.5253164556962027,27.321137071434094,0.19964634169185655
1.259493670886076,1.5253164556962027,27.30099756136374,0.19973682452633237
1.3354430379746836,1.5253164556962027,27.2449600514807,0.199625970868778
1.2974683544303798,1.5253164556962027,27.28394122000218,0.19976311629604163
1.3734177215189873,1.5253164556962027,27.21954679131816,0.19965297707335722
1.4113924050632911,1.5253164556962027,27.175637578269665,0.1996711146260317
1.4873417721518987,1.5253164556962027,27.10315546042196,0.19970962140029588
1.449367088607595,1.5253164556962027,27.138044248421114,0.1996937984965196
1.5253164556962027,1.5253164556962027,26.960822657821353,0.19981476068889595
1.6012658227848102,1.5253164556962027,26.655991478235887,0.1998341625215897
1.5632911392405064,1.5253164556962027,26.7461930287987,0.1997161179498248
1.6772151898734178,1.5253164556962027,26.47580493496385,0.19982263682104232
1.639240506329114,1.5253164556962027,26.584754492448017,0.1997916476118369
1.7151898734177216,1.5253164556962027,26.370760295932612,0.19984358283666376
1.7531645569620253,1.5253164556962027,26.275969707026604,0.19999072019579847
1.7911392405063291,1.5253164556962027,26.17624454051683,0.2000192724613555
1.8291139240506329,1.5253164556962027,26.14798140319741,0.2030776700330186
1.9050632911392404,1.5253164556962027,27.8946673632988,0.2968180941203182
1.9430379746835444,1.5253164556962027,29.720496705706594,0.39121328031929214
1.8670886075949367,1.5253164556962027,26.792373822390225,0.23822573190010932
1.9810126582278482,1.5253164556962027,30.312426687422242,0.4211948516730916
2.018987341772152,1.5253164556962027,30.88016236373481,0.4493536238362432
2.056962025316456,1.5253164556962027,31.563090816387124,0.4825623998757864
2.0949367088607596,1.5253164556962027,31.89453878448575,0.4984210794527914
2.132911392405063,1.5253164556962027,32.25396440104867,0.5152873935544032
2.170886075949367,1.5253164556962027,33.171581049097576,0.557426252046468
2.208860759493671,1.5253164556962027,33.90297528601288,0.5906322001260444
2.2468354430379747,1.5253164556962027,34.44719677886656,0.6147861794024196
2.2848101265822782,1.5253164556962027,34.8600415794858,0.6328341316967379
2.3227848101265822,1.5253164556962027,35.3828635889267,0.6555737143313333
2.3607594936708862,1.5253164556962027,35.606232805804744,0.6650167306851896
2.39873417721519,1.5253164556962027,35.71717502169287,0.6696622575327211
2.4367088607594938,1.5253164556962027,35.8043148518164,0.6732511670627669
2.4746835443037973,1.5253164556962027,35.97241998295464,0.6800182336142112
2.5126582278481013,1.5253164556962027,36.4735740379773,0.6998339527905929
2.5506329113924053,1.5253164556962027,36.72913138025151,0.7098033658701125
2.588607594936709,1.5253164556962027,36.868679682497344,0.7151896834506904
2.626582278481013,1.5253164556962027,37.047842049967834,0.721990052678743
2.7025316455696204,1.5253164556962027,37.14913283644183,0.7258432262999714
2.6645569620253164,1.5253164556962027,37.122510646330625,0.724822862952122
2.740506329113924,1.5253164556962027,37.16964143200047,0.7266335426143039
2.778481012658228,1.5253164556962027,37.187219105725006,0.7273176593142984
2.8544303797468356,1.5253164556962027,37.20498935740597,0.7280534379841539
2.8164556962025316,1.5253164556962027,37.19617104287592,0.7276814817177351
2.892405063291139,1.5253164556962027,37.209692474688524,0.7282569063163505
2.930379746835443,1.5253164556962027,37.21712726632695,0.7285786377038228
2.968354430379747,1.5253164556962027,37.22413146492783,0.7288894146408024
3.0063291139240507,1.5253164556962027,37.23305611090207,0.7292803910684945
3.0443037974683547,1.5253164556962027,37.240421496127304,0.7295911600168318
3.0822784810126582,1.5253164556962027,37.24600206287661,0.7298330993923079
3.1202531645569622,1.5253164556962027,37.251319126497094,0.7300598584009476
3.1582278481012658,1.5253164556962027,37.25630442008879,0.7302772107663416
3.1962025316455698,1.5253164556962027,37.26035212972979,0.7304472122446201
3.2341772151898733,1.5253164556962027,37.26456862636349,0.730626173299453
3.2721518987341773,1.5253164556962027,37.26851110058718,0.7307966906236417
3.310126582278481,1.5253164556962027,37.2717882768822,0.7309372799431173
3.348101265822785,1.5253164556962027,37.27569458615876,0.731099878541109
3.386075949367089,1.5253164556962027,37.27843353781484,0.7312181896740496
3.4240506329113924,1.5253164556962027,37.281509069532596,0.7313497634570427
0.5,1.5632911392405064,27.670649083656805,0.19963329347256234
3.4620253164556964,1.5253164556962027,37.28458800809281,0.7314767167940402
0.5379746835443038,1.5632911392405064,27.59309758924543,0.19962778732188136
3.5,1.5253164556962027,37.287577655813514,0.7316039303235858
0.5759493670886076,1.5632911392405064,27.59128145844743,0.19969380237845255
0.6139240506329113,1.5632911392405064,27.588165259766775,0.1997501542053179
0.689873417721519,1.5632911392405064,27.582662476750336,0.19977624385466214
0.6518987341772152,1.5632911392405064,27.58418585259125,0.19971396893002785
0.7278481012658228,1.5632911392405064,27.576891692323592,0.19973864968963048
0.7658227848101267,1.5632911392405064,27.554467092146133,0.19965542483515483
0.8037974683544304,1.5632911392405064,27.541672828955683,0.1996175198429522
0.8417721518987342,1.5632911392405064,27.488582174516424,0.19972016059232547
0.879746835443038,1.5632911392405064,27.437950113295923,0.19976095634421656
0.9177215189873418,1.5632911392405064,27.40398352967609,0.19966596099824765
0.9556962025316456,1.5632911392405064,27.370494803617376,0.19970867627145075
0.9936708860759493,1.5632911392405064,27.346006752478573,0.19966374990309854
1.0316455696202533,1.5632911392405064,27.337714605182622,0.19976664538725072
1.0696202531645569,1.5632911392405064,27.33403511583422,0.19977009151593192
1.1075949367088609,1.5632911392405064,27.33236703625647,0.19979711502536687
1.1455696202531644,1.5632911392405064,27.32847347529145,0.19968887081589953
1.1835443037974684,1.5632911392405064,27.32632808978067,0.19979981271919733
1.2215189873417722,1.5632911392405064,27.32132689241365,0.19974687937877555
1.259493670886076,1.5632911392405064,27.301306478987957,0.19980018263681457
1.2974683544303798,1.5632911392405064,27.281428717555396,0.19967603940233025
1.3354430379746836,1.5632911392405064,27.24489829360482,0.1996843338014071
1.3734177215189873,1.5632911392405064,27.22019174730793,0.19976955525524628
1.4113924050632911,1.5632911392405064,27.176262961263753,0.19979367131405293
1.449367088607595,1.5632911392405064,27.13854042445292,0.19977891742190096
1.4873417721518987,1.5632911392405064,27.103142627323656,0.19978331000836955
1.5253164556962027,1.5632911392405064,26.957580444405984,0.19973354482265757
1.6012658227848102,1.5632911392405064,26.654473955626152,0.19982076748130834
1.5632911392405064,1.5632911392405064,26.74653047194001,0.19984348460949022
1.639240506329114,1.5632911392405064,26.58472863373378,0.1998469328283365
1.7151898734177216,1.5632911392405064,26.37063896214516,0.19992984609911366
1.6772151898734178,1.5632911392405064,26.47445100371437,0.19986260598337802
1.7531645569620253,1.5632911392405064,26.273207635335247,0.19997254459816877
1.7911392405063291,1.5632911392405064,26.173306601035858,0.20001875311671075
1.8291139240506329,1.5632911392405064,26.157801213244475,0.2037019331775058
1.8670886075949367,1.5632911392405064,26.80310474869585,0.23890278859596634
1.9050632911392404,1.5632911392405064,27.90577458857598,0.2975116496549841
1.9810126582278482,1.5632911392405064,30.324465051644086,0.4219197398032435
1.9430379746835444,1.5632911392405064,29.735275241631907,0.3920863243969367
2.018987341772152,1.5632911392405064,30.89323851310871,0.45012461337008036
2.056962025316456,1.5632911392405064,31.57799907943238,0.4834366109958058
2.0949367088607596,1.5632911392405064,31.910672898786412,0.4993562571334794
2.132911392405063,1.5632911392405064,32.26551947601787,0.5159758378967894
2.208860759493671,1.5632911392405064,33.91544816173455,0.5913565548357044
2.170886075949367,1.5632911392405064,33.22464524975212,0.5601464752055753
2.2848101265822782,1.5632911392405064,34.88536139511277,0.6341584001369913
2.2468354430379747,1.5632911392405064,34.46110538060907,0.6155835585297099
2.3227848101265822,1.5632911392405064,35.39476387145067,0.6562645945151538
2.3607594936708862,1.5632911392405064,35.620175994992536,0.665802999032563
2.39873417721519,1.5632911392405064,35.72892515297194,0.6703432456543286
2.4367088607594938,1.5632911392405064,35.81672026956155,0.6739649005444992
2.5126582278481013,1.5632911392405064,36.48548672443396,0.7005235549162067
2.4746835443037973,1.5632911392405064,35.98501915703899,0.6807376234635957
2.588607594936709,1.5632911392405064,36.88192059220215,0.7159429242245744
2.5506329113924053,1.5632911392405064,36.74134565449272,0.7105059372423371
2.626582278481013,1.5632911392405064,37.06222403755552,0.7227909890163151
2.6645569620253164,1.5632911392405064,37.13526564948132,0.7255481956880397
2.7025316455696204,1.5632911392405064,37.16141258890178,0.7265441219064521
2.740506329113924,1.5632911392405064,37.182436985343855,0.7273597348051785
2.778481012658228,1.5632911392405064,37.199263984869646,0.7280028910345043
2.8164556962025316,1.5632911392405064,37.210306784748134,0.7284582394338661
2.8544303797468356,1.5632911392405064,37.21785488973924,0.7287770527456294
2.892405063291139,1.5632911392405064,37.226115750812966,0.7291389928690171
2.930379746835443,1.5632911392405064,37.23276365168942,0.7294337739210002
2.968354430379747,1.5632911392405064,37.240022723512254,0.7297475789867516
3.0063291139240507,1.5632911392405064,37.248420747208606,0.7301048415656208
3.0443037974683547,1.5632911392405064,37.254046266112475,0.7303416683959113
3.0822784810126582,1.5632911392405064,37.26000944935541,0.730597019437675
3.1202531645569622,1.5632911392405064,37.26432942430244,0.7307789202780042
3.1582278481012658,1.5632911392405064,37.26890466813556,0.7309761210125666
3.1962025316455698,1.5632911392405064,37.2730271771705,0.7311516515911675
3.2341772151898733,1.5632911392405064,37.27700874460506,0.7313197633746741
3.2721518987341773,1.5632911392405064,37.280259095514666,0.7314595578673151
3.310126582278481,1.5632911392405064,37.28364786923514,0.731599355629057
3.348101265822785,1.5632911392405064,37.28766238696193,0.7317719160137094
3.386075949367089,1.5632911392405064,37.290465438845516,0.7318925966184273
3.4620253164556964,1.5632911392405064,37.296848595520395,0.7321628046472959
3.4240506329113924,1.5632911392405064,37.29391831005943,0.7320375855954813
0.5,1.6012658227848102,27.594375232707677,0.1997582491272968
3.5,1.5632911392405064,37.29914664580056,0.7322598654783918
0.5379746835443038,1.6012658227848102,27.59327618599409,0.1997908022988165
0.5759493670886076,1.6012658227848102,27.588875593030593,0.19974692599454189
0.6139240506329113,1.6012658227848102,27.58551687958186,0.19963872201447655
0.6518987341772152,1.6012658227848102,27.58238559450148,0.19971425938785506
0.689873417721519,1.6012658227848102,27.57956462936241,0.199724771870313
0.7278481012658228,1.6012658227848102,27.56140236874599,0.19980815363409732
0.7658227848101267,1.6012658227848102,27.556074055272823,0.1997699055778346
0.8037974683544304,1.6012658227848102,27.542012813292036,0.1996548456784406
0.8417721518987342,1.6012658227848102,27.487310480522087,0.19965158001982267
0.879746835443038,1.6012658227848102,27.43705961944133,0.19974433867093905
0.9177215189873418,1.6012658227848102,27.405245469935466,0.19977438486558685
0.9556962025316456,1.6012658227848102,27.371917032054647,0.19981789115973614
0.9936708860759493,1.6012658227848102,27.348522893248795,0.19981706131680196
1.0316455696202533,1.6012658227848102,27.335351764744484,0.19965434015736291
1.0696202531645569,1.6012658227848102,27.332325699714836,0.19967553028451143
1.1075949367088609,1.6012658227848102,27.331540954422206,0.1997601339085519
1.1455696202531644,1.6012658227848102,27.329296174747167,0.19978086249967367
1.1835443037974684,1.6012658227848102,27.32630447373181,0.19981307853943497
1.2215189873417722,1.6012658227848102,27.321553427207686,0.1997669368778243
1.259493670886076,1.6012658227848102,27.298731302650918,0.19971898809931973
1.2974683544303798,1.6012658227848102,27.28148637537529,0.1997335706116355
1.3354430379746836,1.6012658227848102,27.245671078879965,0.19979641806310078
1.3734177215189873,1.6012658227848102,27.21992821300752,0.19978523919160945
1.4113924050632911,1.6012658227848102,27.17496167196368,0.19974935706110297
1.449367088607595,1.6012658227848102,27.13806289011239,0.1997816158503496
1.4873417721518987,1.6012658227848102,27.10335175426069,0.1998442162602566
1.5253164556962027,1.6012658227848102,26.958996556306058,0.19987356426999742
1.6012658227848102,1.6012658227848102,26.655771317547824,0.19993780209877685
1.5632911392405064,1.6012658227848102,26.746464785658723,0.19990124703640966
1.639240506329114,1.6012658227848102,26.584974644772743,0.1998984208339294
1.6772151898734178,1.6012658227848102,26.475328073380666,0.19997699423038515
1.7151898734177216,1.6012658227848102,26.37098260298968,0.19997880481913485
1.7531645569620253,1.6012658227848102,26.27164762277151,0.20001624295406908
1.7911392405063291,1.6012658227848102,26.171669770034782,0.20006830007597853
1.8291139240506329,1.6012658227848102,26.167278449592864,0.20428708573025356
1.8670886075949367,1.6012658227848102,26.811478776668103,0.23941764228143275
1.9050632911392404,1.6012658227848102,27.914111453649404,0.2980191377920546
1.9430379746835444,1.6012658227848102,29.746977598875517,0.39276095159007685
1.9810126582278482,1.6012658227848102,30.334082561761047,0.42248644703015115
2.018987341772152,1.6012658227848102,30.90599422123523,0.45085421685358024
2.056962025316456,1.6012658227848102,31.5911516896792,0.484185999135215
2.0949367088607596,1.6012658227848102,31.92133502544665,0.49996274553592085
2.132911392405063,1.6012658227848102,32.28247029404962,0.5168922393625978
2.170886075949367,1.6012658227848102,33.23773534600211,0.5608722372320945
2.2468354430379747,1.6012658227848102,34.47247222102644,0.6162198476948588
2.208860759493671,1.6012658227848102,33.92989311254054,0.5921513677862602
2.2848101265822782,1.6012658227848102,34.91035995616985,0.6354313489964326
2.3227848101265822,1.6012658227848102,35.40494945758861,0.656837977466385
2.3607594936708862,1.6012658227848102,35.62979094917926,0.6663514968845891
2.39873417721519,1.6012658227848102,35.7406229631184,0.6709834986305016
2.4367088607594938,1.6012658227848102,35.8289287544407,0.6746353054131197
2.4746835443037973,1.6012658227848102,35.99600357678277,0.6813527225892413
2.5126582278481013,1.6012658227848102,36.49788406368874,0.7012077849941448
2.5506329113924053,1.6012658227848102,36.75386869299829,0.7111933775479424
2.588607594936709,1.6012658227848102,36.89347418676428,0.7165840713240281
2.626582278481013,1.6012658227848102,37.073459702394466,0.7234082925136968
2.6645569620253164,1.6012658227848102,37.146079583413446,0.7261409447329376
2.7025316455696204,1.6012658227848102,37.17282635432613,0.7271654037867273
2.740506329113924,1.6012658227848102,37.193308313880394,0.7279530256052182
2.778481012658228,1.6012658227848102,37.212162663479845,0.7286925154934958
2.8544303797468356,1.6012658227848102,37.23286024748188,0.7295598397955204
2.8164556962025316,1.6012658227848102,37.22322210725028,0.7291470132094012
2.892405063291139,1.6012658227848102,37.2401686868886,0.7298791471355086
2.930379746835443,1.6012658227848102,37.24638368670989,0.7301465435699862
2.968354430379747,1.6012658227848102,37.25364640748039,0.7304546562186359
3.0443037974683547,1.6012658227848102,37.26614813816398,0.7309827206262761
3.0063291139240507,1.6012658227848102,37.26096761210345,0.730765065636578
3.0822784810126582,1.6012658227848102,37.27080705226252,0.7311755950041271
3.1202531645569622,1.6012658227848102,37.27581546170438,0.7313888296056766
3.1582278481012658,1.6012658227848102,37.28032553602625,0.7315816716197672
3.1962025316455698,1.6012658227848102,37.28455995856514,0.7317621807041516
3.2341772151898733,1.6012658227848102,37.2877118832524,0.7318960285544377
3.2721518987341773,1.6012658227848102,37.29074689795271,0.7320267977914897
3.310126582278481,1.6012658227848102,37.29546825692955,0.7322213015257215
3.348101265822785,1.6012658227848102,37.297900189773564,0.7323283678798792
3.386075949367089,1.6012658227848102,37.30152034111187,0.7324823592370623
3.4240506329113924,1.6012658227848102,37.30476970877583,0.732618873736106
3.4620253164556964,1.6012658227848102,37.30740460636581,0.7327316069272897
3.5,1.6012658227848102,37.31009659496049,0.7328429939188851
0.5,1.639240506329114,27.593318439182674,0.19988145589621695
0.5379746835443038,1.639240506329114,27.593023160757834,0.19994774577031338
0.5759493670886076,1.639240506329114,27.59062798459432,0.19994405475371846
0.6139240506329113,1.639240506329114,27.587517254010457,0.19985972290921644
0.6518987341772152,1.639240506329114,27.568762987736015,0.1998958899272766
0.689873417721519,1.639240506329114,27.56790667013495,0.19994928052342226
0.7278481012658228,1.639240506329114,27.56321352251936,0.1999670072198542
0.7658227848101267,1.639240506329114,27.559570344216237,0.19996142959032343
0.8037974683544304,1.639240506329114,27.547603248609168,0.1999615395273383
0.8417721518987342,1.639240506329114,27.490379800559687,0.19990129121824357
0.879746835443038,1.639240506329114,27.439612613177395,0.19995752021065252
0.9177215189873418,1.639240506329114,27.4063773757509,0.19990823993727164
0.9556962025316456,1.639240506329114,27.373601357087708,0.19997406218131375
0.9936708860759493,1.639240506329114,27.34902679005761,0.19990799543882878
1.0316455696202533,1.639240506329114,27.340567479551588,0.19997049487470642
1.0696202531645569,1.639240506329114,27.336794838880284,0.19995838941302363
1.1075949367088609,1.639240506329114,27.334011008579598,0.19996033893241716
1.1455696202531644,1.639240506329114,27.330145523213506,0.19990535263683318
1.1835443037974684,1.639240506329114,27.32790879975986,0.1999757665373043
1.2215189873417722,1.639240506329114,27.322637410529328,0.19990860976084338
1.259493670886076,1.639240506329114,27.301690996696713,0.1999515479510892
1.2974683544303798,1.639240506329114,27.283976161165352,0.19993849937019353
1.3354430379746836,1.639240506329114,27.2463284440241,0.19991743307076082
1.3734177215189873,1.639240506329114,27.220676814662262,0.19992903657307612
1.4113924050632911,1.639240506329114,27.175715712929325,0.199909000955781
1.449367088607595,1.639240506329114,27.140059548602444,0.19995309044963372
1.4873417721518987,1.639240506329114,27.10282425407823,0.19995861247019917
1.5253164556962027,1.639240506329114,26.958429519330924,0.199984253296649
1.5632911392405064,1.639240506329114,26.744397163140523,0.1999744111788843
1.6012658227848102,1.639240506329114,26.653948327097826,0.19998060103998055
1.639240506329114,1.639240506329114,26.583728715112226,0.19997418392264144
1.6772151898734178,1.639240506329114,26.470761723665763,0.1999823416727739
1.7151898734177216,1.639240506329114,26.366323339573704,0.1999579215163285
1.7911392405063291,1.639240506329114,26.165381053342532,0.20007996726394453
1.7531645569620253,1.639240506329114,26.264267989223697,0.19999972075765043
1.8291139240506329,1.639240506329114,26.191282059967786,0.20576510824690505
1.8670886075949367,1.639240506329114,26.83509513175684,0.24086498237131157
1.9050632911392404,1.639240506329114,27.93774161095251,0.2994548545627121
1.9430379746835444,1.639240506329114,29.776324503906682,0.39448203420971895
1.9810126582278482,1.639240506329114,30.3610353295978,0.42409353813429745
2.018987341772152,1.639240506329114,30.937252903993016,0.45267231834718435
2.056962025316456,1.639240506329114,31.616957385418807,0.485718881242157
2.0949367088607596,1.639240506329114,31.947877518343066,0.5015348683400785
2.132911392405063,1.639240506329114,32.32710352141989,0.5193529073343444
2.170886075949367,1.639240506329114,33.26474598588106,0.5624535107173599
2.208860759493671,1.639240506329114,33.95605630516747,0.5936760489686033
2.2468354430379747,1.639240506329114,34.50809479439771,0.6181885907508882
2.2848101265822782,1.639240506329114,34.9982741128363,0.6398298596592376
2.3227848101265822,1.639240506329114,35.43093188314084,0.658353098486439
2.3607594936708862,1.639240506329114,35.65709439970308,0.6679293287843601
2.39873417721519,1.639240506329114,35.768845363414464,0.6726102034090629
2.4367088607594938,1.639240506329114,35.85481538575914,0.6761449489123804
2.4746835443037973,1.639240506329114,36.022105978885165,0.6828649042416423
2.5126582278481013,1.639240506329114,36.52424248738667,0.7027181309398309
2.5506329113924053,1.639240506329114,36.779985685524146,0.7126913553684189
2.588607594936709,1.639240506329114,36.9175328419791,0.7179850607790553
2.626582278481013,1.639240506329114,37.09774251708215,0.7248162279343668
2.6645569620253164,1.639240506329114,37.17128648436382,0.7275939385092123
2.7025316455696204,1.639240506329114,37.19971915761237,0.7286950168094034
2.740506329113924,1.639240506329114,37.22178963818445,0.7295521435353941
2.778481012658228,1.639240506329114,37.24000060735703,0.7302606610644531
2.8164556962025316,1.639240506329114,37.25188579462022,0.7307550304412029
2.8544303797468356,1.639240506329114,37.26097020990021,0.7311402161079542
2.892405063291139,1.639240506329114,37.26742383846574,0.7314211650778446
2.930379746835443,1.639240506329114,37.27549264004388,0.7317672510786724
2.968354430379747,1.639240506329114,37.28135937520638,0.7320098043553277
3.0063291139240507,1.639240506329114,37.28668232802629,0.732234429702211
3.0443037974683547,1.639240506329114,37.29258378834,0.7324858278432754
3.0822784810126582,1.639240506329114,37.297544275109146,0.7326965574001995
3.1202531645569622,1.639240506329114,37.30194876873143,0.7328794099689044
3.1582278481012658,1.639240506329114,37.30603760524428,0.733048595425632
3.1962025316455698,1.639240506329114,37.310173180305554,0.7332271479071769
3.2341772151898733,1.639240506329114,37.313376712113694,0.7333671362907562
3.2721518987341773,1.639240506329114,37.31763648355709,0.7335404687675147
3.310126582278481,1.639240506329114,37.32037799445715,0.733655542830103
3.348101265822785,1.639240506329114,37.32377075912379,0.7337990496185917
3.386075949367089,1.639240506329114,37.32756294410229,0.7339614155630818
3.4240506329113924,1.639240506329114,37.32941522159362,0.7340390641549658
3.5,1.639240506329114,37.33436714669416,0.7342418679932816
3.4620253164556964,1.639240506329114,37.3319984498422,0.7341458008648949
0.5379746835443038,1.6772151898734178,27.592952076127506,0.19994684836853224
0.5,1.6772151898734178,27.59482750467022,0.19994539773381537
0.5759493670886076,1.6772151898734178,27.58873008580315,0.1999152119135188
0.6139240506329113,1.6772151898734178,27.571427825736144,0.1999228397315259
0.6518987341772152,1.6772151898734178,27.569294082022626,0.1999508247909441
0.689873417721519,1.6772151898734178,27.567059583335254,0.19995077569324407
0.7278481012658228,1.6772151898734178,27.562149461189666,0.199915722442796
0.7658227848101267,1.6772151898734178,27.558482374271442,0.1999617501133732
0.8037974683544304,1.6772151898734178,27.54607951116575,0.1999371655265179
0.8417721518987342,1.6772151898734178,27.49155733356152,0.1999552407122101
0.879746835443038,1.6772151898734178,27.43936225334706,0.1999748803946811
0.9556962025316456,1.6772151898734178,27.372621411939996,0.19995380814262265
0.9177215189873418,1.6772151898734178,27.407912382698438,0.19997296416219165
0.9936708860759493,1.6772151898734178,27.34966805279898,0.19995850501218052
1.0316455696202533,1.6772151898734178,27.34040251476316,0.19997014113944986
1.0696202531645569,1.6772151898734178,27.33662388360072,0.1999632233619686
1.1075949367088609,1.6772151898734178,27.333874729615374,0.19995786888492956
1.1455696202531644,1.6772151898734178,27.331377379763477,0.19995332865749196
1.1835443037974684,1.6772151898734178,27.32676313738508,0.19994529905618214
1.259493670886076,1.6772151898734178,27.30122674753494,0.19993806681713905
1.2215189873417722,1.6772151898734178,27.32304161203697,0.19996437016599147
1.2974683544303798,1.6772151898734178,27.28420571108947,0.1999832480002796
1.3354430379746836,1.6772151898734178,27.246343756270623,0.19995318841793705
1.3734177215189873,1.6772151898734178,27.220887653300885,0.1999873780452687
1.4113924050632911,1.6772151898734178,27.175685463393833,0.19996274486708984
1.449367088607595,1.6772151898734178,27.138840769089022,0.19996908056419882
1.4873417721518987,1.6772151898734178,27.099576199204364,0.19997386985933527
1.5253164556962027,1.6772151898734178,26.95448865699388,0.19997063693460254
1.5632911392405064,1.6772151898734178,26.740285704239632,0.19997506466485096
1.6012658227848102,1.6772151898734178,26.651641181366806,0.19998764081923756
1.639240506329114,1.6772151898734178,26.582081607835885,0.1999887799192965
1.6772151898734178,1.6772151898734178,26.464903458699048,0.1999710879856439
1.7151898734177216,1.6772151898734178,26.364377912041203,0.1999986699954837
1.7531645569620253,1.6772151898734178,26.259249342075478,0.20006001032005877
1.7911392405063291,1.6772151898734178,26.160264059759875,0.2001553774890831
1.8291139240506329,1.6772151898734178,26.215422988618915,0.20722225567766783
1.8670886075949367,1.6772151898734178,26.858900002576227,0.24229606738437523
1.9050632911392404,1.6772151898734178,27.9636415324488,0.300992073319713
1.9430379746835444,1.6772151898734178,29.813353622078402,0.3965923188956733
1.9810126582278482,1.6772151898734178,30.389647882000336,0.4257626146180572
2.018987341772152,1.6772151898734178,30.966932948510383,0.45437869341890724
2.056962025316456,1.6772151898734178,31.645090200598812,0.48734610368897535
2.0949367088607596,1.6772151898734178,31.978111782179965,0.5032556678001185
2.132911392405063,1.6772151898734178,32.3952608759803,0.5229308159082591
2.170886075949367,1.6772151898734178,33.29395426438727,0.5641168979408638
2.2468354430379747,1.6772151898734178,34.54784782119671,0.6203406139535502
2.208860759493671,1.6772151898734178,33.983725315707,0.5952649788670978
2.2848101265822782,1.6772151898734178,35.02606662708443,0.6414154357076725
2.3227848101265822,1.6772151898734178,35.46028860393513,0.6600154551408133
2.3607594936708862,1.6772151898734178,35.68622146006253,0.6695780668799666
2.39873417721519,1.6772151898734178,35.79568550531065,0.6741462469457823
2.4367088607594938,1.6772151898734178,35.88071609071657,0.6776342681638531
2.4746835443037973,1.6772151898734178,36.049114680980914,0.6844036047641286
2.5126582278481013,1.6772151898734178,36.55053601579439,0.704220546970389
2.5506329113924053,1.6772151898734178,36.80560544537988,0.7141617151991334
2.588607594936709,1.6772151898734178,36.945079166006295,0.7195392224006955
2.626582278481013,1.6772151898734178,37.12455289461463,0.7263424317212682
2.6645569620253164,1.6772151898734178,37.20074066087395,0.7292339676209685
2.7025316455696204,1.6772151898734178,37.229516990682164,0.7303497566968525
2.740506329113924,1.6772151898734178,37.25229316522291,0.7312457233362735
2.778481012658228,1.6772151898734178,37.27120573266024,0.7319858526356527
2.8164556962025316,1.6772151898734178,37.28245406797892,0.7324417097948904
2.8544303797468356,1.6772151898734178,37.2908646667859,0.7327982546544995
2.892405063291139,1.6772151898734178,37.29712885611488,0.7330663522929264
2.930379746835443,1.6772151898734178,37.30361315927831,0.7333384404854987
2.968354430379747,1.6772151898734178,37.30955607682383,0.7335872685658446
3.0063291139240507,1.6772151898734178,37.315789528539554,0.7338509343547168
3.0443037974683547,1.6772151898734178,37.32044093029241,0.7340443638459047
3.0822784810126582,1.6772151898734178,37.32510915564893,0.7342390481435872
3.1202531645569622,1.6772151898734178,37.329957106643526,0.7344444324326517
3.1582278481012658,1.6772151898734178,37.33447056221473,0.734633284750799
3.1962025316455698,1.6772151898734178,37.33694354812953,0.7347389680445235
3.2341772151898733,1.6772151898734178,37.341184202831656,0.7349154020556677
3.2721518987341773,1.6772151898734178,37.345218266598984,0.7350829460007698
3.310126582278481,1.6772151898734178,37.34789047712159,0.735191718866113
3.348101265822785,1.6772151898734178,37.34993585393096,0.7352759223602856
3.386075949367089,1.6772151898734178,37.35266167532837,0.7353936510673994
3.4240506329113924,1.6772151898734178,37.355340909680926,0.7355048974154772
3.4620253164556964,1.6772151898734178,37.358534314683666,0.7356383713111201
3.5,1.6772151898734178,37.360377236103155,0.7357144119469534
0.5,1.7151898734177216,27.59205357786642,0.199945889067302
0.5379746835443038,1.7151898734177216,27.590467668943262,0.19993821955924485
0.6139240506329113,1.7151898734177216,27.571114034756917,0.19995444890344893
0.5759493670886076,1.7151898734177216,27.572214773629344,0.19995365120183106
0.6518987341772152,1.7151898734177216,27.569425520658108,0.19996880785107554
0.689873417721519,1.7151898734177216,27.566847488629694,0.19995645962716943
0.7278481012658228,1.7151898734177216,27.56287223182867,0.19996034801806045
0.7658227848101267,1.7151898734177216,27.55917758635763,0.19996250006508104
0.8037974683544304,1.7151898734177216,27.547514209512475,0.19997122464480707
0.8417721518987342,1.7151898734177216,27.491123981249494,0.19995565460734777
0.879746835443038,1.7151898734177216,27.43884983260446,0.1999536674128265
0.9177215189873418,1.7151898734177216,27.40705058733546,0.1999631686487993
0.9936708860759493,1.7151898734177216,27.34973300868553,0.19996602287320614
1.0316455696202533,1.7151898734177216,27.340464408132036,0.19997242103578788
0.9556962025316456,1.7151898734177216,27.372404186439066,0.19996333823589607
1.0696202531645569,1.7151898734177216,27.33726387855546,0.19998356406820597
1.1075949367088609,1.7151898734177216,27.33340456576236,0.199972516105586
1.1455696202531644,1.7151898734177216,27.331662087313727,0.19998573749470655
1.1835443037974684,1.7151898734177216,27.32715796252866,0.19998117539861743
1.2215189873417722,1.7151898734177216,27.322920093845962,0.19996154781653872
1.2974683544303798,1.7151898734177216,27.283300935937636,0.19998432054929338
1.259493670886076,1.7151898734177216,27.30153887922907,0.1999766490013666
1.3354430379746836,1.7151898734177216,27.24437524996187,0.19997501309819316
1.3734177215189873,1.7151898734177216,27.218419227132518,0.19998986932044732
1.4113924050632911,1.7151898734177216,27.173200655298142,0.19998958277754206
1.449367088607595,1.7151898734177216,27.138580212171977,0.1999652213952251
1.4873417721518987,1.7151898734177216,27.098629096794213,0.19998459827663653
1.5253164556962027,1.7151898734177216,26.953755270470566,0.19998089875087605
1.5632911392405064,1.7151898734177216,26.739013427122483,0.1999836800736169
1.6012658227848102,1.7151898734177216,26.650311654176477,0.1999815269993094
1.6772151898734178,1.7151898734177216,26.463388342964514,0.19998123107993548
1.639240506329114,1.7151898734177216,26.58027761413679,0.1999914217447494
1.7151898734177216,1.7151898734177216,26.363612660816134,0.2000297018176963
1.7531645569620253,1.7151898734177216,26.258536389149977,0.2001518221064637
1.7911392405063291,1.7151898734177216,26.157719807459188,0.20017328862231715
1.8670886075949367,1.7151898734177216,26.875337187466595,0.2432556304433956
1.8291139240506329,1.7151898734177216,26.228631717787753,0.2079979151454097
1.9050632911392404,1.7151898734177216,27.980308346512818,0.3019527206596247
1.9430379746835444,1.7151898734177216,29.831322488700124,0.3976027964010981
2.018987341772152,1.7151898734177216,30.985396840686857,0.45539920826729563
1.9810126582278482,1.7151898734177216,30.402781184152268,0.4265155865257176
2.056962025316456,1.7151898734177216,31.66208998157613,0.48829529624759554
2.0949367088607596,1.7151898734177216,31.994874098615668,0.5041903567713842
2.132911392405063,1.7151898734177216,32.41302200172811,0.5239096515220303
2.170886075949367,1.7151898734177216,33.31132305486157,0.5650648615476118
2.208860759493671,1.7151898734177216,34.0018508702824,0.5962473681031635
2.2468354430379747,1.7151898734177216,34.579436480199654,0.6219527663391708
2.2848101265822782,1.7151898734177216,35.04444453377734,0.6424149620753151
2.3227848101265822,1.7151898734177216,35.47762299599533,0.6609616013827447
2.3607594936708862,1.7151898734177216,35.70287737401768,0.670484734100644
2.39873417721519,1.7151898734177216,35.81109234624257,0.6749896471768888
2.4367088607594938,1.7151898734177216,35.89679660887182,0.6785123597477061
2.4746835443037973,1.7151898734177216,36.06557736660925,0.6852982098783326
2.5126582278481013,1.7151898734177216,36.56806266500034,0.705166526339151
2.5506329113924053,1.7151898734177216,36.82230698611303,0.7150688803859768
2.588607594936709,1.7151898734177216,36.96157296701854,0.720429864155189
2.626582278481013,1.7151898734177216,37.143588738627464,0.7273456366768651
2.6645569620253164,1.7151898734177216,37.21862536240367,0.730188823838682
2.7025316455696204,1.7151898734177216,37.24913110072266,0.7313821021144072
2.740506329113924,1.7151898734177216,37.27202663845648,0.7322764688730136
2.778481012658228,1.7151898734177216,37.290753788832475,0.7330051589515116
2.8164556962025316,1.7151898734177216,37.30113035223224,0.7334220891134177
2.8544303797468356,1.7151898734177216,37.3078387788633,0.7336981412665932
2.892405063291139,1.7151898734177216,37.31507677117885,0.734007432205291
2.930379746835443,1.7151898734177216,37.3212409343986,0.7342653961865241
2.968354430379747,1.7151898734177216,37.32742083736877,0.734526212279068
3.0063291139240507,1.7151898734177216,37.332559492948434,0.7347415991664572
3.0443037974683547,1.7151898734177216,37.33748391992478,0.734947423567477
3.0822784810126582,1.7151898734177216,37.342226946470454,0.7351442234661387
3.1202531645569622,1.7151898734177216,37.3466306308525,0.7353266321655605
3.1582278481012658,1.7151898734177216,37.3503987877212,0.7354862611302496
3.1962025316455698,1.7151898734177216,37.35373504384268,0.7356234504853055
3.2721518987341773,1.7151898734177216,37.36027319019699,0.7358898832753411
3.2341772151898733,1.7151898734177216,37.35697997751274,0.7357578149956164
3.310126582278481,1.7151898734177216,37.362876006147765,0.7359999057204958
3.348101265822785,1.7151898734177216,37.36556322852194,0.7361141063914977
3.386075949367089,1.7151898734177216,37.36866229386354,0.7362438557502996
3.4240506329113924,1.7151898734177216,37.3719667694627,0.7363862138507944
3.4620253164556964,1.7151898734177216,37.37483768410733,0.7365052035504017
3.5,1.7151898734177216,37.37803618687464,0.7366368012282065
0.5,1.7531645569620253,27.59251185279928,0.1999510729141499
0.5379746835443038,1.7531645569620253,27.57427982869541,0.19995751303905235
0.5759493670886076,1.7531645569620253,27.573236663803446,0.19995518090897335
0.6139240506329113,1.7531645569620253,27.5718894093472,0.1999593660338874
0.6518987341772152,1.7531645569620253,27.56935107266204,0.1999600839194997
0.689873417721519,1.7531645569620253,27.566858086183608,0.19998190748488334
0.7278481012658228,1.7531645569620253,27.564069108764905,0.19997707493697112
0.7658227848101267,1.7531645569620253,27.558993608544487,0.19997383761446097
0.8037974683544304,1.7531645569620253,27.546922171653755,0.19996335918320957
0.8417721518987342,1.7531645569620253,27.490860142904175,0.19997733054144587
0.879746835443038,1.7531645569620253,27.440069969398305,0.19997337247861596
0.9177215189873418,1.7531645569620253,27.4067782315452,0.19996967256147716
0.9556962025316456,1.7531645569620253,27.372225104207537,0.19997403424570492
1.0316455696202533,1.7531645569620253,27.340630928876827,0.19996505367672832
0.9936708860759493,1.7531645569620253,27.35001279641048,0.19998919108519067
1.1075949367088609,1.7531645569620253,27.333356550481493,0.19998712061177282
1.0696202531645569,1.7531645569620253,27.337314521931596,0.19998066315864033
1.1455696202531644,1.7531645569620253,27.330528616245342,0.19997904673868938
1.1835443037974684,1.7531645569620253,27.325557645005926,0.19998782741068705
1.2215189873417722,1.7531645569620253,27.321055196716213,0.19996264383761225
1.259493670886076,1.7531645569620253,27.299444228947586,0.19998447019443152
1.2974683544303798,1.7531645569620253,27.281748235573914,0.19997717754819175
1.3354430379746836,1.7531645569620253,27.243198236515386,0.1999612081363789
1.3734177215189873,1.7531645569620253,27.217247906608442,0.19997268968929732
1.4113924050632911,1.7531645569620253,27.172628735004334,0.19998351781191465
1.449367088607595,1.7531645569620253,27.138425170741247,0.1999910404258937
1.4873417721518987,1.7531645569620253,27.097546918945234,0.19997847263317006
1.5253164556962027,1.7531645569620253,26.9506710397749,0.19998762725812227
1.5632911392405064,1.7531645569620253,26.73445679886054,0.19997109996998472
1.6012658227848102,1.7531645569620253,26.646951769588718,0.19997947208415343
1.639240506329114,1.7531645569620253,26.577546315387025,0.19999408147797484
1.6772151898734178,1.7531645569620253,26.460114041037734,0.2000487169205913
1.7151898734177216,1.7531645569620253,26.36204664617723,0.2001059622037941
1.7531645569620253,1.7531645569620253,26.2525011070658,0.20017625120241622
1.7911392405063291,1.7531645569620253,26.150694245405266,0.20019618493203972
1.8291139240506329,1.7531645569620253,26.263420753396844,0.2100103452036776
1.8670886075949367,1.7531645569620253,26.905660641035414,0.24500450194781975
1.9050632911392404,1.7531645569620253,28.01124475464575,0.30372041689328755
1.9430379746835444,1.7531645569620253,29.86724553003113,0.3996167557896952
1.9810126582278482,1.7531645569620253,30.434249528577592,0.42829441932297196
2.018987341772152,1.7531645569620253,31.01569906843538,0.4571160282042092
2.056962025316456,1.7531645569620253,31.693166923936893,0.4900418495618577
2.0949367088607596,1.7531645569620253,32.04396383211092,0.5068230497981737
2.132911392405063,1.7531645569620253,32.44484332942628,0.5256826074269539
2.170886075949367,1.7531645569620253,33.34489817344146,0.5669220125778096
2.208860759493671,1.7531645569620253,34.04447076679906,0.598523106704576
2.2468354430379747,1.7531645569620253,34.6774358910295,0.6268224041843149
2.2848101265822782,1.7531645569620253,35.07712180313113,0.6442220220732521
2.3227848101265822,1.7531645569620253,35.50935777469245,0.6627132382173396
2.3607594936708862,1.7531645569620253,35.734144086311886,0.6722162939336437
2.39873417721519,1.7531645569620253,35.84433795837396,0.6768193882814083
2.4367088607594938,1.7531645569620253,35.92892579605127,0.6802864191144989
2.4746835443037973,1.7531645569620253,36.097248719564085,0.6870442153675187
2.5126582278481013,1.7531645569620253,36.59836694441817,0.7068414804586212
2.5506329113924053,1.7531645569620253,36.85304347799509,0.7167616652386587
2.588607594936709,1.7531645569620253,36.9967457467051,0.7223191209765195
2.626582278481013,1.7531645569620253,37.17885938831275,0.7292429136068063
2.6645569620253164,1.7531645569620253,37.255633812570714,0.7321590600068558
2.7025316455696204,1.7531645569620253,37.28457580965805,0.7332809668883395
2.740506329113924,1.7531645569620253,37.30587198733818,0.7341046840293797
2.778481012658228,1.7531645569620253,37.32358537265351,0.7347795975674372
2.8164556962025316,1.7531645569620253,37.33455140746316,0.7352247943536282
2.8544303797468356,1.7531645569620253,37.34229546408703,0.7355470628746977
2.892405063291139,1.7531645569620253,37.347548044498666,0.7357645986706077
2.930379746835443,1.7531645569620253,37.35441195242029,0.7360528591133899
2.968354430379747,1.7531645569620253,37.359415248888936,0.7362608326230982
3.0063291139240507,1.7531645569620253,37.364588730874296,0.7364783380883949
3.0443037974683547,1.7531645569620253,37.36930340049792,0.7366740658091586
3.0822784810126582,1.7531645569620253,37.37434035394467,0.736883484030416
3.1202531645569622,1.7531645569620253,37.37780920918233,0.7370243081504172
3.1582278481012658,1.7531645569620253,37.380837338611,0.7371494602255702
3.1962025316455698,1.7531645569620253,37.384636029119626,0.7373066551991752
3.2341772151898733,1.7531645569620253,37.38741079945751,0.7374202982071966
3.2721518987341773,1.7531645569620253,37.39096323208524,0.7375657377014588
3.310126582278481,1.7531645569620253,37.39469967871348,0.7377249572330289
3.348101265822785,1.7531645569620253,37.39761934543118,0.7378482824104146
3.386075949367089,1.7531645569620253,37.40041224457948,0.7379638103633797
3.4240506329113924,1.7531645569620253,37.40299784143247,0.7380685359791699
3.4620253164556964,1.7531645569620253,37.4063036622133,0.7382058786229783
3.5,1.7531645569620253,37.40873033885585,0.7383066553376404
0.5,1.7911392405063291,27.575912398121297,0.19995719447682597
0.5379746835443038,1.7911392405063291,27.57544059688704,0.1999591789632726
0.5759493670886076,1.7911392405063291,27.573669672638168,0.1999575131118346
0.6139240506329113,1.7911392405063291,27.57276817036504,0.19997863283511647
0.6518987341772152,1.7911392405063291,27.569836550674633,0.19998688588602193
0.689873417721519,1.7911392405063291,27.568419004561253,0.19998285577291605
0.7278481012658228,1.7911392405063291,27.563552295511137,0.1999827738362399
0.8037974683544304,1.7911392405063291,27.548419408737562,0.19999024880953148
0.7658227848101267,1.7911392405063291,27.55984809641097,0.19997200888837993
0.8417721518987342,1.7911392405063291,27.49263317203273,0.19999193082920333
0.879746835443038,1.7911392405063291,27.440752282878186,0.19998486982345182
0.9177215189873418,1.7911392405063291,27.408257210492273,0.19996347370324885
0.9556962025316456,1.7911392405063291,27.371925762585594,0.19997649425577496
0.9936708860759493,1.7911392405063291,27.351019722269534,0.19997145859837018
1.0316455696202533,1.7911392405063291,27.341633725922375,0.1999712191593154
1.1075949367088609,1.7911392405063291,27.33204801675684,0.1999748689201023
1.0696202531645569,1.7911392405063291,27.336605486333752,0.1999821175817557
1.1455696202531644,1.7911392405063291,27.330593583603584,0.19998552747439366
1.1835443037974684,1.7911392405063291,27.325393113749488,0.1999614365545113
1.2215189873417722,1.7911392405063291,27.320916689228245,0.1999781112013092
1.259493670886076,1.7911392405063291,27.299565652495524,0.1999912147484606
1.3354430379746836,1.7911392405063291,27.24125120215018,0.1999750339118056
1.2974683544303798,1.7911392405063291,27.28143070488119,0.19999161229611512
1.3734177215189873,1.7911392405063291,27.215692403233902,0.1999811969709966
1.4113924050632911,1.7911392405063291,27.170176610215865,0.19997995994523746
1.449367088607595,1.7911392405063291,27.138347233223318,0.19998102269144394
1.4873417721518987,1.7911392405063291,27.09390575634798,0.19998705288901536
1.5253164556962027,1.7911392405063291,26.948305029822283,0.1999756786431094
1.5632911392405064,1.7911392405063291,26.729389587496904,0.19998939336516647
1.6012658227848102,1.7911392405063291,26.645289432495492,0.1999859895601451
1.639240506329114,1.7911392405063291,26.5768016269729,0.20006523132996445
1.6772151898734178,1.7911392405063291,26.45590990965809,0.20006014002492678
1.7151898734177216,1.7911392405063291,26.35939008063593,0.20016570311653673
1.7531645569620253,1.7911392405063291,26.246750052215223,0.2002848093781387
1.7911392405063291,1.7911392405063291,26.148061395055574,0.20027161689193698
1.8291139240506329,1.7911392405063291,26.30892243309474,0.2125941788802975
1.9050632911392404,1.7911392405063291,28.05536559180854,0.30619612384345873
1.8670886075949367,1.7911392405063291,26.9509491344927,0.24756510071183346
1.9430379746835444,1.7911392405063291,29.911200938501565,0.40206270114723236
1.9810126582278482,1.7911392405063291,30.478525973161965,0.43075443457593976
2.018987341772152,1.7911392405063291,31.06190489913049,0.45966520681951883
2.056962025316456,1.7911392405063291,31.740621339446655,0.4926489354141364
2.0949367088607596,1.7911392405063291,32.13143261201843,0.511390583461956
2.132911392405063,1.7911392405063291,32.49220063992844,0.528275861588414
2.170886075949367,1.7911392405063291,33.39304711296721,0.5695578778223289
2.208860759493671,1.7911392405063291,34.107328817322525,0.6018516190932391
2.2848101265822782,1.7911392405063291,35.12498586216808,0.6468235793430052
2.2468354430379747,1.7911392405063291,34.723192588540115,0.629324596909568
2.3227848101265822,1.7911392405063291,35.55599077084227,0.665256977383796
2.3607594936708862,1.7911392405063291,35.780488426563274,0.6747423234754171
2.39873417721519,1.7911392405063291,35.88826711497826,0.6792264547029575
2.4367088607594938,1.7911392405063291,35.974187628860165,0.6827504942730883
2.4746835443037973,1.7911392405063291,36.14189809691391,0.6894790659138309
2.5126582278481013,1.7911392405063291,36.64360697187953,0.7093013255812487
2.5506329113924053,1.7911392405063291,36.902877870081454,0.719432045026423
2.588607594936709,1.7911392405063291,37.04516957059836,0.7249235634291531
2.626582278481013,1.7911392405063291,37.229300006506854,0.7319360901050023
2.6645569620253164,1.7911392405063291,37.3056277756968,0.7348354215043306
2.7025316455696204,1.7911392405063291,37.332561727014486,0.7358590487864504
2.740506329113924,1.7911392405063291,37.353506109872065,0.7366653207929561
2.778481012658228,1.7911392405063291,37.37138792640771,0.7373466020669726
2.8164556962025316,1.7911392405063291,37.38192749199638,0.7377677870096652
2.8544303797468356,1.7911392405063291,37.38925528662674,0.7380718255149231
2.892405063291139,1.7911392405063291,37.39501043803195,0.7383102993956197
2.930379746835443,1.7911392405063291,37.401360870301865,0.7385764800511946
2.968354430379747,1.7911392405063291,37.40671630285716,0.7387975334280614
3.0063291139240507,1.7911392405063291,37.41082316475298,0.7389659835291807
3.0443037974683547,1.7911392405063291,37.41504725525431,0.7391362174425928
3.0822784810126582,1.7911392405063291,37.420316234266664,0.7393573355867322
3.1202531645569622,1.7911392405063291,37.42296509933165,0.7394668144602073
3.1582278481012658,1.7911392405063291,37.426661246294735,0.7396203803575142
3.1962025316455698,1.7911392405063291,37.43034352233604,0.739774561179292
3.2341772151898733,1.7911392405063291,37.434268246522876,0.7399352333270682
3.2721518987341773,1.7911392405063291,37.43704034557851,0.7400446017195704
3.310126582278481,1.7911392405063291,37.44036713082314,0.7401877567441824
3.348101265822785,1.7911392405063291,37.44359973238554,0.7403238714224571
3.386075949367089,1.7911392405063291,37.44633777185082,0.7404351119464748
3.4240506329113924,1.7911392405063291,37.44902663290914,0.740544816951303
3.4620253164556964,1.7911392405063291,37.45212735676014,0.7406735996412326
3.5,1.7911392405063291,37.45358906974715,0.7407355878984907
0.5,1.8291139240506329,27.57998291913184,0.19997494780422206
0.5379746835443038,1.8291139240506329,27.57893967551545,0.19997740149926593
0.5759493670886076,1.8291139240506329,27.57731336603088,0.19998068975525132
0.6139240506329113,1.8291139240506329,27.57531981218567,0.1999863203690708
0.6518987341772152,1.8291139240506329,27.572446123587813,0.19996732899286682
0.689873417721519,1.8291139240506329,27.570105228629366,0.19996602839339436
0.7278481012658228,1.8291139240506329,27.566616916762374,0.19998174145201067
0.7658227848101267,1.8291139240506329,27.562842645279943,0.19998081139633728
0.8037974683544304,1.8291139240506329,27.549329261691863,0.19997430904002234
0.8417721518987342,1.8291139240506329,27.492352048362186,0.1999886204649603
0.879746835443038,1.8291139240506329,27.439244529278007,0.1999763837435848
0.9177215189873418,1.8291139240506329,27.40819098792013,0.19998625969634817
0.9556962025316456,1.8291139240506329,27.37171622201678,0.19997084575947185
0.9936708860759493,1.8291139240506329,27.35538621579597,0.19998179599004728
1.0316455696202533,1.8291139240506329,27.340617510811832,0.19994493050564932
1.0696202531645569,1.8291139240506329,27.33481002090324,0.19994284417701974
1.1075949367088609,1.8291139240506329,27.332685100359267,0.19998329563586761
1.1455696202531644,1.8291139240506329,27.32897465789972,0.19996083493759007
1.1835443037974684,1.8291139240506329,27.324596482825942,0.19996200877377474
1.2215189873417722,1.8291139240506329,27.320986377345886,0.19999368837001327
1.259493670886076,1.8291139240506329,27.297279614426838,0.19993718541549405
1.2974683544303798,1.8291139240506329,27.280648726561985,0.199988050944251
1.3354430379746836,1.8291139240506329,27.24310512948327,0.20005384942049542
1.3734177215189873,1.8291139240506329,27.21749550311317,0.2000448606752659
1.4113924050632911,1.8291139240506329,27.172712789528873,0.20010120793990804
1.449367088607595,1.8291139240506329,27.142350186824565,0.20011177989197187
1.4873417721518987,1.8291139240506329,27.091759156615254,0.1999882832745583
1.5253164556962027,1.8291139240506329,26.94718129349543,0.20003776279463087
1.5632911392405064,1.8291139240506329,26.72562073263218,0.20016045033902605
1.6012658227848102,1.8291139240506329,26.648397380870506,0.20025311050603958
1.639240506329114,1.8291139240506329,26.576377117124917,0.200359924410336
1.6772151898734178,1.8291139240506329,26.45957092898258,0.20040289644236814
1.7151898734177216,1.8291139240506329,26.361318574358688,0.20052225008040206
1.7531645569620253,1.8291139240506329,26.24633463282228,0.2006154851186208
1.7911392405063291,1.8291139240506329,26.149012924926446,0.2006057517242887
1.8291139240506329,1.8291139240506329,26.391837565055553,0.21719999281869934
1.8670886075949367,1.8291139240506329,27.031917443907385,0.2520432285088303
1.9050632911392404,1.8291139240506329,28.135391833340762,0.3105938015920296
1.9430379746835444,1.8291139240506329,29.994347324295028,0.4065935288198295
1.9810126582278482,1.8291139240506329,30.55866564422553,0.4351259862972818
2.018987341772152,1.8291139240506329,31.149606922231662,0.46440857761517573
2.056962025316456,1.8291139240506329,31.824745695333828,0.49721009946060385
2.0949367088607596,1.8291139240506329,32.22016442829761,0.5161801890384163
2.132911392405063,1.8291139240506329,32.584007212083414,0.5332136454435107
2.170886075949367,1.8291139240506329,33.483116757751816,0.5744006262600599
2.208860759493671,1.8291139240506329,34.207606682644446,0.6071569519038064
2.2468354430379747,1.8291139240506329,34.806813192311026,0.6338413812011863
2.2848101265822782,1.8291139240506329,35.21033418842271,0.651413596110063
2.3227848101265822,1.8291139240506329,35.64094705919119,0.6698282699797578
2.3607594936708862,1.8291139240506329,35.86498090274204,0.6792840077508634
2.39873417721519,1.8291139240506329,35.97261943703716,0.683759647595607
2.4367088607594938,1.8291139240506329,36.0586630073694,0.6872872630799205
2.4746835443037973,1.8291139240506329,36.22824491311245,0.6941066294762531
2.5126582278481013,1.8291139240506329,36.73343499826249,0.7140864128832403
2.5506329113924053,1.8291139240506329,36.99165966501935,0.7241622983962689
2.588607594936709,1.8291139240506329,37.13669320749402,0.7297789408616092
2.626582278481013,1.8291139240506329,37.31653414276169,0.7365878792184778
2.7025316455696204,1.8291139240506329,37.41894394525405,0.740461514517433
2.740506329113924,1.8291139240506329,37.43919515357106,0.7412342459857981
2.6645569620253164,1.8291139240506329,37.390981701958246,0.739399210543681
2.778481012658228,1.8291139240506329,37.45826427736619,0.7419676833850761
2.8164556962025316,1.8291139240506329,37.46787949971817,0.7423484225615046
2.8544303797468356,1.8291139240506329,37.47533076278689,0.7426566269225038
2.892405063291139,1.8291139240506329,37.48214786987985,0.7429409346612054
2.930379746835443,1.8291139240506329,37.486838727314556,0.7431346465894947
2.968354430379747,1.8291139240506329,37.491957785403656,0.743348996606546
3.0063291139240507,1.8291139240506329,37.496351057653854,0.7435296022808378
3.0443037974683547,1.8291139240506329,37.50066111358029,0.7437044948081222
3.0822784810126582,1.8291139240506329,37.50428742846805,0.7438536831994188
3.1202531645569622,1.8291139240506329,37.50804759043877,0.7440076613571136
3.1962025316455698,1.8291139240506329,37.51574863982987,0.7443288080551811
3.1582278481012658,1.8291139240506329,37.51171768608951,0.7441603012009996
3.2341772151898733,1.8291139240506329,37.5192746456387,0.7444707237039414
3.310126582278481,1.8291139240506329,37.52534914278479,0.7447227014677328
3.2721518987341773,1.8291139240506329,37.522212623669596,0.7445906331849214
3.348101265822785,1.8291139240506329,37.52835870181688,0.7448433811333105
3.386075949367089,1.8291139240506329,37.530767536532174,0.7449425420408543
3.4240506329113924,1.8291139240506329,37.53253017281711,0.7450121577927549
3.4620253164556964,1.8291139240506329,37.534517015693886,0.745092338663377
3.5,1.8291139240506329,37.536461342087385,0.7451761693634571
0.5,1.8670886075949367,27.6138898731507,0.1999674030799108
0.5379746835443038,1.8670886075949367,27.61357470065931,0.20002926643413863
0.5759493670886076,1.8670886075949367,27.610242691382098,0.19994276268014416
0.6139240506329113,1.8670886075949367,27.60967307110436,0.20001634912065053
0.6518987341772152,1.8670886075949367,27.61043264458364,0.20015754455010296
0.689873417721519,1.8670886075949367,27.61053952105835,0.2001897484879864
0.7278481012658228,1.8670886075949367,27.60666058665139,0.20028548230672863
0.7658227848101267,1.8670886075949367,27.60323194961339,0.20031812988211903
0.8037974683544304,1.8670886075949367,27.589734861641425,0.20028318726635133
0.8417721518987342,1.8670886075949367,27.534372522430147,0.200375703069582
0.879746835443038,1.8670886075949367,27.48191080300602,0.2003322929862982
0.9177215189873418,1.8670886075949367,27.455475800971772,0.20039583438416309
0.9556962025316456,1.8670886075949367,27.415207132498207,0.20038742893502362
0.9936708860759493,1.8670886075949367,27.388535078752653,0.200419685449879
1.0316455696202533,1.8670886075949367,27.373075838022302,0.20040946135296298
1.0696202531645569,1.8670886075949367,27.367249600354718,0.20042783317886237
1.1075949367088609,1.8670886075949367,27.36316400690444,0.2004212622561414
1.1455696202531644,1.8670886075949367,27.361141071233725,0.20047823350790003
1.1835443037974684,1.8670886075949367,27.355508701606997,0.20043039382156425
1.2215189873417722,1.8670886075949367,27.35148767303536,0.20048034599087647
1.259493670886076,1.8670886075949367,27.324736514072775,0.20032942463854492
1.2974683544303798,1.8670886075949367,27.30751964599532,0.20043146086912866
1.3354430379746836,1.8670886075949367,27.26954490232051,0.2004761587709177
1.3734177215189873,1.8670886075949367,27.241633493905084,0.20045030097928299
1.4113924050632911,1.8670886075949367,27.208654460677113,0.20046776483670312
1.449367088607595,1.8670886075949367,27.151382884344596,0.20044153601247233
1.4873417721518987,1.8670886075949367,27.090694622349012,0.20053338879105387
1.5253164556962027,1.8670886075949367,26.9436345971498,0.20052737183173014
1.5632911392405064,1.8670886075949367,26.718511146968602,0.20055932485747113
1.6012658227848102,1.8670886075949367,26.657625642220463,0.2007008562794377
1.639240506329114,1.8670886075949367,26.55219508051122,0.20078123679313978
1.6772151898734178,1.8670886075949367,26.45260988537804,0.20091369959624392
1.7151898734177216,1.8670886075949367,26.360060381899967,0.20103567532410044
1.7531645569620253,1.8670886075949367,26.233350621183767,0.2010032604498976
1.7911392405063291,1.8670886075949367,26.127488576844986,0.2011151420726006
1.8291139240506329,1.8670886075949367,26.844304111926313,0.24172474061495108
1.8670886075949367,1.8670886075949367,27.481458819118803,0.27630815693262534
1.9430379746835444,1.8670886075949367,30.452113158293756,0.43102010850126043
1.9050632911392404,1.8670886075949367,28.586246011594536,0.33479096111258166
1.9810126582278482,1.8670886075949367,31.0130297912268,0.4593580290090734
2.018987341772152,1.8670886075949367,31.61172298030488,0.4890083441271486
2.056962025316456,1.8670886075949367,32.30511658186726,0.5226955091891009
2.0949367088607596,1.8670886075949367,32.683990095493044,0.5408305716517285
2.170886075949367,1.8670886075949367,33.948860246247925,0.5990889579444078
2.132911392405063,1.8670886075949367,33.04857566754316,0.5578828211101824
2.208860759493671,1.8670886075949367,34.72742964343508,0.6343366879823654
2.2468354430379747,1.8670886075949367,35.266261683141,0.658188233275947
2.2848101265822782,1.8670886075949367,35.668834779533356,0.6757031330157537
2.3227848101265822,1.8670886075949367,36.0988038624847,0.6940785418861525
2.3607594936708862,1.8670886075949367,36.32503415416403,0.7036253248634814
2.39873417721519,1.8670886075949367,36.43369812014081,0.7081480991023211
2.4367088607594938,1.8670886075949367,36.52356557111097,0.7118511127811266
2.4746835443037973,1.8670886075949367,36.691716573183186,0.7186017075488129
2.5126582278481013,1.8670886075949367,37.198205681355034,0.7386176841644352
2.5506329113924053,1.8670886075949367,37.45651652627213,0.7486805862858025
2.588607594936709,1.8670886075949367,37.59880557539971,0.7541593939097622
2.626582278481013,1.8670886075949367,37.77970069632438,0.7610068695048015
2.6645569620253164,1.8670886075949367,37.85402266529356,0.7638020986070475
2.7025316455696204,1.8670886075949367,37.8814576171539,0.7648453251532101
2.740506329113924,1.8670886075949367,37.90242653579001,0.7656463875360314
2.778481012658228,1.8670886075949367,37.92101552606296,0.7663589064164178
2.8164556962025316,1.8670886075949367,37.93193596819318,0.7667959252697544
2.8544303797468356,1.8670886075949367,37.937959567636966,0.7670410669805349
2.892405063291139,1.8670886075949367,37.94447005389553,0.7673060365600565
2.968354430379747,1.8670886075949367,37.95332123266927,0.7676749761439022
2.930379746835443,1.8670886075949367,37.948851486704065,0.7674902992555045
3.0063291139240507,1.8670886075949367,37.9582101141904,0.7678747948913613
3.0443037974683547,1.8670886075949367,37.96324497532225,0.7680829323335358
3.0822784810126582,1.8670886075949367,37.966389524831776,0.7682074459666648
3.1202531645569622,1.8670886075949367,37.96967770858766,0.7683430839980515
3.1582278481012658,1.8670886075949367,37.973355616365986,0.7684947594876979
3.2341772151898733,1.8670886075949367,37.98060564899382,0.7687888517375189
3.1962025316455698,1.8670886075949367,37.97763054953418,0.7686678626806541
3.2721518987341773,1.8670886075949367,37.98254319862093,0.7688649052299552
3.310126582278481,1.8670886075949367,37.98630693675123,0.7690199138037426
3.348101265822785,1.8670886075949367,37.98892995725859,0.7691270283998436
3.4240506329113924,1.8670886075949367,37.99317562785861,0.7693032554714975
3.386075949367089,1.8670886075949367,37.99052735999745,0.7691922616386884
3.4620253164556964,1.8670886075949367,37.99517548718624,0.7693852217989637
3.5,1.8670886075949367,37.997438164392356,0.7694742057967734
0.5,1.9050632911392404,27.640804880970528,0.20061456906417283
0.5759493670886076,1.9050632911392404,27.636861940190865,0.20069131114528888
0.5379746835443038,1.9050632911392404,27.639425817139806,0.20063830225181117
0.6139240506329113,1.9050632911392404,27.63603379458695,0.20068279021060612
0.6518987341772152,1.9050632911392404,27.635059308407605,0.20073368304613964
0.689873417721519,1.9050632911392404,27.631888142129952,0.20075917546824806
0.7658227848101267,1.9050632911392404,27.626419465989247,0.20082432642503603
0.7278481012658228,1.9050632911392404,27.629580048967597,0.20081649895354955
0.8037974683544304,1.9050632911392404,27.6128507017079,0.2007667977052152
0.8417721518987342,1.9050632911392404,27.55749383498916,0.20081544886799238
0.879746835443038,1.9050632911392404,27.511400907924486,0.20079593112732305
0.9177215189873418,1.9050632911392404,27.473225146766726,0.20081524064452225
0.9556962025316456,1.9050632911392404,27.432767808935157,0.20084458511620484
0.9936708860759493,1.9050632911392404,27.402913291444783,0.2008588858880935
1.0316455696202533,1.9050632911392404,27.38746175983925,0.2008294974909634
1.0696202531645569,1.9050632911392404,27.382055423096237,0.20086675932526765
1.1075949367088609,1.9050632911392404,27.376463499696726,0.20075143512755125
1.1455696202531644,1.9050632911392404,27.37418610774917,0.20074111405799103
1.1835443037974684,1.9050632911392404,27.369916057271727,0.200798495007084
1.2215189873417722,1.9050632911392404,27.36527036410661,0.2007541028974082
1.259493670886076,1.9050632911392404,27.34328435247717,0.20088889069567567
1.2974683544303798,1.9050632911392404,27.32373956429609,0.2008353848520064
1.3354430379746836,1.9050632911392404,27.285394716912457,0.20088422277984777
1.3734177215189873,1.9050632911392404,27.268200850479285,0.20095450229890718
1.4113924050632911,1.9050632911392404,27.219207570759906,0.20091406408100793
1.449367088607595,1.9050632911392404,27.16297045726517,0.20087234549586414
1.4873417721518987,1.9050632911392404,27.096473258091628,0.2009350867554071
1.5253164556962027,1.9050632911392404,26.95123801685355,0.20092682711068985
1.5632911392405064,1.9050632911392404,26.73285448345881,0.2009503589758815
1.6012658227848102,1.9050632911392404,26.672321735694204,0.20108555161235336
1.639240506329114,1.9050632911392404,26.550601330243065,0.20125256338611822
1.6772151898734178,1.9050632911392404,26.446464302462477,0.20129546669733853
1.7151898734177216,1.9050632911392404,26.344556363009236,0.20155925643282044
1.7531645569620253,1.9050632911392404,26.240089013708815,0.20163800431129789
1.7911392405063291,1.9050632911392404,26.159271847368707,0.20311199043546277
1.8291139240506329,1.9050632911392404,27.076417591684006,0.2541154566060284
1.8670886075949367,1.9050632911392404,27.711148158342684,0.2885183681672965
1.9050632911392404,1.9050632911392404,28.82013131711653,0.34716765430053975
1.9430379746835444,1.9050632911392404,30.694956029409674,0.4437993672489566
1.9810126582278482,1.9050632911392404,31.257751388543642,0.47222150762872384
2.018987341772152,1.9050632911392404,31.86009843520191,0.5020338943214903
2.0949367088607596,1.9050632911392404,32.92948768041205,0.5536816152338044
2.056962025316456,1.9050632911392404,32.59120815061477,0.5375540185748292
2.132911392405063,1.9050632911392404,33.287763879691575,0.5704191028008446
2.170886075949367,1.9050632911392404,34.21221685588309,0.6127624028866403
2.208860759493671,1.9050632911392404,34.971764310126126,0.6470994711799041
2.2468354430379747,1.9050632911392404,35.51168629943408,0.6709929332240026
2.2848101265822782,1.9050632911392404,35.9131850200462,0.6884512604114983
2.3227848101265822,1.9050632911392404,36.34264234255116,0.7067905522005521
2.3607594936708862,1.9050632911392404,36.5709057493053,0.7164305062307059
2.39873417721519,1.9050632911392404,36.681129043202056,0.7210196690086597
2.4367088607594938,1.9050632911392404,36.772320854274255,0.7247792365893183
2.4746835443037973,1.9050632911392404,36.94445383309515,0.731711847417996
2.5126582278481013,1.9050632911392404,37.44746472509714,0.7515579857894681
2.5506329113924053,1.9050632911392404,37.70303041845488,0.761481897828042
2.588607594936709,1.9050632911392404,37.843945286025814,0.7668956771366882
2.626582278481013,1.9050632911392404,38.02545680246032,0.7737645751164058
2.6645569620253164,1.9050632911392404,38.101467940670325,0.7766299463369035
2.7025316455696204,1.9050632911392404,38.13171503027975,0.7778013036325475
2.740506329113924,1.9050632911392404,38.15317359061898,0.778622631534203
2.778481012658228,1.9050632911392404,38.169620959728164,0.7792414442638628
2.8164556962025316,1.9050632911392404,38.179265604788526,0.7796234569025525
2.8544303797468356,1.9050632911392404,38.18638436215179,0.7799111367018184
2.892405063291139,1.9050632911392404,38.191352808860195,0.7801169125061939
2.930379746835443,1.9050632911392404,38.196601813562665,0.7803340816754387
2.968354430379747,1.9050632911392404,38.20118840789515,0.7805230101562644
3.0063291139240507,1.9050632911392404,38.20489493782539,0.7806701301602298
3.0443037974683547,1.9050632911392404,38.20889403431673,0.7808321103445853
3.0822784810126582,1.9050632911392404,38.213435704730045,0.7810156356363565
3.1202531645569622,1.9050632911392404,38.21674675049257,0.7811503757775159
3.1582278481012658,1.9050632911392404,38.22066486051971,0.781312026467817
3.1962025316455698,1.9050632911392404,38.223418431192535,0.7814211121828442
3.2341772151898733,1.9050632911392404,38.22632543703394,0.781538348554236
3.2721518987341773,1.9050632911392404,38.22997242322531,0.7816861390005776
3.310126582278481,1.9050632911392404,38.23190213264657,0.7817612385052704
3.348101265822785,1.9050632911392404,38.233687759877625,0.7818340969775893
3.386075949367089,1.9050632911392404,38.235345734519086,0.7819026666402975
3.4240506329113924,1.9050632911392404,38.238529609130175,0.7820317656398479
3.4620253164556964,1.9050632911392404,38.24071990768846,0.7821206631484741
3.5,1.9050632911392404,38.24268243085371,0.7821982329054211
0.5,1.9430379746835444,27.68638986511754,0.2013823215364442
0.5379746835443038,1.9430379746835444,27.684842253492107,0.20139452320070916
0.5759493670886076,1.9430379746835444,27.6840119743163,0.2014161051839199
0.6139240506329113,1.9430379746835444,27.681844064870837,0.20144801250960684
0.6518987341772152,1.9430379746835444,27.6795492596175,0.2014540290931026
0.689873417721519,1.9430379746835444,27.677128529197365,0.2014398216766684
0.7278481012658228,1.9430379746835444,27.672456115125268,0.20140361881357866
0.7658227848101267,1.9430379746835444,27.66856309063094,0.2013896617404623
0.8037974683544304,1.9430379746835444,27.65608132072726,0.20149693876914038
0.8417721518987342,1.9430379746835444,27.604645009056153,0.20135484223660063
0.879746835443038,1.9430379746835444,27.54825102388265,0.20138282597850704
0.9177215189873418,1.9430379746835444,27.509024653248247,0.20138282617069442
0.9936708860759493,1.9430379746835444,27.438149569133177,0.2014477905298101
0.9556962025316456,1.9430379746835444,27.464491008719627,0.2013755743596427
1.0316455696202533,1.9430379746835444,27.42161587565484,0.2014244493041912
1.0696202531645569,1.9430379746835444,27.416343627251045,0.2014811115674764
1.1075949367088609,1.9430379746835444,27.413027307387573,0.2015090089625839
1.1455696202531644,1.9430379746835444,27.411086985067897,0.201467315485202
1.1835443037974684,1.9430379746835444,27.406956124189588,0.2015244615616243
1.2215189873417722,1.9430379746835444,27.400078638409813,0.20142058353787856
1.259493670886076,1.9430379746835444,27.377133074219294,0.2015001760812985
1.2974683544303798,1.9430379746835444,27.355295336934702,0.20143874203009787
1.3354430379746836,1.9430379746835444,27.322511997708602,0.20152569792822114
1.3734177215189873,1.9430379746835444,27.29839865811539,0.2014428090197151
1.4113924050632911,1.9430379746835444,27.24183138033473,0.20159874493701466
1.449367088607595,1.9430379746835444,27.184240973678023,0.20154959710812417
1.4873417721518987,1.9430379746835444,27.116913026194972,0.20161991833727075
1.5253164556962027,1.9430379746835444,26.968216858550424,0.20154075528267318
1.5632911392405064,1.9430379746835444,26.75703544489237,0.20165794335904122
1.6012658227848102,1.9430379746835444,26.68667847052634,0.20187900468652586
1.639240506329114,1.9430379746835444,26.569274993770293,0.202037110065835
1.6772151898734178,1.9430379746835444,26.468362828293923,0.20224912311360754
1.7151898734177216,1.9430379746835444,26.342273716425982,0.20232368533574407
1.7531645569620253,1.9430379746835444,26.237718779622746,0.20233954618487465
1.7911392405063291,1.9430379746835444,26.41984838007361,0.2167802703011446
1.8291139240506329,1.9430379746835444,27.3405652082165,0.26789000125605145
1.8670886075949367,1.9430379746835444,27.977689996875775,0.3023619264016412
1.9050632911392404,1.9430379746835444,29.08981824926328,0.36112151309951523
1.9430379746835444,1.9430379746835444,30.96894891636156,0.45791009681892886
1.9810126582278482,1.9430379746835444,31.530513752903616,0.4862541974391328
2.018987341772152,1.9430379746835444,32.14222635171609,0.5165186609181845
2.056962025316456,1.9430379746835444,32.87493705106049,0.552100840704475
2.0949367088607596,1.9430379746835444,33.20963216655426,0.5680433366496187
2.132911392405063,1.9430379746835444,33.56735346337677,0.5847492896977065
2.170886075949367,1.9430379746835444,34.50789229583305,0.6278209323040923
2.208860759493671,1.9430379746835444,35.25058569127234,0.6613571018685185
2.2468354430379747,1.9430379746835444,35.792380494687734,0.6853288754479813
2.2848101265822782,1.9430379746835444,36.19445362680004,0.7028134622720559
2.3227848101265822,1.9430379746835444,36.627601745388624,0.7213102729745767
2.3607594936708862,1.9430379746835444,36.8563179502876,0.7309593893725506
2.39873417721519,1.9430379746835444,36.97011185592049,0.7357113215439007
2.4367088607594938,1.9430379746835444,37.05964166341142,0.7393913998929159
2.4746835443037973,1.9430379746835444,37.223802379531385,0.7459510439758392
2.5126582278481013,1.9430379746835444,37.72606690505309,0.7657417510699828
2.5506329113924053,1.9430379746835444,37.98397544351468,0.7757642141034892
2.588607594936709,1.9430379746835444,38.127158748345444,0.7812746354982394
2.626582278481013,1.9430379746835444,38.30898278859717,0.788146358736902
2.6645569620253164,1.9430379746835444,38.38623348989228,0.7910642014976758
2.7025316455696204,1.9430379746835444,38.41407028075263,0.792129074759192
2.740506329113924,1.9430379746835444,38.4350894033425,0.7929309606176327
2.778481012658228,1.9430379746835444,38.451171803636825,0.7935341141496183
2.8164556962025316,1.9430379746835444,38.46044498911182,0.7938923146756345
2.8544303797468356,1.9430379746835444,38.467124301726734,0.7941640704130944
2.892405063291139,1.9430379746835444,38.473130175540405,0.7944112673151129
2.930379746835443,1.9430379746835444,38.47668049085896,0.794554841394597
2.968354430379747,1.9430379746835444,38.48000841392384,0.7946905493028514
3.0063291139240507,1.9430379746835444,38.48422254085925,0.7948573565616459
3.0443037974683547,1.9430379746835444,38.488385579495336,0.7950185338770132
3.0822784810126582,1.9430379746835444,38.492831088492146,0.7952011246114645
3.1202531645569622,1.9430379746835444,38.495419998229856,0.7953029008509565
3.1582278481012658,1.9430379746835444,38.49859505349633,0.7954293521762463
3.1962025316455698,1.9430379746835444,38.5021588402616,0.7955738601894007
3.2721518987341773,1.9430379746835444,38.50784705305369,0.7958023554135746
3.2341772151898733,1.9430379746835444,38.504907839176695,0.7956811399543711
3.310126582278481,1.9430379746835444,38.509987648668805,0.7958879902976924
3.348101265822785,1.9430379746835444,38.512035612904576,0.7959741417265142
3.386075949367089,1.9430379746835444,38.51460210560456,0.7960738134159776
3.4240506329113924,1.9430379746835444,38.51717547429826,0.7961804026429091
3.4620253164556964,1.9430379746835444,38.51948707133257,0.7962771097138185
3.5,1.9430379746835444,38.52185655784505,0.7963711645477793
0.5,1.9810126582278482,27.71018197768737,0.20203545543268028
0.5379746835443038,1.9810126582278482,27.708064427147185,0.20194887139116308
0.5759493670886076,1.9810126582278482,27.708529547710114,0.2019651448193619
0.6139240506329113,1.9810126582278482,27.708211665745477,0.20198999724364225
0.6518987341772152,1.9810126582278482,27.70633198491534,0.20203812942594263
0.689873417721519,1.9810126582278482,27.706956056992006,0.20207329457992138
0.7278481012658228,1.9810126582278482,27.702982358754184,0.20204665373212385
0.8037974683544304,1.9810126582278482,27.685276085353,0.20195474353112366
0.8417721518987342,1.9810126582278482,27.6392441944931,0.20209626617839724
0.7658227848101267,1.9810126582278482,27.701278597685466,0.2021067734815922
0.879746835443038,1.9810126582278482,27.5786044314979,0.20208925464496613
0.9177215189873418,1.9810126582278482,27.537484157825954,0.20206087983061094
0.9936708860759493,1.9810126582278482,27.465271422767064,0.20212736346346724
0.9556962025316456,1.9810126582278482,27.495306366174106,0.20211032079353908
1.0316455696202533,1.9810126582278482,27.45146798452956,0.2023325925139066
1.0696202531645569,1.9810126582278482,27.44355285164953,0.20221298203629473
1.1075949367088609,1.9810126582278482,27.441353935677455,0.20231443206205635
1.1455696202531644,1.9810126582278482,27.438172272041164,0.20230550108906256
1.2215189873417722,1.9810126582278482,27.43091062497056,0.20237475288248966
1.1835443037974684,1.9810126582278482,27.43532655240356,0.20238362223397802
1.259493670886076,1.9810126582278482,27.407485479933847,0.2024625655637531
1.2974683544303798,1.9810126582278482,27.385241358024917,0.20247569779114483
1.3354430379746836,1.9810126582278482,27.3540533487144,0.20245982582220298
1.3734177215189873,1.9810126582278482,27.323597224027868,0.20247680242618007
1.449367088607595,1.9810126582278482,27.206471235432087,0.20247097090795188
1.4873417721518987,1.9810126582278482,27.140078699839897,0.20255262543867505
1.4113924050632911,1.9810126582278482,27.266196247315648,0.20253533346842012
1.5253164556962027,1.9810126582278482,26.99365451718166,0.2026613785105322
1.5632911392405064,1.9810126582278482,26.78399956977995,0.20267474617657807
1.6012658227848102,1.9810126582278482,26.70106897950028,0.20279331503957293
1.639240506329114,1.9810126582278482,26.595796329165452,0.20316905421591708
1.6772151898734178,1.9810126582278482,26.49088919534361,0.20323166925032252
1.7151898734177216,1.9810126582278482,26.36243525759375,0.20326499895640518
1.7531645569620253,1.9810126582278482,26.258817532695023,0.20329953473812315
1.7911392405063291,1.9810126582278482,26.558156438568624,0.2238992273478178
1.8670886075949367,1.9810126582278482,28.121313463524736,0.3096906767855523
1.8291139240506329,1.9810126582278482,27.479808991056167,0.2750179775665026
1.9050632911392404,1.9810126582278482,29.2267806662476,0.3680740558331298
1.9430379746835444,1.9810126582278482,31.112694634333344,0.46517864730695735
1.9810126582278482,1.9810126582278482,31.716200448509642,0.49560307126349235
2.018987341772152,1.9810126582278482,32.30494467653245,0.5246981552949369
2.056962025316456,1.9810126582278482,33.01982488056459,0.5593956830687022
2.132911392405063,1.9810126582278482,33.72118085279623,0.5924526392474236
2.0949367088607596,1.9810126582278482,33.35628347899302,0.5754168344118066
2.170886075949367,1.9810126582278482,34.69762067879235,0.6371790283372263
2.208860759493671,1.9810126582278482,35.3957514527204,0.6686280990313586
2.2468354430379747,1.9810126582278482,35.93699352122024,0.6925654940048109
2.2848101265822782,1.9810126582278482,36.33977807622457,0.7100699684030573
2.3227848101265822,1.9810126582278482,36.77585361123945,0.7286945505687801
2.3607594936708862,1.9810126582278482,37.0078575433252,0.7384933797753405
2.39873417721519,1.9810126582278482,37.11614248641987,0.7429876002525209
2.4367088607594938,1.9810126582278482,37.20015529693914,0.7464108602965412
2.4746835443037973,1.9810126582278482,37.36541276113918,0.753014651494162
2.5126582278481013,1.9810126582278482,37.86804387866089,0.7728109375994217
2.5506329113924053,1.9810126582278482,38.12742132630346,0.7828868591797199
2.588607594936709,1.9810126582278482,38.26974966788864,0.7883629729542064
2.626582278481013,1.9810126582278482,38.458069587451234,0.7955109099378576
2.6645569620253164,1.9810126582278482,38.53095326903716,0.7982441475856841
2.740506329113924,1.9810126582278482,38.57714325605837,0.7999846027267149
2.7025316455696204,1.9810126582278482,38.55740776627293,0.7992379753615976
2.778481012658228,1.9810126582278482,38.58204672705461,0.7999968547891718
2.8164556962025316,1.9810126582278482,38.58430882198939,0.7999998115020067
2.8544303797468356,1.9810126582278482,38.585540831912304,0.7999973338890458
2.892405063291139,1.9810126582278482,38.586251431263854,0.7999983559069963
2.930379746835443,1.9810126582278482,38.58700462166657,0.7999989592946234
2.968354430379747,1.9810126582278482,38.58792305101351,0.8000061195197495
3.0063291139240507,1.9810126582278482,38.58951104437032,0.8000007092284558
3.0443037974683547,1.9810126582278482,38.590750234059385,0.8000002520999535
3.0822784810126582,1.9810126582278482,38.59177491432568,0.799998367263445
3.1202531645569622,1.9810126582278482,38.59272967762987,0.7999983867663503
3.1582278481012658,1.9810126582278482,38.593708451936,0.7999984314098711
3.1962025316455698,1.9810126582278482,38.59465355489054,0.800003708217844
3.2721518987341773,1.9810126582278482,38.59615452494378,0.7999983048392809
3.2341772151898733,1.9810126582278482,38.59544781947991,0.8000020835276661
3.348101265822785,1.9810126582278482,38.597582343725385,0.8000027451678196
3.310126582278481,1.9810126582278482,38.59666511923719,0.7999976492203781
3.386075949367089,1.9810126582278482,38.59829512782622,0.7999987151687531
3.4240506329113924,1.9810126582278482,38.60205713541183,0.8000109801921619
3.4620253164556964,1.9810126582278482,38.60451088447973,0.8000061758615269
0.5,2.018987341772152,27.76669185846787,0.2028640420732051
3.5,1.9810126582278482,38.605609003640275,0.8000062113264409
0.5379746835443038,2.018987341772152,27.766109615544362,0.2028092758996235
0.5759493670886076,2.018987341772152,27.765135664313114,0.2028393298773769
0.6139240506329113,2.018987341772152,27.764880581257934,0.20284680895364116
0.6518987341772152,2.018987341772152,27.76314338822162,0.20284371950301616
0.689873417721519,2.018987341772152,27.761197048935937,0.2028297719823769
0.7278481012658228,2.018987341772152,27.757843797256605,0.20292028068917323
0.7658227848101267,2.018987341772152,27.749636463716246,0.20276169627425056
0.8037974683544304,2.018987341772152,27.736400408764418,0.20289274090975767
0.8417721518987342,2.018987341772152,27.68156056838785,0.20279208726822154
0.9177215189873418,2.018987341772152,27.573789222584853,0.20280278462301424
0.879746835443038,2.018987341772152,27.619341953749913,0.2028145273087135
0.9556962025316456,2.018987341772152,27.52959258214015,0.20284731577622836
0.9936708860759493,2.018987341772152,27.496567701701554,0.2028514121349101
1.0316455696202533,2.018987341772152,27.475900422458494,0.20283133641543888
1.0696202531645569,2.018987341772152,27.46967716332328,0.2028719127932642
1.1075949367088609,2.018987341772152,27.465215313129725,0.2028741277944413
1.1455696202531644,2.018987341772152,27.461520100890272,0.2028705908528225
1.1835443037974684,2.018987341772152,27.457014602960218,0.2029044812709023
1.2215189873417722,2.018987341772152,27.450926913320494,0.20286105192313883
1.259493670886076,2.018987341772152,27.425018601422497,0.20293576444818018
1.2974683544303798,2.018987341772152,27.39991804526556,0.20283145604915884
1.3354430379746836,2.018987341772152,27.370776488341654,0.20289899571073655
1.3734177215189873,2.018987341772152,27.339015493322187,0.20305552546252464
1.4113924050632911,2.018987341772152,27.28104180036876,0.20302060331536737
1.449367088607595,2.018987341772152,27.22161059030689,0.20310591617596427
1.5253164556962027,2.018987341772152,27.009342277241988,0.20318656386861153
1.4873417721518987,2.018987341772152,27.156732062390894,0.20313968938117924
1.5632911392405064,2.018987341772152,26.806104797908908,0.20321199836107734
1.6012658227848102,2.018987341772152,26.714856765501867,0.2035060770829958
1.639240506329114,2.018987341772152,26.612453989608223,0.20368525833581116
1.6772151898734178,2.018987341772152,26.508224191656645,0.20367957515994659
1.7151898734177216,2.018987341772152,26.378593034708025,0.20371481662835816
1.7531645569620253,2.018987341772152,26.2676219707506,0.20375143039286583
1.7911392405063291,2.018987341772152,26.7164956090111,0.23189939094756784
1.8291139240506329,2.018987341772152,27.638497135965032,0.28298621493125875
1.9050632911392404,2.018987341772152,29.390976030879358,0.3762617206392581
1.8670886075949367,2.018987341772152,28.28570006760613,0.3179279992090193
1.9430379746835444,2.018987341772152,31.2794080470302,0.47345863867022375
1.9810126582278482,2.018987341772152,31.895341495150777,0.5044889959111064
2.018987341772152,2.018987341772152,32.546583930418386,0.536632927575628
2.056962025316456,2.018987341772152,33.196683452845576,0.568145261342268
2.0949367088607596,2.018987341772152,33.53188974763961,0.5840992168877185
2.132911392405063,2.018987341772152,33.92451210031705,0.6024332536357889
2.170886075949367,2.018987341772152,34.876883668992924,0.6460145452278809
2.208860759493671,2.018987341772152,35.57889661921693,0.6776359132111762
2.2468354430379747,2.018987341772152,36.12117582249511,0.7016151046354994
2.2848101265822782,2.018987341772152,36.528578071907724,0.7193259183575037
2.3227848101265822,2.018987341772152,36.963159056489815,0.7378712710729678
2.3607594936708862,2.018987341772152,37.18699785503611,0.747289671908784
2.39873417721519,2.018987341772152,37.2929167306983,0.7516717459551158
2.4367088607594938,2.018987341772152,37.377191105533036,0.7551063454963458
2.4746835443037973,2.018987341772152,37.543981046922525,0.7617734627279898
2.5126582278481013,2.018987341772152,38.049223439593675,0.7816715132292643
2.5506329113924053,2.018987341772152,38.31182768810354,0.7918830867903996
2.588607594936709,2.018987341772152,38.45817030045403,0.7975234716159455
2.626582278481013,2.018987341772152,38.55661493542306,0.7999969934742607
2.6645569620253164,2.018987341772152,38.5856162653705,0.7999968523390814
2.7025316455696204,2.018987341772152,38.59589668286026,0.7999969671989383
2.740506329113924,2.018987341772152,38.60092340281196,0.7999969629866325
2.778481012658228,2.018987341772152,38.60547021982883,0.8000074649944813
2.8164556962025316,2.018987341772152,38.608655327077656,0.8000075165752188
2.8544303797468356,2.018987341772152,38.60935752901253,0.7999969812375067
2.892405063291139,2.018987341772152,38.61001387181273,0.7999969836716138
2.930379746835443,2.018987341772152,38.610659698116585,0.7999969974009186
2.968354430379747,2.018987341772152,38.612330861291845,0.7999969850365362
3.0063291139240507,2.018987341772152,38.61350387372998,0.7999969520536129
3.0443037974683547,2.018987341772152,38.61481155779919,0.7999968992824823
3.0822784810126582,2.018987341772152,38.615992742731805,0.7999968756512288
3.1202531645569622,2.018987341772152,38.61697800315609,0.7999969161522198
3.1582278481012658,2.018987341772152,38.62138147200541,0.7999968747816522
3.1962025316455698,2.018987341772152,38.624848133262745,0.7999969200414377
3.2341772151898733,2.018987341772152,38.62589645977228,0.7999968690707834
3.2721518987341773,2.018987341772152,38.62701232808122,0.7999968975867753
3.310126582278481,2.018987341772152,38.62794991475073,0.7999969049151492
3.348101265822785,2.018987341772152,38.628963015239556,0.7999968452745692
3.386075949367089,2.018987341772152,38.630070023573985,0.7999969413537614
3.4240506329113924,2.018987341772152,38.6311449961208,0.7999968797560855
3.4620253164556964,2.018987341772152,38.63193897858104,0.7999968746191499
3.5,2.018987341772152,38.632352197903664,0.7999969854594319
0.5,2.056962025316456,27.782387038867164,0.20313777868225544
0.5379746835443038,2.056962025316456,27.783065108981376,0.20312594097735356
0.5759493670886076,2.056962025316456,27.781008140398686,0.20312245915634344
0.6139240506329113,2.056962025316456,27.77916573589324,0.20311662885248935
0.6518987341772152,2.056962025316456,27.776947317173224,0.20313355379100514
0.689873417721519,2.056962025316456,27.772598547966037,0.20301513023122825
0.7278481012658228,2.056962025316456,27.76908470204342,0.20302586892300867
0.7658227848101267,2.056962025316456,27.76629511510254,0.20317675049359651
0.8037974683544304,2.056962025316456,27.749667807849516,0.2031739128724142
0.8417721518987342,2.056962025316456,27.694128711841962,0.203084333467265
0.879746835443038,2.056962025316456,27.632747581510117,0.20306212638794596
0.9177215189873418,2.056962025316456,27.585549151071298,0.20309376342437396
0.9556962025316456,2.056962025316456,27.54026835759478,0.20309953927159669
0.9936708860759493,2.056962025316456,27.507341464888942,0.20311707482825844
1.0316455696202533,2.056962025316456,27.48581001024571,0.20314981591006945
1.0696202531645569,2.056962025316456,27.480825407167615,0.20316541159433393
1.1075949367088609,2.056962025316456,27.474099580534705,0.2030265992202001
1.1455696202531644,2.056962025316456,27.47135269982675,0.20303556201407727
1.1835443037974684,2.056962025316456,27.468475585633033,0.20312670076743766
1.2215189873417722,2.056962025316456,27.465472264278883,0.2032321518180717
1.259493670886076,2.056962025316456,27.439468066951058,0.2032900719564596
1.2974683544303798,2.056962025316456,27.418638327447965,0.2032869117529065
1.3354430379746836,2.056962025316456,27.3912339794218,0.20341332838288886
1.3734177215189873,2.056962025316456,27.355569229189776,0.20342183561002722
1.4113924050632911,2.056962025316456,27.297160438424292,0.20342492886935282
1.449367088607595,2.056962025316456,27.23445534929779,0.2033930283831631
1.4873417721518987,2.056962025316456,27.16852841571621,0.20339590342861516
1.5253164556962027,2.056962025316456,27.021776702159272,0.20340191490716608
1.5632911392405064,2.056962025316456,26.820652903353587,0.2035772212984255
1.6012658227848102,2.056962025316456,26.72055730863422,0.20383502240550597
1.639240506329114,2.056962025316456,26.6174732552059,0.20399594175104238
1.6772151898734178,2.056962025316456,26.519822465665495,0.2039924474567559
1.7151898734177216,2.056962025316456,26.386279877888207,0.2039984394120619
1.7531645569620253,2.056962025316456,26.27111304648488,0.2040032697410877
1.7911392405063291,2.056962025316456,26.788079138721766,0.2354490427513085
1.8291139240506329,2.056962025316456,27.715935314907973,0.28681523853218843
1.8670886075949367,2.056962025316456,28.367907240548,0.32197166362615537
1.9050632911392404,2.056962025316456,29.468378823473063,0.3800406718890526
1.9430379746835444,2.056962025316456,31.394953117279414,0.47914046317656467
1.9810126582278482,2.056962025316456,32.00157473708015,0.5096679368905732
2.018987341772152,2.056962025316456,32.653014003961424,0.541797715362848
2.056962025316456,2.056962025316456,33.291109246644275,0.5727135308689273
2.0949367088607596,2.056962025316456,33.6277600140344,0.5887297180545328
2.132911392405063,2.056962025316456,34.037674414051665,0.607868435636123
2.170886075949367,2.056962025316456,34.98056286029862,0.6509935545067502
2.208860759493671,2.056962025316456,35.684691903863914,0.6827128991355156
2.2468354430379747,2.056962025316456,36.227643580466456,0.7067143077991599
2.2848101265822782,2.056962025316456,36.63014337923025,0.7241932988503309
2.3227848101265822,2.056962025316456,37.06039896615068,0.7425334034559068
2.3607594936708862,2.056962025316456,37.28367935474597,0.7519218097490588
2.39873417721519,2.056962025316456,37.38920041857019,0.7562856258505042
2.4367088607594938,2.056962025316456,37.47419446759071,0.7597491318166414
2.4746835443037973,2.056962025316456,37.64250360136275,0.7664765039245396
2.5126582278481013,2.056962025316456,38.15357287997003,0.786615169913125
2.5506329113924053,2.056962025316456,38.41481352484511,0.79676664683702
2.626582278481013,2.056962025316456,38.575463262359854,0.800013094894476
2.588607594936709,2.056962025316456,38.51304575692232,0.8000048145734335
2.6645569620253164,2.056962025316456,38.59632971175859,0.8000129095957945
2.7025316455696204,2.056962025316456,38.606734626920414,0.8000129479175888
2.778481012658228,2.056962025316456,38.61975158750608,0.8000129857483737
2.740506329113924,2.056962025316456,38.614098739072084,0.8000129439172572
2.8164556962025316,2.056962025316456,38.621738871134774,0.8000123251414665
2.8544303797468356,2.056962025316456,38.62229690243373,0.8000123679079163
2.892405063291139,2.056962025316456,38.623588737352065,0.800012855770122
2.930379746835443,2.056962025316456,38.62684651758243,0.8000131198770806
2.968354430379747,2.056962025316456,38.62807623654638,0.8000131224207693
3.0063291139240507,2.056962025316456,38.62942241168593,0.800012327850382
3.0443037974683547,2.056962025316456,38.6304270936685,0.8000123494428287
3.0822784810126582,2.056962025316456,38.6310955479096,0.8000123704238827
3.1202531645569622,2.056962025316456,38.632036981285175,0.8000122555856658
3.1582278481012658,2.056962025316456,38.63282345403452,0.8000127387222331
3.1962025316455698,2.056962025316456,38.63340784979162,0.8000127063216236
3.2341772151898733,2.056962025316456,38.63431611358514,0.8000123151148358
3.2721518987341773,2.056962025316456,38.635437432955584,0.8000126906279611
3.310126582278481,2.056962025316456,38.63614223124364,0.8000127417420525
3.348101265822785,2.056962025316456,38.636912620171856,0.8000122912799649
3.386075949367089,2.056962025316456,38.63749781388487,0.8000123004650996
3.4240506329113924,2.056962025316456,38.63836657519035,0.8000122896885618
3.4620253164556964,2.056962025316456,38.63881306372243,0.80001235202879
3.5,2.056962025316456,38.639455163416194,0.8000127070738728
0.5,2.0949367088607596,27.859536242176347,0.20316317228152847
0.5379746835443038,2.0949367088607596,27.86160615337454,0.20333849663244127
0.5759493670886076,2.0949367088607596,27.858874589317985,0.20334112506831345
0.6139240506329113,2.0949367088607596,27.855218628729535,0.20317217526450257
0.6518987341772152,2.0949367088607596,27.852580659979278,0.20317343703162694
0.689873417721519,2.0949367088607596,27.850941611814267,0.20317342449109818
0.7278481012658228,2.0949367088607596,27.849810171891868,0.20331839507433824
0.7658227848101267,2.0949367088607596,27.840672295728975,0.2031629157722982
0.8037974683544304,2.0949367088607596,27.818710670662902,0.20332455557345375
0.8417721518987342,2.0949367088607596,27.74890888259343,0.20326732305770492
0.879746835443038,2.0949367088607596,27.682363313377703,0.20318474421224714
0.9177215189873418,2.0949367088607596,27.640859044672826,0.2033618091817072
0.9556962025316456,2.0949367088607596,27.592585275190725,0.20323341102015233
0.9936708860759493,2.0949367088607596,27.559008165686887,0.20328034420737573
1.0316455696202533,2.0949367088607596,27.541589147383785,0.20334970920881762
1.0696202531645569,2.0949367088607596,27.539332907472854,0.20343494880390892
1.1075949367088609,2.0949367088607596,27.539157745128005,0.2034969107452892
1.1455696202531644,2.0949367088607596,27.537519094016282,0.2034742978098613
1.1835443037974684,2.0949367088607596,27.535091896663467,0.20350813711763885
1.2215189873417722,2.0949367088607596,27.531691827514745,0.2034776778375088
1.259493670886076,2.0949367088607596,27.514567525526708,0.20350788898727912
1.2974683544303798,2.0949367088607596,27.486930141705614,0.20346503273193867
1.3354430379746836,2.0949367088607596,27.4379461649696,0.2035002127307009
1.3734177215189873,2.0949367088607596,27.401053539616772,0.2036000439046646
1.4113924050632911,2.0949367088607596,27.343135375346698,0.203552691323247
1.449367088607595,2.0949367088607596,27.285124781008797,0.20360180646088655
1.4873417721518987,2.0949367088607596,27.216155114270297,0.20361703523502042
1.5253164556962027,2.0949367088607596,27.067934020611457,0.20371155977427668
1.5632911392405064,2.0949367088607596,26.865132032067173,0.2037451845078589
1.6012658227848102,2.0949367088607596,26.757396531065652,0.2040751097812213
1.639240506329114,2.0949367088607596,26.65287367185793,0.20418822948664303
1.6772151898734178,2.0949367088607596,26.53811552110644,0.20414707329603282
1.7151898734177216,2.0949367088607596,26.425932068477177,0.20419096377682655
1.7531645569620253,2.0949367088607596,26.30894326808357,0.20416603082073498
1.7911392405063291,2.0949367088607596,27.236150269776928,0.25707987111359787
1.8291139240506329,2.0949367088607596,28.184664697357167,0.3093902825539748
1.8670886075949367,2.0949367088607596,28.82429870083734,0.3438339363830503
1.9050632911392404,2.0949367088607596,29.926130763709647,0.40188222037295573
1.9430379746835444,2.0949367088607596,31.88625046794789,0.5025760096217594
1.9810126582278482,2.0949367088607596,32.48847955997758,0.5328390957142732
2.018987341772152,2.0949367088607596,33.151349248015826,0.5654815407578164
2.056962025316456,2.0949367088607596,33.780357209667635,0.5959245050497332
2.0949367088607596,2.0949367088607596,34.1311129666899,0.6125938921686249
2.132911392405063,2.0949367088607596,34.574635973729805,0.6332745253439958
2.170886075949367,2.0949367088607596,35.488643304516515,0.6750090045256943
2.2468354430379747,2.0949367088607596,36.72122663507806,0.730013131364383
2.208860759493671,2.0949367088607596,36.18146161724964,0.7061850340878633
2.2848101265822782,2.0949367088607596,37.11698280303113,0.7471668545508365
2.3227848101265822,2.0949367088607596,37.5444293989619,0.7653609917414679
2.3607594936708862,2.0949367088607596,37.76888235542029,0.7747907297757564
2.39873417721519,2.0949367088607596,37.87594425073337,0.7792168171451302
2.4367088607594938,2.0949367088607596,37.96496787998324,0.7828519342091486
2.4746835443037973,2.0949367088607596,38.13529533982189,0.7896594045067131
2.5126582278481013,2.0949367088607596,38.46912272493413,0.800012540618953
2.5506329113924053,2.0949367088607596,38.537877444233956,0.800012092404066
2.588607594936709,2.0949367088607596,38.57595913663914,0.8000121510626849
2.626582278481013,2.0949367088607596,38.63248044511205,0.8000121852861173
2.6645569620253164,2.0949367088607596,38.66141488235692,0.800011933746818
2.7025316455696204,2.0949367088607596,38.67157675338949,0.8000119384476814
2.740506329113924,2.0949367088607596,38.67724944445894,0.8000120708334661
2.778481012658228,2.0949367088607596,38.68100062532818,0.8000119188505171
2.8164556962025316,2.0949367088607596,38.68304302935271,0.8000120176025145
2.8544303797468356,2.0949367088607596,38.68487472344832,0.8000119672066313
2.892405063291139,2.0949367088607596,38.68698002337115,0.8000119722954725
2.930379746835443,2.0949367088607596,38.68845973431364,0.800011988791816
2.968354430379747,2.0949367088607596,38.68977048659546,0.8000119264379475
3.0063291139240507,2.0949367088607596,38.6915157424095,0.8000119450330501
3.0443037974683547,2.0949367088607596,38.6924273857244,0.8000119426933314
3.1202531645569622,2.0949367088607596,38.694552496857796,0.800011971529759
3.0822784810126582,2.0949367088607596,38.69356655729881,0.8000123176650276
3.1582278481012658,2.0949367088607596,38.695608958860596,0.8000119489720742
3.1962025316455698,2.0949367088607596,38.696687899100894,0.800012032585096
3.2341772151898733,2.0949367088607596,38.69750667620307,0.8000120525553934
3.2721518987341773,2.0949367088607596,38.69820173215481,0.8000124159345854
3.310126582278481,2.0949367088607596,38.69945257536549,0.8000119838958373
3.348101265822785,2.0949367088607596,38.70042973690428,0.80001198026687
3.386075949367089,2.0949367088607596,38.70132965312176,0.8000126327113345
3.4620253164556964,2.0949367088607596,38.703136311011356,0.8000123876416734
3.4240506329113924,2.0949367088607596,38.702178473960906,0.8000123844592045
3.5,2.0949367088607596,38.70438458731352,0.8000119799265669
0.5,2.132911392405063,27.904279884097804,0.20350811550269576
0.5379746835443038,2.132911392405063,27.901803030406406,0.2033885463818645
0.5759493670886076,2.132911392405063,27.89877373437939,0.20340459850978176
0.6139240506329113,2.132911392405063,27.899076480854674,0.20348802069734834
0.6518987341772152,2.132911392405063,27.895326728805525,0.2034094063047831
0.689873417721519,2.132911392405063,27.894356158561152,0.2035392855437508
0.7278481012658228,2.132911392405063,27.887476165911444,0.20343963224471953
0.7658227848101267,2.132911392405063,27.88397773780253,0.2034345796600546
0.8037974683544304,2.132911392405063,27.85936519561119,0.20347461338468303
0.8417721518987342,2.132911392405063,27.79543253580309,0.20367865069680338
0.879746835443038,2.132911392405063,27.7302978114755,0.20356383805111608
0.9177215189873418,2.132911392405063,27.684450837329162,0.20357610318650507
0.9556962025316456,2.132911392405063,27.63903698391944,0.20362937946641882
0.9936708860759493,2.132911392405063,27.6140580827199,0.20365964608945977
1.0316455696202533,2.132911392405063,27.59581065178494,0.2036400365027958
1.0696202531645569,2.132911392405063,27.591775870309284,0.20362784548401214
1.1075949367088609,2.132911392405063,27.590469887010446,0.20368931649891125
1.1455696202531644,2.132911392405063,27.594335867680726,0.20370424208744123
1.1835443037974684,2.132911392405063,27.590358513703542,0.2036684951449318
1.2215189873417722,2.132911392405063,27.584028154587195,0.20368088278631577
1.259493670886076,2.132911392405063,27.556038691076278,0.20363733565178282
1.2974683544303798,2.132911392405063,27.531637507665938,0.20372569374692903
1.3354430379746836,2.132911392405063,27.477515332215436,0.2036740510690785
1.3734177215189873,2.132911392405063,27.436630786079217,0.20372077735696456
1.4113924050632911,2.132911392405063,27.38010906968033,0.20372594644661082
1.449367088607595,2.132911392405063,27.320211278247292,0.20375701273201835
1.4873417721518987,2.132911392405063,27.251793236092112,0.20387405834847958
1.5253164556962027,2.132911392405063,27.09596596069603,0.20388185295883526
1.5632911392405064,2.132911392405063,26.893896958031252,0.20405189414093974
1.6012658227848102,2.132911392405063,26.802118376238962,0.20432115671044762
1.639240506329114,2.132911392405063,26.694056821478576,0.2044074826886588
1.6772151898734178,2.132911392405063,26.559594769498748,0.20435097323919574
1.7151898734177216,2.132911392405063,26.443485137678394,0.2043915718459837
1.7531645569620253,2.132911392405063,26.531102800277388,0.2144642751274793
1.7911392405063291,2.132911392405063,27.538662348730913,0.2714786110895283
1.8291139240506329,2.132911392405063,28.501540912037214,0.3244424440286989
1.8670886075949367,2.132911392405063,29.141991949999397,0.35886219103261324
1.9050632911392404,2.132911392405063,30.25826431686002,0.417568622976802
1.9430379746835444,2.132911392405063,32.22670678022337,0.518617493890426
1.9810126582278482,2.132911392405063,32.858224808429824,0.550260554818136
2.018987341772152,2.132911392405063,33.63429634848175,0.5881761592906544
2.056962025316456,2.132911392405063,34.26499026310122,0.6185657509201211
2.0949367088607596,2.132911392405063,34.64724073440315,0.6366902114384871
2.132911392405063,2.132911392405063,35.05854873696939,0.6558387696707132
2.170886075949367,2.132911392405063,35.984390890127194,0.698079501449521
2.208860759493671,2.132911392405063,36.65942077107676,0.7284154257169156
2.2468354430379747,2.132911392405063,37.196585455526275,0.7520997122116937
2.2848101265822782,2.132911392405063,37.592109586255745,0.7692249027343994
2.3227848101265822,2.132911392405063,38.02185937274863,0.7875071218000964
2.3607594936708862,2.132911392405063,38.25029414794929,0.7971004995199684
2.39873417721519,2.132911392405063,38.32757957827333,0.8000084734601269
2.4367088607594938,2.132911392405063,38.34734301067748,0.8000133314717875
2.4746835443037973,2.132911392405063,38.39354874814511,0.8000132162680222
2.5126582278481013,2.132911392405063,38.522267870695515,0.800013351084223
2.5506329113924053,2.132911392405063,38.58929432763023,0.8000133067765184
2.588607594936709,2.132911392405063,38.628992158255706,0.8000133146707796
2.626582278481013,2.132911392405063,38.684136915768626,0.8000133602508281
2.6645569620253164,2.132911392405063,38.70442960344033,0.8000131633748323
2.7025316455696204,2.132911392405063,38.710973342482646,0.8000131469469927
2.740506329113924,2.132911392405063,38.715751539312535,0.8000131498265294
2.778481012658228,2.132911392405063,38.719275194688045,0.8000133009679743
2.8164556962025316,2.132911392405063,38.72016583237296,0.8000134185321037
2.8544303797468356,2.132911392405063,38.72186052647526,0.8000131036466057
2.892405063291139,2.132911392405063,38.72301454294508,0.8000134231293974
2.930379746835443,2.132911392405063,38.72384334359329,0.8000131581772837
2.968354430379747,2.132911392405063,38.724825805229045,0.8000134205726015
3.0063291139240507,2.132911392405063,38.72557274337421,0.8000133084796968
3.0443037974683547,2.132911392405063,38.726359752445745,0.8000136537174524
3.0822784810126582,2.132911392405063,38.72701575529204,0.8000135038025542
3.1202531645569622,2.132911392405063,38.72750701430238,0.8000134078095882
3.1582278481012658,2.132911392405063,38.72858242428103,0.8000131433528156
3.1962025316455698,2.132911392405063,38.729292085294446,0.8000135212917874
3.2341772151898733,2.132911392405063,38.72972848560233,0.8000130925596082
3.2721518987341773,2.132911392405063,38.73044137479684,0.8000132131809796
3.310126582278481,2.132911392405063,38.73115135625113,0.8000133616709587
3.348101265822785,2.132911392405063,38.731465725163524,0.800013145204896
3.386075949367089,2.132911392405063,38.73181573558294,0.8000131595547455
3.4240506329113924,2.132911392405063,38.732433994721866,0.8000134258264795
3.4620253164556964,2.132911392405063,38.73280116198889,0.8000135360486236
3.5,2.132911392405063,38.73296719429717,0.8000135367664835
0.5,2.170886075949367,27.93924090345514,0.20384178533287323
0.5379746835443038,2.170886075949367,27.93713406207982,0.2038542013587944
0.5759493670886076,2.170886075949367,27.93994740215502,0.2039513368127597
0.6139240506329113,2.170886075949367,27.937815749123196,0.20382008213414823
0.6518987341772152,2.170886075949367,27.937786641810895,0.20400249348267815
0.689873417721519,2.170886075949367,27.933450086282946,0.20384037262992935
0.7278481012658228,2.170886075949367,27.932720786197507,0.20386101741478665
0.7658227848101267,2.170886075949367,27.92705402062818,0.20389462090093588
0.8417721518987342,2.170886075949367,27.832313632704025,0.2039137939118159
0.879746835443038,2.170886075949367,27.777165578760517,0.2040425927515878
0.8037974683544304,2.170886075949367,27.902959864661664,0.20396485528018732
0.9177215189873418,2.170886075949367,27.726170394244193,0.20400510620272272
1.0316455696202533,2.170886075949367,27.645165990315533,0.2039549320428476
0.9936708860759493,2.170886075949367,27.65718039242473,0.2039208374053406
0.9556962025316456,2.170886075949367,27.681877818493096,0.20392541955946641
1.0696202531645569,2.170886075949367,27.644455729608875,0.2039835611086895
1.1075949367088609,2.170886075949367,27.64451643412146,0.203978422500106
1.1455696202531644,2.170886075949367,27.64261582296283,0.20399532591462186
1.1835443037974684,2.170886075949367,27.638671367514767,0.20396578687234554
1.2215189873417722,2.170886075949367,27.63408417355746,0.20397539327443742
1.259493670886076,2.170886075949367,27.605175699511058,0.20401628290610366
1.2974683544303798,2.170886075949367,27.577592008401982,0.20399997133443845
1.3354430379746836,2.170886075949367,27.52417376081974,0.2039622746441117
1.3734177215189873,2.170886075949367,27.485096160716036,0.20409501244073178
1.4113924050632911,2.170886075949367,27.42569707119199,0.2040100953336625
1.449367088607595,2.170886075949367,27.363777520997964,0.2042409237911532
1.4873417721518987,2.170886075949367,27.292058918551046,0.2042448997142449
1.5253164556962027,2.170886075949367,27.133468718126682,0.20428260489327907
1.5632911392405064,2.170886075949367,26.925433669191847,0.20458193768890093
1.6012658227848102,2.170886075949367,26.821771937173338,0.20475890022013582
1.639240506329114,2.170886075949367,26.72065201610654,0.2047473522047194
1.6772151898734178,2.170886075949367,26.58515331451165,0.20476075289540013
1.7151898734177216,2.170886075949367,26.46653161557205,0.20473817627261473
1.7531645569620253,2.170886075949367,26.69577239976902,0.22224043574009927
1.7911392405063291,2.170886075949367,27.727460662379936,0.28044010750432385
1.8291139240506329,2.170886075949367,28.675412973526882,0.33257788549912654
1.8670886075949367,2.170886075949367,29.30498326285608,0.36643667051245254
1.9050632911392404,2.170886075949367,30.419220032320975,0.4250120837366222
1.9430379746835444,2.170886075949367,32.422357067257295,0.5277654691572108
1.9810126582278482,2.170886075949367,33.34087381086751,0.5731480805386965
2.018987341772152,2.170886075949367,33.98748743932707,0.6046252530399464
2.056962025316456,2.170886075949367,34.54949120721286,0.6316348746828994
2.0949367088607596,2.170886075949367,34.97600116216498,0.6517888551742047
2.132911392405063,2.170886075949367,35.34487786414654,0.6689375785621449
2.170886075949367,2.170886075949367,36.29545540185978,0.7122737453115652
2.208860759493671,2.170886075949367,37.024333810520254,0.7450226910258368
2.2468354430379747,2.170886075949367,37.55867990191866,0.7685618539047189
2.2848101265822782,2.170886075949367,37.96003591287018,0.785931433499868
2.3227848101265822,2.170886075949367,38.30830967178336,0.7999993777804546
2.3607594936708862,2.170886075949367,38.35551331414121,0.8000187937595792
2.39873417721519,2.170886075949367,38.37990213290001,0.8000187809770024
2.4367088607594938,2.170886075949367,38.39521451756981,0.8000188096110099
2.4746835443037973,2.170886075949367,38.43074279371707,0.8000188204955302
2.5126582278481013,2.170886075949367,38.570734511508356,0.8000188127230026
2.5506329113924053,2.170886075949367,38.633511439193654,0.800018849137649
2.588607594936709,2.170886075949367,38.66637235940824,0.8000188430744538
2.6645569620253164,2.170886075949367,38.739815067140924,0.8000187707535679
2.626582278481013,2.170886075949367,38.715544267472836,0.8000188188107376
2.7025316455696204,2.170886075949367,38.74848906932947,0.8000187821726081
2.740506329113924,2.170886075949367,38.75486561384601,0.8000188643910076
2.778481012658228,2.170886075949367,38.759098324837154,0.8000187756895307
2.8164556962025316,2.170886075949367,38.762302948544516,0.8000188899903614
2.8544303797468356,2.170886075949367,38.76393921225485,0.8000188621717021
2.892405063291139,2.170886075949367,38.7650590216042,0.8000187987264332
2.930379746835443,2.170886075949367,38.766587608241814,0.8000187916974633
2.968354430379747,2.170886075949367,38.76751142000061,0.8000187884122287
3.0063291139240507,2.170886075949367,38.76756386299615,0.8000187809614736
3.0443037974683547,2.170886075949367,38.76816027186175,0.800018815368405
3.0822784810126582,2.170886075949367,38.768901546470545,0.8000188356209581
3.1202531645569622,2.170886075949367,38.76921927072267,0.800018783232686
3.1582278481012658,2.170886075949367,38.769996558292206,0.8000188011944224
3.1962025316455698,2.170886075949367,38.770593445293954,0.8000188350866144
3.2341772151898733,2.170886075949367,38.77095163675424,0.8000189824980302
3.2721518987341773,2.170886075949367,38.770918671317176,0.800018789828225
3.310126582278481,2.170886075949367,38.77154147535151,0.8000188471132099
3.348101265822785,2.170886075949367,38.77162484769793,0.8000188190877068
3.386075949367089,2.170886075949367,38.7723893014826,0.8000188154664968
3.4240506329113924,2.170886075949367,38.772399000426084,0.800018820785105
3.4620253164556964,2.170886075949367,38.772588826671246,0.8000187813094624
3.5,2.170886075949367,38.773129684475705,0.8000187991502397
0.5,2.208860759493671,27.998856612599745,0.2045416138343165
0.5379746835443038,2.208860759493671,28.001595224838976,0.20447231446981956
0.5759493670886076,2.208860759493671,28.000396032581467,0.20456114458578528
0.6139240506329113,2.208860759493671,28.00542086421305,0.2044814443005083
0.6518987341772152,2.208860759493671,28.009099891113213,0.20455688424182009
0.689873417721519,2.208860759493671,28.00769173704798,0.2046136519219553
0.7658227848101267,2.208860759493671,27.999811990429397,0.2044917417714277
0.7278481012658228,2.208860759493671,28.002543786637034,0.20444757300776364
0.8037974683544304,2.208860759493671,27.97555569191,0.2045272590554306
0.8417721518987342,2.208860759493671,27.907016106880537,0.2045123537901445
0.879746835443038,2.208860759493671,27.83941654927654,0.20450806411285974
0.9177215189873418,2.208860759493671,27.79023327593891,0.20457445047291803
0.9556962025316456,2.208860759493671,27.74930834913219,0.2045364924697892
0.9936708860759493,2.208860759493671,27.7233177245973,0.20461910226876504
1.0316455696202533,2.208860759493671,27.704386224517613,0.20457406372785455
1.0696202531645569,2.208860759493671,27.698183404267443,0.20447097083506055
1.1075949367088609,2.208860759493671,27.696994003882825,0.2046200205560456
1.1455696202531644,2.208860759493671,27.693535538932647,0.20462988008756963
1.1835443037974684,2.208860759493671,27.688563363055085,0.20457132932243463
1.2215189873417722,2.208860759493671,27.68273150289243,0.2045457735908685
1.259493670886076,2.208860759493671,27.654183173182382,0.2044905953595675
1.2974683544303798,2.208860759493671,27.627227416144873,0.2046308276867082
1.3354430379746836,2.208860759493671,27.57287594842805,0.20460947460711768
1.3734177215189873,2.208860759493671,27.536162558056677,0.20474124374156089
1.4113924050632911,2.208860759493671,27.47551612007843,0.2047837150363908
1.449367088607595,2.208860759493671,27.41668209450255,0.20473063965682253
1.4873417721518987,2.208860759493671,27.340065438314667,0.20477265552764687
1.5253164556962027,2.208860759493671,27.201259486986118,0.204939677123723
1.5632911392405064,2.208860759493671,26.9746105357981,0.20528049054401887
1.6012658227848102,2.208860759493671,26.86896781397518,0.20535271949107356
1.639240506329114,2.208860759493671,26.773305428301004,0.20532161491653864
1.6772151898734178,2.208860759493671,26.63255676547861,0.20535924944732106
1.7151898734177216,2.208860759493671,26.49823882298897,0.2053248312795875
1.7531645569620253,2.208860759493671,26.98308476413504,0.23563259697370714
1.7911392405063291,2.208860759493671,28.00659633884793,0.2933070572649883
1.8291139240506329,2.208860759493671,28.9452319236639,0.34491939069665334
1.8670886075949367,2.208860759493671,29.575824031848523,0.3787936101414231
1.9050632911392404,2.208860759493671,30.685703980347718,0.43710944193435997
1.9430379746835444,2.208860759493671,32.90774350975108,0.5504091661681929
1.9810126582278482,2.208860759493671,33.94527885612252,0.6011600626983027
2.018987341772152,2.208860759493671,34.654427367911836,0.6351891665698292
2.056962025316456,2.208860759493671,35.12558278610731,0.6576809683544341
2.0949367088607596,2.208860759493671,35.50891568054341,0.6757979083658788
2.132911392405063,2.208860759493671,35.8644994566917,0.692322974522758
2.170886075949367,2.208860759493671,36.788017767761,0.7343922506140027
2.208860759493671,2.208860759493671,37.45296219461475,0.7642166976146199
2.2468354430379747,2.208860759493671,37.98926578877469,0.7878213449986299
2.3227848101265822,2.208860759493671,38.361900391566095,0.8000087997747782
2.2848101265822782,2.208860759493671,38.28875361678489,0.8000235143769885
2.3607594936708862,2.208860759493671,38.39223362244155,0.8000087932429695
2.39873417721519,2.208860759493671,38.41986308040267,0.8000084048179676
2.4367088607594938,2.208860759493671,38.43813607100361,0.8000085128546912
2.4746835443037973,2.208860759493671,38.50720909267666,0.8000084830169663
2.5126582278481013,2.208860759493671,38.609495568323695,0.8000085328526872
2.5506329113924053,2.208860759493671,38.654425912709144,0.8000086090909965
2.588607594936709,2.208860759493671,38.69830453701462,0.8000084948072342
2.626582278481013,2.208860759493671,38.74804507042219,0.8000086073640525
2.6645569620253164,2.208860759493671,38.77104616486223,0.8000087518447746
2.7025316455696204,2.208860759493671,38.77957136316322,0.8000084345924169
2.778481012658228,2.208860759493671,38.79111395440164,0.8000084265711297
2.740506329113924,2.208860759493671,38.78605480601433,0.8000084697452542
2.8164556962025316,2.208860759493671,38.79394640374843,0.8000085546473568
2.8544303797468356,2.208860759493671,38.794763619900834,0.8000085145122208
2.892405063291139,2.208860759493671,38.79624250492883,0.8000083547083071
2.930379746835443,2.208860759493671,38.79744717427512,0.8000085117110803
2.968354430379747,2.208860759493671,38.798410084350486,0.8000085107448462
3.0063291139240507,2.208860759493671,38.7997585591982,0.8000085022847412
3.0443037974683547,2.208860759493671,38.800692965411514,0.800008501757599
3.0822784810126582,2.208860759493671,38.80147083522302,0.8000084382235106
3.1202531645569622,2.208860759493671,38.8017309854265,0.8000085265564664
3.1582278481012658,2.208860759493671,38.80267477830252,0.8000085419082675
3.1962025316455698,2.208860759493671,38.80281506413654,0.8000085074224533
3.2341772151898733,2.208860759493671,38.80273620410541,0.8000084857335332
3.2721518987341773,2.208860759493671,38.803535444152935,0.8000085279073021
3.310126582278481,2.208860759493671,38.80351864565925,0.8000085140920011
3.348101265822785,2.208860759493671,38.80412020017205,0.800008509998608
3.386075949367089,2.208860759493671,38.804424534252696,0.800008527620945
3.4240506329113924,2.208860759493671,38.804609816934565,0.8000085427618994
3.4620253164556964,2.208860759493671,38.80552800010513,0.800008549512623
0.5,2.2468354430379747,28.072729282166414,0.20506170784914737
3.5,2.208860759493671,38.80595999704735,0.8000085120056061
0.5379746835443038,2.2468354430379747,28.067953597582743,0.20490939768927974
0.5759493670886076,2.2468354430379747,28.07411503642868,0.20495632964278282
0.6139240506329113,2.2468354430379747,28.07317208619079,0.2049579388500536
0.6518987341772152,2.2468354430379747,28.069078595637624,0.20494129005444436
0.689873417721519,2.2468354430379747,28.06932491159058,0.2049560819259178
0.7278481012658228,2.2468354430379747,28.067145067817336,0.20498964441389758
0.7658227848101267,2.2468354430379747,28.063775264589484,0.20500253453980868
0.8037974683544304,2.2468354430379747,28.03986402155619,0.20497366113724305
0.8417721518987342,2.2468354430379747,27.96996220059938,0.2050314274312147
0.879746835443038,2.2468354430379747,27.90229716657433,0.2050446615507996
0.9177215189873418,2.2468354430379747,27.880197293077135,0.2050584333055596
0.9556962025316456,2.2468354430379747,27.837215376691066,0.20504530069834734
0.9936708860759493,2.2468354430379747,27.805915564449545,0.20505448037024374
1.0316455696202533,2.2468354430379747,27.788618788961568,0.205072167144978
1.0696202531645569,2.2468354430379747,27.782290244414334,0.20501326760409483
1.1075949367088609,2.2468354430379747,27.77838368444905,0.20493860965322805
1.1455696202531644,2.2468354430379747,27.775478363194434,0.20494360583055865
1.1835443037974684,2.2468354430379747,27.770529736510795,0.20496290714202525
1.2215189873417722,2.2468354430379747,27.76170218375926,0.20499192101706884
1.259493670886076,2.2468354430379747,27.73183168287955,0.20508578548972997
1.2974683544303798,2.2468354430379747,27.703807023372367,0.20522066583431647
1.3354430379746836,2.2468354430379747,27.6478149230603,0.20525022149385053
1.3734177215189873,2.2468354430379747,27.605218817203077,0.2051916892362093
1.4113924050632911,2.2468354430379747,27.54214762681299,0.2052237109639783
1.449367088607595,2.2468354430379747,27.469766413727843,0.2053030245099797
1.4873417721518987,2.2468354430379747,27.397063310395136,0.20531480613004002
1.5253164556962027,2.2468354430379747,27.249395452786356,0.20562347272577963
1.5632911392405064,2.2468354430379747,27.019933765080186,0.20585404003617394
1.6012658227848102,2.2468354430379747,26.91098248119906,0.20591301126686418
1.639240506329114,2.2468354430379747,26.800061930774177,0.20592689925848576
1.6772151898734178,2.2468354430379747,26.666498666031032,0.20590877203691815
1.7151898734177216,2.2468354430379747,26.531713724727968,0.20591394597335946
1.7531645569620253,2.2468354430379747,27.134862630960566,0.24261860977548003
1.7911392405063291,2.2468354430379747,28.140364773246137,0.29933600670093263
1.8291139240506329,2.2468354430379747,29.08294238136273,0.3511202368033399
1.8670886075949367,2.2468354430379747,29.748153161142326,0.38669174576975246
1.9050632911392404,2.2468354430379747,30.848062514540537,0.4443983901112817
1.9430379746835444,2.2468354430379747,33.6274655826024,0.5839279696897799
1.9810126582278482,2.2468354430379747,34.63340206737342,0.6326233428578052
2.018987341772152,2.2468354430379747,35.17805148626109,0.6587271114019286
2.056962025316456,2.2468354430379747,35.58210399523689,0.6779735300373801
2.132911392405063,2.2468354430379747,36.27236395620728,0.7103109541282208
2.0949367088607596,2.2468354430379747,35.92535694545179,0.6941943172342441
2.208860759493671,2.2468354430379747,37.871064756011094,0.7825938510966649
2.170886075949367,2.2468354430379747,37.204094492975784,0.7527093855147072
2.2468354430379747,2.2468354430379747,38.28463349857072,0.8000174052174924
2.2848101265822782,2.2468354430379747,38.34274486811901,0.8000086755188583
2.3227848101265822,2.2468354430379747,38.39918256055586,0.8000084102161992
2.3607594936708862,2.2468354430379747,38.44514621187329,0.8000089616752907
2.39873417721519,2.2468354430379747,38.46949494801218,0.8000172376177317
2.4367088607594938,2.2468354430379747,38.48223277133059,0.8000089124727248
2.4746835443037973,2.2468354430379747,38.568620255583525,0.8000061637989251
2.5126582278481013,2.2468354430379747,38.63916703368923,0.8000089807971583
2.5506329113924053,2.2468354430379747,38.697268795772416,0.8000089057741651
2.588607594936709,2.2468354430379747,38.72949937578736,0.8000176389952997
2.626582278481013,2.2468354430379747,38.78124626375254,0.8000089334897733
2.6645569620253164,2.2468354430379747,38.80072998434456,0.8000046311753538
2.7025316455696204,2.2468354430379747,38.80652248852169,0.8000084647689225
2.740506329113924,2.2468354430379747,38.810625480956375,0.8000088449631096
2.778481012658228,2.2468354430379747,38.813944946021,0.800004617996883
2.8164556962025316,2.2468354430379747,38.815894882036666,0.8000085796543284
2.8544303797468356,2.2468354430379747,38.81682488215846,0.8000086110624265
2.892405063291139,2.2468354430379747,38.81697900433378,0.8000086415677711
2.930379746835443,2.2468354430379747,38.81705582276822,0.8000046487005005
2.968354430379747,2.2468354430379747,38.8178531723782,0.8000086292426232
3.0063291139240507,2.2468354430379747,38.818102052281624,0.8000085879916204
3.0822784810126582,2.2468354430379747,38.81926289285827,0.800017361359397
3.0443037974683547,2.2468354430379747,38.818607444333026,0.8000085893182061
3.1202531645569622,2.2468354430379747,38.819186051715306,0.8000086005769569
3.1582278481012658,2.2468354430379747,38.819301320673986,0.8000085768579434
3.1962025316455698,2.2468354430379747,38.82010721250374,0.8000085764087834
3.2341772151898733,2.2468354430379747,38.82183381068479,0.800008572470521
3.2721518987341773,2.2468354430379747,38.822105636967315,0.8000176654158992
3.310126582278481,2.2468354430379747,38.82179465434569,0.800008539269232
3.348101265822785,2.2468354430379747,38.822452348412654,0.8000085670321927
3.386075949367089,2.2468354430379747,38.82226787600142,0.8000085386745842
3.4240506329113924,2.2468354430379747,38.82274705735849,0.8000086423883899
3.5,2.2468354430379747,38.82341521724016,0.8000061085838882
3.4620253164556964,2.2468354430379747,38.82353371752712,0.8000176574560645
0.5,2.2848101265822782,28.197554398355525,0.20542024392519642
0.5379746835443038,2.2848101265822782,28.198037066049814,0.20542874402379951
0.5759493670886076,2.2848101265822782,28.199634803619325,0.2053866955821126
0.6139240506329113,2.2848101265822782,28.197371656534234,0.20540432579907647
0.6518987341772152,2.2848101265822782,28.197323844473786,0.20540505454453975
0.689873417721519,2.2848101265822782,28.20122194250236,0.20531607847464647
0.7278481012658228,2.2848101265822782,28.19989914988788,0.20543789877625027
0.7658227848101267,2.2848101265822782,28.205672850425394,0.20540201243891118
0.8037974683544304,2.2848101265822782,28.196449295185005,0.20544403252050314
0.8417721518987342,2.2848101265822782,28.121644071103944,0.20537090000997357
0.879746835443038,2.2848101265822782,28.06103143274942,0.2054841028314908
0.9177215189873418,2.2848101265822782,28.00806230903297,0.2053437087273379
0.9556962025316456,2.2848101265822782,27.951014071594724,0.2053449588091465
0.9936708860759493,2.2848101265822782,27.912893683362572,0.2054018237489239
1.0316455696202533,2.2848101265822782,27.89516168497348,0.20544109438870128
1.0696202531645569,2.2848101265822782,27.893193155167108,0.2054152720408639
1.1075949367088609,2.2848101265822782,27.88985011553991,0.205349244037571
1.1455696202531644,2.2848101265822782,27.883961012389157,0.2053501740954829
1.2215189873417722,2.2848101265822782,27.879635092029666,0.2056832615039375
1.1835443037974684,2.2848101265822782,27.881453493680095,0.2053651245228678
1.259493670886076,2.2848101265822782,27.85014668359346,0.2056954413310389
1.2974683544303798,2.2848101265822782,27.817937041438288,0.2055897808316856
1.3354430379746836,2.2848101265822782,27.75577826429153,0.20565664057163632
1.3734177215189873,2.2848101265822782,27.712722216476333,0.20572415952646853
1.4113924050632911,2.2848101265822782,27.64397557356963,0.2056568147825108
1.449367088607595,2.2848101265822782,27.569774891258323,0.20582285697338035
1.4873417721518987,2.2848101265822782,27.4911050960428,0.20607749235035153
1.5253164556962027,2.2848101265822782,27.345819069365923,0.20627603471811612
1.5632911392405064,2.2848101265822782,27.103947547605504,0.20648152025854172
1.6012658227848102,2.2848101265822782,26.99091927583732,0.20646773483413247
1.639240506329114,2.2848101265822782,26.84880944500155,0.20646622158721756
1.6772151898734178,2.2848101265822782,26.720613107031504,0.20640772548637618
1.7531645569620253,2.2848101265822782,27.37888145898511,0.2534859618041627
1.7151898734177216,2.2848101265822782,26.57539685219368,0.2063905345077326
1.7911392405063291,2.2848101265822782,28.462965372280507,0.3138069579785454
1.8291139240506329,2.2848101265822782,29.4508813399426,0.36757755506748574
1.8670886075949367,2.2848101265822782,30.135922482264903,0.40391711671255487
1.9050632911392404,2.2848101265822782,32.28424290671634,0.5119891498361933
1.9430379746835444,2.2848101265822782,35.15393521183155,0.6529250557426403
1.9810126582278482,2.2848101265822782,35.860324599191365,0.6867401861076293
2.018987341772152,2.2848101265822782,36.192639694841944,0.7029330351837734
2.056962025316456,2.2848101265822782,36.53534120901648,0.7193839007019023
2.0949367088607596,2.2848101265822782,36.863294035145564,0.7348736755032897
2.132911392405063,2.2848101265822782,37.21231114556651,0.7510469376060135
2.170886075949367,2.2848101265822782,38.14640029040727,0.7934609727303666
2.208860759493671,2.2848101265822782,38.33458004124715,0.8000122072322855
2.2468354430379747,2.2848101265822782,38.3695621955235,0.8000067267741781
2.3227848101265822,2.2848101265822782,38.495722499352986,0.8000061679985296
2.3607594936708862,2.2848101265822782,38.52960526940198,0.8000130510244027
2.2848101265822782,2.2848101265822782,38.43565546162297,0.8000126594690895
2.39873417721519,2.2848101265822782,38.54276547401288,0.8000130237468477
2.4746835443037973,2.2848101265822782,38.65207338409697,0.8000133512006582
2.4367088607594938,2.2848101265822782,38.55344860568452,0.8000131338242352
2.5126582278481013,2.2848101265822782,38.7174862256533,0.8000063578785126
2.5506329113924053,2.2848101265822782,38.761855507819995,0.8000123656030095
2.588607594936709,2.2848101265822782,38.79510014670836,0.8000129331881104
2.626582278481013,2.2848101265822782,38.83730789613688,0.8000130642484751
2.6645569620253164,2.2848101265822782,38.855435773811294,0.8000130544716257
2.7025316455696204,2.2848101265822782,38.86220322662546,0.8000130923555304
2.740506329113924,2.2848101265822782,38.86701974543245,0.8000130660906556
2.778481012658228,2.2848101265822782,38.86945766654639,0.8000130915025301
2.8164556962025316,2.2848101265822782,38.871290774425695,0.8000126125043903
2.8544303797468356,2.2848101265822782,38.87222978008851,0.8000127356454378
2.892405063291139,2.2848101265822782,38.872327911226776,0.8000130426678486
2.930379746835443,2.2848101265822782,38.87326359219494,0.8000063132361331
2.968354430379747,2.2848101265822782,38.874768067736106,0.8000133511003304
3.0063291139240507,2.2848101265822782,38.87509945181554,0.8000129984885891
3.0443037974683547,2.2848101265822782,38.875167046001586,0.8000062185694333
3.1202531645569622,2.2848101265822782,38.87595388882408,0.800006207381942
3.0822784810126582,2.2848101265822782,38.87596829709192,0.8000061997402663
3.1582278481012658,2.2848101265822782,38.87578338532178,0.8000062171891641
3.1962025316455698,2.2848101265822782,38.877265959920614,0.8000062150201689
3.2341772151898733,2.2848101265822782,38.87768026447784,0.800012899011862
3.2721518987341773,2.2848101265822782,38.87719884188672,0.8000062581045753
3.310126582278481,2.2848101265822782,38.877514471181065,0.8000062511483488
3.348101265822785,2.2848101265822782,38.878045737051536,0.800006173266083
3.386075949367089,2.2848101265822782,38.879313451143446,0.8000128819760213
3.4240506329113924,2.2848101265822782,38.87853699128444,0.8000061715523287
3.4620253164556964,2.2848101265822782,38.87946232174314,0.8000062157740675
0.5,2.3227848101265822,28.445023414568773,0.20545286075786678
3.5,2.2848101265822782,38.879544990993836,0.8000062110375226
0.5379746835443038,2.3227848101265822,28.44517197848779,0.20544177495396876
0.5759493670886076,2.3227848101265822,28.44570502682725,0.20564954979947558
0.6139240506329113,2.3227848101265822,28.436548211494504,0.2054447331513111
0.6518987341772152,2.3227848101265822,28.435215031562745,0.20564750875673243
0.689873417721519,2.3227848101265822,28.43326242948893,0.20553155440993093
0.7278481012658228,2.3227848101265822,28.4263552590721,0.20565391009245443
0.7658227848101267,2.3227848101265822,28.421290268518998,0.2055337958960233
0.8037974683544304,2.3227848101265822,28.396191533989796,0.2055589741431855
0.8417721518987342,2.3227848101265822,28.310385250766217,0.2056453086169398
0.879746835443038,2.3227848101265822,28.23470324889915,0.2054706968695434
0.9177215189873418,2.3227848101265822,28.17097359638726,0.20567087818230784
0.9556962025316456,2.3227848101265822,28.10273825361057,0.2054738922060485
0.9936708860759493,2.3227848101265822,28.062468337443637,0.20546655649692233
1.0316455696202533,2.3227848101265822,28.04569813111718,0.20563642073104507
1.0696202531645569,2.3227848101265822,28.035110572690634,0.20549919214363793
1.1075949367088609,2.3227848101265822,28.030987057086385,0.2055340540225486
1.1455696202531644,2.3227848101265822,28.02911421220086,0.20577476583299908
1.1835443037974684,2.3227848101265822,28.020764047484537,0.20572217691965106
1.2215189873417722,2.3227848101265822,28.011793325420413,0.20574736537487212
1.259493670886076,2.3227848101265822,27.98140052931221,0.2058416062099227
1.2974683544303798,2.3227848101265822,27.94736954927287,0.20580984446886286
1.3354430379746836,2.3227848101265822,27.882581975384788,0.2057409574787244
1.3734177215189873,2.3227848101265822,27.83258780732025,0.205771564211093
1.4113924050632911,2.3227848101265822,27.761238476595715,0.20589727082568354
1.449367088607595,2.3227848101265822,27.686560875381833,0.20623362301003842
1.4873417721518987,2.3227848101265822,27.601683360302665,0.2066534863742747
1.5253164556962027,2.3227848101265822,27.448228079174804,0.20667469918112655
1.5632911392405064,2.3227848101265822,27.17523299020417,0.2066619523762025
1.6012658227848102,2.3227848101265822,27.07560275756244,0.2066889405725659
1.639240506329114,2.3227848101265822,26.9338353355773,0.2067451340826708
1.6772151898734178,2.3227848101265822,26.78169879148009,0.20676997381606296
1.7151898734177216,2.3227848101265822,26.999120708680135,0.22472355211869105
1.7531645569620253,2.3227848101265822,27.963857910667354,0.2795772918783524
1.7911392405063291,2.3227848101265822,29.022973284337375,0.3385075440544098
1.8291139240506329,2.3227848101265822,30.016784636714554,0.39242731759526184
1.8670886075949367,2.3227848101265822,31.09579884936252,0.4479968619527757
1.9050632911392404,2.3227848101265822,34.65489884894754,0.6209507374196124
1.9430379746835444,2.3227848101265822,36.345632166641465,0.7055393644991281
1.9810126582278482,2.3227848101265822,36.66193785135611,0.7211892655624922
2.018987341772152,2.3227848101265822,36.97636850135995,0.7364817906631197
2.056962025316456,2.3227848101265822,37.30629861221123,0.7523219386885301
2.0949367088607596,2.3227848101265822,37.62823453941386,0.7674886439857765
2.132911392405063,2.3227848101265822,37.996086317917914,0.7844861733063959
2.170886075949367,2.3227848101265822,38.367369613430576,0.8000184054272709
2.208860759493671,2.3227848101265822,38.38957908302193,0.8000210913281426
2.2468354430379747,2.3227848101265822,38.45627062099979,0.8000183728507944
2.2848101265822782,2.3227848101265822,38.500516568308335,0.7999966743472662
2.3227848101265822,2.3227848101265822,38.53930527568617,0.8000341596808698
2.3607594936708862,2.3227848101265822,38.57380060567275,0.8000345287991538
2.39873417721519,2.3227848101265822,38.597251076130114,0.8000312279607596
2.4367088607594938,2.3227848101265822,38.609786423287574,0.7999970661418618
2.4746835443037973,2.3227848101265822,38.70926012248707,0.799996722804417
2.5126582278481013,2.3227848101265822,38.76217942542124,0.8000310994290996
2.5506329113924053,2.3227848101265822,38.808962640144635,0.8000312216702635
2.588607594936709,2.3227848101265822,38.83391801351089,0.8000310794015401
2.626582278481013,2.3227848101265822,38.875920454212256,0.8000311084424235
2.6645569620253164,2.3227848101265822,38.8940839515416,0.8000311910555911
2.7025316455696204,2.3227848101265822,38.899680470696424,0.8000311142302422
2.740506329113924,2.3227848101265822,38.90465400991134,0.8000312108312342
2.778481012658228,2.3227848101265822,38.90760850533845,0.8000199551805863
2.8164556962025316,2.3227848101265822,38.910060597463854,0.8000311224523241
2.8544303797468356,2.3227848101265822,38.91051993047622,0.8000199563446986
2.892405063291139,2.3227848101265822,38.911218559430594,0.8000199151189323
2.930379746835443,2.3227848101265822,38.910790064485234,0.7999966779526284
2.968354430379747,2.3227848101265822,38.91211392497439,0.8000199278195653
3.0063291139240507,2.3227848101265822,38.91251047207314,0.7999967382533218
3.0443037974683547,2.3227848101265822,38.91253674845773,0.7999966771259611
3.0822784810126582,2.3227848101265822,38.91200105054571,0.7999966772640056
3.1202531645569622,2.3227848101265822,38.91221969709221,0.7999967311820461
3.1582278481012658,2.3227848101265822,38.91418049579806,0.8000248742808194
3.1962025316455698,2.3227848101265822,38.91489174440892,0.8000198936355022
3.2341772151898733,2.3227848101265822,38.91481722485584,0.8000198911631975
3.2721518987341773,2.3227848101265822,38.914826799463086,0.799996676254111
3.310126582278481,2.3227848101265822,38.91539616907993,0.8000199556694892
3.348101265822785,2.3227848101265822,38.914938938572384,0.799996729001663
3.386075949367089,2.3227848101265822,38.91574009416821,0.8000248880228306
3.4240506329113924,2.3227848101265822,38.91554495754895,0.7999966801262445
3.4620253164556964,2.3227848101265822,38.91587048296571,0.7999966941712797
3.5,2.3227848101265822,38.915578611515734,0.79999671519996
0.5,2.3607594936708862,28.57844942435516,0.20581779172031933
0.5379746835443038,2.3607594936708862,28.57693480798069,0.2057274045345434
0.5759493670886076,2.3607594936708862,28.570223728829415,0.20573656037421884
0.6139240506329113,2.3607594936708862,28.561998802783368,0.2055880324926714
0.6518987341772152,2.3607594936708862,28.558134317589438,0.2055915775515983
0.689873417721519,2.3607594936708862,28.54995779892337,0.20559280935305124
0.7278481012658228,2.3607594936708862,28.547727718497367,0.20558937019752058
0.7658227848101267,2.3607594936708862,28.54110158590857,0.20558715876113604
0.8037974683544304,2.3607594936708862,28.513129679016597,0.20572297256916233
0.8417721518987342,2.3607594936708862,28.424287571712927,0.2057558847905568
0.879746835443038,2.3607594936708862,28.337487841540884,0.2056272612998431
0.9177215189873418,2.3607594936708862,28.267839845320655,0.20578035630544111
0.9556962025316456,2.3607594936708862,28.195152516327596,0.2056385380468084
0.9936708860759493,2.3607594936708862,28.153583261729853,0.2056467762238057
1.0316455696202533,2.3607594936708862,28.14534057517107,0.20602578614302863
1.0696202531645569,2.3607594936708862,28.140407758194996,0.20605491528839312
1.1075949367088609,2.3607594936708862,28.13491194071842,0.20597355648431076
1.1455696202531644,2.3607594936708862,28.12938571068089,0.2060108670707888
1.1835443037974684,2.3607594936708862,28.120622902397216,0.2060122714448183
1.2215189873417722,2.3607594936708862,28.107431996189497,0.20599917318937147
1.259493670886076,2.3607594936708862,28.071416474266837,0.2059076722231304
1.2974683544303798,2.3607594936708862,28.03662540356627,0.20598302478296027
1.3354430379746836,2.3607594936708862,27.966864456602487,0.20601366247518116
1.3734177215189873,2.3607594936708862,27.915222618572155,0.20599535963546964
1.4113924050632911,2.3607594936708862,27.846643616795486,0.20657450964143265
1.449367088607595,2.3607594936708862,27.759969748402032,0.2068720472878304
1.4873417721518987,2.3607594936708862,27.6655146367889,0.20697167641650763
1.5253164556962027,2.3607594936708862,27.49700832414303,0.2068914123239943
1.5632911392405064,2.3607594936708862,27.23027035446845,0.20698743395547045
1.6012658227848102,2.3607594936708862,27.119452033614127,0.20691621285525538
1.639240506329114,2.3607594936708862,26.981118863889154,0.20697887030334702
1.6772151898734178,2.3607594936708862,26.814567270177154,0.20691162940793753
1.7151898734177216,2.3607594936708862,27.305372246859505,0.2386421465161173
1.7531645569620253,2.3607594936708862,28.229801820847843,0.2914060930890593
1.7911392405063291,2.3607594936708862,29.309037230700078,0.35119156017781034
1.8291139240506329,2.3607594936708862,30.9778337577307,0.43625763478213286
1.8670886075949367,2.3607594936708862,34.40755645754296,0.601945389664411
1.9050632911392404,2.3607594936708862,35.602649505456036,0.6621223743478571
1.9430379746835444,2.3607594936708862,36.97296231333985,0.731956547416984
1.9810126582278482,2.3607594936708862,37.31390215764035,0.748701114292108
2.018987341772152,2.3607594936708862,37.607401456593855,0.7629648174108481
2.056962025316456,2.3607594936708862,37.96216075330654,0.7798754338431033
2.0949367088607596,2.3607594936708862,38.268242707613574,0.7942943940136867
2.132911392405063,2.3607594936708862,38.39522591966207,0.8000209977943462
2.170886075949367,2.3607594936708862,38.42440519197183,0.8000176368223552
2.208860759493671,2.3607594936708862,38.46156448971579,0.8000334440758892
2.2468354430379747,2.3607594936708862,38.509383791252056,0.7999981195747569
2.2848101265822782,2.3607594936708862,38.5359451624582,0.8000335232292769
2.3227848101265822,2.3607594936708862,38.59099215912369,0.800033486079356
2.3607594936708862,2.3607594936708862,38.62011061787327,0.8000333807306261
2.39873417721519,2.3607594936708862,38.64060217778245,0.8000198910012333
2.4367088607594938,2.3607594936708862,38.65832540144972,0.7999983244798614
2.4746835443037973,2.3607594936708862,38.76140500754173,0.7999984914959786
2.5506329113924053,2.3607594936708862,38.85167073022953,0.8000233371995987
2.588607594936709,2.3607594936708862,38.87511848523539,0.8000230617700723
2.5126582278481013,2.3607594936708862,38.807728413614775,0.8000201245689096
2.626582278481013,2.3607594936708862,38.9176033199729,0.7999985286815402
2.6645569620253164,2.3607594936708862,38.93642968507035,0.8000231726219591
2.7025316455696204,2.3607594936708862,38.94158694113024,0.8000047556431163
2.740506329113924,2.3607594936708862,38.94628123558592,0.7999984727568102
2.778481012658228,2.3607594936708862,38.950222473983274,0.7999984063828222
2.8164556962025316,2.3607594936708862,38.95280833184246,0.8000335515780687
2.8544303797468356,2.3607594936708862,38.95384416146287,0.8000200596608399
2.892405063291139,2.3607594936708862,38.954427767014444,0.8000200881703341
2.930379746835443,2.3607594936708862,38.955430866825004,0.8000201645282432
2.968354430379747,2.3607594936708862,38.95463952564905,0.8000200337194134
3.0063291139240507,2.3607594936708862,38.95467742286282,0.8000047534115009
3.0443037974683547,2.3607594936708862,38.95559748070987,0.8000047707260567
3.0822784810126582,2.3607594936708862,38.95598698596956,0.8000200884663011
3.1202531645569622,2.3607594936708862,38.95586900021077,0.8000200553266359
3.1582278481012658,2.3607594936708862,38.9551295617294,0.8000047843199847
3.1962025316455698,2.3607594936708862,38.95546854938631,0.8000047669723291
3.2341772151898733,2.3607594936708862,38.95615123331652,0.8000047667508626
3.2721518987341773,2.3607594936708862,38.95673951510299,0.8000199968367074
3.310126582278481,2.3607594936708862,38.95716612199011,0.8000201550338094
3.348101265822785,2.3607594936708862,38.95601138829674,0.8000047708553545
3.386075949367089,2.3607594936708862,38.956892534581904,0.8000200885214471
3.4620253164556964,2.3607594936708862,38.95733031212381,0.8000199862384599
3.4240506329113924,2.3607594936708862,38.95715241996892,0.8000199992778683
3.5,2.3607594936708862,38.957265727214576,0.8000200466630495
0.5,2.39873417721519,28.647515966011355,0.20580795976191663
0.5379746835443038,2.39873417721519,28.64955960425244,0.20597447257491702
0.5759493670886076,2.39873417721519,28.643518961720535,0.20583860743984386
0.6139240506329113,2.39873417721519,28.638128774275497,0.20585689653045788
0.6518987341772152,2.39873417721519,28.633795738560156,0.20585192828948537
0.7278481012658228,2.39873417721519,28.624895041489083,0.2059079199436954
0.689873417721519,2.39873417721519,28.627542944889996,0.20585714451277703
0.7658227848101267,2.39873417721519,28.61747773964674,0.2058998296704343
0.8037974683544304,2.39873417721519,28.586661428957488,0.205871171591674
0.8417721518987342,2.39873417721519,28.49933970288455,0.20596564992548708
0.879746835443038,2.39873417721519,28.403682030724216,0.20591388773823266
0.9177215189873418,2.39873417721519,28.32927840267829,0.20587855539762615
0.9556962025316456,2.39873417721519,28.259082451440573,0.2061612829637967
0.9936708860759493,2.39873417721519,28.22005872748315,0.20605222604210865
1.0696202531645569,2.39873417721519,28.19734339913192,0.20605623901322373
1.0316455696202533,2.39873417721519,28.20401944924533,0.20606236913497708
1.1075949367088609,2.39873417721519,28.191390545076636,0.20612610924393626
1.1835443037974684,2.39873417721519,28.175161166613364,0.20617187109301752
1.1455696202531644,2.39873417721519,28.18294105874255,0.20611336809625352
1.2215189873417722,2.39873417721519,28.16061370706345,0.20622657655534188
1.259493670886076,2.39873417721519,28.12439986737378,0.20617597446396868
1.3354430379746836,2.39873417721519,28.021550350062892,0.2065532751925999
1.2974683544303798,2.39873417721519,28.087990480638997,0.20634005680311493
1.3734177215189873,2.39873417721519,27.978870898085976,0.2070451126728745
1.4113924050632911,2.39873417721519,27.903037949720076,0.20721485653061952
1.449367088607595,2.39873417721519,27.806613268758053,0.20707657251391579
1.4873417721518987,2.39873417721519,27.714305837826025,0.20709815227683614
1.5253164556962027,2.39873417721519,27.55193624156942,0.20715768542998447
1.5632911392405064,2.39873417721519,27.286456519644528,0.20709792207985028
1.6012658227848102,2.39873417721519,27.156780103891123,0.20715920572127203
1.639240506329114,2.39873417721519,27.0238506221616,0.20718533750717985
1.6772151898734178,2.39873417721519,26.858749595025838,0.20716759336080448
1.7151898734177216,2.39873417721519,27.679741403998225,0.25525570730114716
1.7531645569620253,2.39873417721519,29.130893220628113,0.331826187277226
1.7911392405063291,2.39873417721519,31.554547884381563,0.4531817942882275
1.8291139240506329,2.39873417721519,33.370173386304714,0.5449313793909712
1.8670886075949367,2.39873417721519,35.42297859800108,0.6473266841285952
1.9430379746835444,2.39873417721519,37.624836170217876,0.7591943642262452
1.9050632911392404,2.39873417721519,36.188206926789995,0.6865002409896775
2.018987341772152,2.39873417721519,38.218484846748474,0.788292214975982
1.9810126582278482,2.39873417721519,37.90576805554455,0.7731429978583458
2.056962025316456,2.39873417721519,38.46352343504673,0.8000464808168861
2.0949367088607596,2.39873417721519,38.47680613868105,0.8000211518834949
2.132911392405063,2.39873417721519,38.47980686996999,0.7999956694898083
2.170886075949367,2.39873417721519,38.47423328081933,0.8000120343902161
2.208860759493671,2.39873417721519,38.51633066627466,0.8000333636867211
2.2468354430379747,2.39873417721519,38.546642330870824,0.8000131974988551
2.2848101265822782,2.39873417721519,38.58299489220225,0.800012658111861
2.3227848101265822,2.39873417721519,38.638387327617636,0.8000127484948273
2.3607594936708862,2.39873417721519,38.66471794638958,0.8000282982234633
2.39873417721519,2.39873417721519,38.67825285775453,0.8000128626845242
2.4746835443037973,2.39873417721519,38.8175554743754,0.8000278985398882
2.4367088607594938,2.39873417721519,38.695445871179906,0.800013437417293
2.5126582278481013,2.39873417721519,38.85639123436139,0.8000276071194629
2.5506329113924053,2.39873417721519,38.90071922764254,0.8000122861977245
2.588607594936709,2.39873417721519,38.91945977307269,0.8000280009194388
2.626582278481013,2.39873417721519,38.952354175713566,0.800013638450494
2.6645569620253164,2.39873417721519,38.9703933237593,0.8000252381785687
2.7025316455696204,2.39873417721519,38.97602382624131,0.8000130091232657
2.740506329113924,2.39873417721519,38.98031173595157,0.8000279109437459
2.8164556962025316,2.39873417721519,38.98516004023195,0.8000135159934142
2.778481012658228,2.39873417721519,38.983183238773655,0.8000128714126387
2.8544303797468356,2.39873417721519,38.986510226085905,0.8000334334597914
2.892405063291139,2.39873417721519,38.98729096420344,0.800033443044668
2.930379746835443,2.39873417721519,38.98753195056678,0.8000334292916667
2.968354430379747,2.39873417721519,38.98852217451178,0.8000518363131435
3.0443037974683547,2.39873417721519,38.98871587961421,0.8000135112097124
3.0063291139240507,2.39873417721519,38.98859357580656,0.8000518512106028
3.0822784810126582,2.39873417721519,38.990185202731794,0.8000518388493926
3.1202531645569622,2.39873417721519,38.989736939335714,0.8000518512067927
3.1582278481012658,2.39873417721519,38.98939024771149,0.8000135155747926
3.1962025316455698,2.39873417721519,38.98954225832297,0.8000334387647512
3.2341772151898733,2.39873417721519,38.99005850933466,0.800033442111184
3.2721518987341773,2.39873417721519,38.99043162124846,0.8000518581838276
3.310126582278481,2.39873417721519,38.990674330879834,0.8000518622467578
3.348101265822785,2.39873417721519,38.991192530529446,0.8000518553034521
3.386075949367089,2.39873417721519,38.99155824761347,0.8000518633872564
3.4240506329113924,2.39873417721519,38.99158408446626,0.8000518674769649
3.4620253164556964,2.39873417721519,38.9912460103129,0.8000518408466385
3.5,2.39873417721519,38.992855084167736,0.8000280275430205
0.5,2.4367088607594938,28.794829922105606,0.20630153495341558
0.5379746835443038,2.4367088607594938,28.793279067759048,0.20628918860233628
0.5759493670886076,2.4367088607594938,28.78090947423846,0.2061426440842664
0.6518987341772152,2.4367088607594938,28.774471834565855,0.2062892791778208
0.6139240506329113,2.4367088607594938,28.77624095130237,0.2062575405297497
0.689873417721519,2.4367088607594938,28.76711784072183,0.2061735177782805
0.7278481012658228,2.4367088607594938,28.763779850327264,0.2061767949515442
0.7658227848101267,2.4367088607594938,28.76118766881234,0.20618615190925194
0.8037974683544304,2.4367088607594938,28.730811897765037,0.20618638347876397
0.8417721518987342,2.4367088607594938,28.639804285716274,0.2064589234334667
0.879746835443038,2.4367088607594938,28.53359487105002,0.2065529594521496
0.9177215189873418,2.4367088607594938,28.444806436946855,0.206512575808211
0.9556962025316456,2.4367088607594938,28.374684106049227,0.20647876613011065
1.0316455696202533,2.4367088607594938,28.322854281695246,0.2065030498996881
0.9936708860759493,2.4367088607594938,28.33388037243038,0.2063699872528381
1.1075949367088609,2.4367088607594938,28.307157486439383,0.2064398039018981
1.0696202531645569,2.4367088607594938,28.315259696066338,0.20639472896469188
1.1455696202531644,2.4367088607594938,28.299786454370075,0.20644664363449922
1.1835443037974684,2.4367088607594938,28.29004804199729,0.20639100000842966
1.2215189873417722,2.4367088607594938,28.271639203423266,0.20637839258320373
1.259493670886076,2.4367088607594938,28.23745442766452,0.20657177399300009
1.2974683544303798,2.4367088607594938,28.212338608163545,0.2071824906114099
1.3354430379746836,2.4367088607594938,28.1500268420739,0.20760983568410465
1.3734177215189873,2.4367088607594938,28.095601579907793,0.2075765824839809
1.4113924050632911,2.4367088607594938,28.016318385506143,0.20749198731189847
1.449367088607595,2.4367088607594938,27.91704670226648,0.2075729079498229
1.5253164556962027,2.4367088607594938,27.63465157453865,0.20749898531896424
1.4873417721518987,2.4367088607594938,27.82630227562085,0.2076313382091138
1.5632911392405064,2.4367088607594938,27.370558518393473,0.20763203527631627
1.6012658227848102,2.4367088607594938,27.243127160435606,0.2076311059681216
1.639240506329114,2.4367088607594938,27.122084327755417,0.2076318888622526
1.6772151898734178,2.4367088607594938,27.845849735014422,0.25000693338934815
1.7151898734177216,2.4367088607594938,29.289770797136473,0.32697835229114547
1.7531645569620253,2.4367088607594938,31.26506585214784,0.4285307023596154
1.7911392405063291,2.4367088607594938,32.89766756908454,0.5129093183984814
1.8291139240506329,2.4367088607594938,35.2208411568338,0.6300461313784138
1.8670886075949367,2.4367088607594938,36.26919533295517,0.6829329213076529
1.9050632911392404,2.4367088607594938,37.00278354187918,0.720120002846204
1.9430379746835444,2.4367088607594938,38.359947075010126,0.7890987335066262
1.9810126582278482,2.4367088607594938,38.57645423626287,0.8000361397243528
2.018987341772152,2.4367088607594938,38.57229584514825,0.7999986696166048
2.0949367088607596,2.4367088607594938,38.54708650924727,0.8000012624086797
2.132911392405063,2.4367088607594938,38.53349417047191,0.7999990268226452
2.056962025316456,2.4367088607594938,38.55573518408982,0.8000544052286687
2.170886075949367,2.4367088607594938,38.56064332000467,0.8000043432051748
2.208860759493671,2.4367088607594938,38.57225254253718,0.8000128252573244
2.2468354430379747,2.4367088607594938,38.60267659142269,0.8000059960523522
2.2848101265822782,2.4367088607594938,38.6474632686706,0.8000340051463487
2.3227848101265822,2.4367088607594938,38.6864263478809,0.8000339967383816
2.3607594936708862,2.4367088607594938,38.71870817968142,0.8000063462745413
2.39873417721519,2.4367088607594938,38.737741405219076,0.8000122794684186
2.4367088607594938,2.4367088607594938,38.754333681124066,0.8000063122755001
2.4746835443037973,2.4367088607594938,38.88276431297434,0.8000345998629558
2.5126582278481013,2.4367088607594938,38.90701336692777,0.8000334156473982
2.5506329113924053,2.4367088607594938,38.94768907216458,0.800033921997488
2.588607594936709,2.4367088607594938,38.967437429953314,0.8000345660781035
2.626582278481013,2.4367088607594938,38.999191756960144,0.8000046597543489
2.6645569620253164,2.4367088607594938,39.01055746540739,0.8000333453692939
2.7025316455696204,2.4367088607594938,39.01420003890898,0.8000335135790981
2.740506329113924,2.4367088607594938,39.01657143104722,0.8000336379131342
2.778481012658228,2.4367088607594938,39.019971153158565,0.8000479261655118
2.8164556962025316,2.4367088607594938,39.019896581788785,0.8000335448517604
2.8544303797468356,2.4367088607594938,39.02047088451298,0.8000254669839234
2.892405063291139,2.4367088607594938,39.020753080066186,0.8000335357447443
2.930379746835443,2.4367088607594938,39.01983407858384,0.8000254532981312
2.968354430379747,2.4367088607594938,39.02124890662278,0.8000334579371903
3.0063291139240507,2.4367088607594938,39.02071618403506,0.800033303778483
3.0443037974683547,2.4367088607594938,39.0214745449134,0.8000334435365526
3.0822784810126582,2.4367088607594938,39.0212215672512,0.8000254562022435
3.1202531645569622,2.4367088607594938,39.02105350564756,0.8000254728783417
3.1582278481012658,2.4367088607594938,39.02117589560363,0.8000345443524494
3.1962025316455698,2.4367088607594938,39.0208325249002,0.8000332993767925
3.2341772151898733,2.4367088607594938,39.0215346878401,0.8000254581537478
3.2721518987341773,2.4367088607594938,39.02224175500086,0.8000335415493689
3.310126582278481,2.4367088607594938,39.021893460984046,0.8000334575896181
3.348101265822785,2.4367088607594938,39.02206224708926,0.8000334633369764
3.386075949367089,2.4367088607594938,39.02216141580589,0.800025473377724
3.4240506329113924,2.4367088607594938,39.0221743314963,0.8000335393534014
3.4620253164556964,2.4367088607594938,39.02252596956165,0.8000335276525096
3.5,2.4367088607594938,39.022703667231504,0.8000334498221655
0.5,2.4746835443037973,28.8979460508399,0.2064149389874574
0.5379746835443038,2.4746835443037973,28.891731606142,0.206330800840913
0.5759493670886076,2.4746835443037973,28.88808342880795,0.20633634095510606
0.6139240506329113,2.4746835443037973,28.880225190022873,0.20636229885151386
0.6518987341772152,2.4746835443037973,28.872959088039334,0.20622617322576464
0.689873417721519,2.4746835443037973,28.869286514752954,0.2062221009508823
0.7278481012658228,2.4746835443037973,28.87225891029138,0.2065858191410431
0.7658227848101267,2.4746835443037973,28.8713683850758,0.2066226655418411
0.8037974683544304,2.4746835443037973,28.838641687551327,0.20661734280750124
0.8417721518987342,2.4746835443037973,28.739398088329473,0.20661772291843328
0.879746835443038,2.4746835443037973,28.624032262820908,0.20666301423715353
0.9177215189873418,2.4746835443037973,28.532460665849626,0.20654140810684946
0.9556962025316456,2.4746835443037973,28.46040033304375,0.20661655904374873
0.9936708860759493,2.4746835443037973,28.420977735171803,0.20649934178363888
1.0316455696202533,2.4746835443037973,28.407294438370133,0.20655386993775793
1.0696202531645569,2.4746835443037973,28.39929562698991,0.2064637786460099
1.1075949367088609,2.4746835443037973,28.393335082508887,0.20652793189135482
1.1455696202531644,2.4746835443037973,28.38763713481598,0.2066372329282829
1.1835443037974684,2.4746835443037973,28.37919598279684,0.20665980536380107
1.2215189873417722,2.4746835443037973,28.37710890455186,0.20724079766451806
1.259493670886076,2.4746835443037973,28.347939314540653,0.20762575376522946
1.2974683544303798,2.4746835443037973,28.30952679051731,0.2075894399665605
1.3354430379746836,2.4746835443037973,28.236931081829884,0.2076894443080226
1.3734177215189873,2.4746835443037973,28.18108141246247,0.20767150019392344
1.449367088607595,2.4746835443037973,27.997905571294357,0.20767279203367728
1.4113924050632911,2.4746835443037973,28.098853934231318,0.20764187308855986
1.4873417721518987,2.4746835443037973,27.920324590864798,0.2076697684508673
1.5253164556962027,2.4746835443037973,27.736195635852695,0.20766077816428985
1.5632911392405064,2.4746835443037973,27.46437692182331,0.2076851384597499
1.6012658227848102,2.4746835443037973,27.362154484923565,0.20770656825236478
1.6772151898734178,2.4746835443037973,29.11645376349045,0.3071504062327218
1.639240506329114,2.4746835443037973,27.812137616056074,0.23648329086992595
1.7531645569620253,2.4746835443037973,32.31954563080466,0.47606350572383216
1.7151898734177216,2.4746835443037973,30.719383448772774,0.3919681425997285
1.7911392405063291,2.4746835443037973,33.91316122554024,0.5581921144904088
1.8291139240506329,2.4746835443037973,36.07591656153308,0.6669524065481319
1.9050632911392404,2.4746835443037973,37.61739294936461,0.7449250839058843
1.8670886075949367,2.4746835443037973,36.907052348555425,0.7093302713536463
1.9430379746835444,2.4746835443037973,38.67910803252294,0.8000544532701929
1.9810126582278482,2.4746835443037973,38.667122600019624,0.8000107087249859
2.018987341772152,2.4746835443037973,38.655907369050546,0.8000191810768427
2.0949367088607596,2.4746835443037973,38.59523829462553,0.8000006011388403
2.056962025316456,2.4746835443037973,38.623425256254166,0.8000220891774827
2.132911392405063,2.4746835443037973,38.59192359544092,0.8000172325178757
2.170886075949367,2.4746835443037973,38.61133357097184,0.8000260666937311
2.208860759493671,2.4746835443037973,38.607550997874306,0.8000240728173722
2.2468354430379747,2.4746835443037973,38.657381792910876,0.8000032092862912
2.2848101265822782,2.4746835443037973,38.681666158643935,0.8000034484399038
2.3227848101265822,2.4746835443037973,38.73902545823364,0.800010119855752
2.3607594936708862,2.4746835443037973,38.77215981671436,0.8000109824752656
2.39873417721519,2.4746835443037973,38.79044059808903,0.8000491589999434
2.4367088607594938,2.4746835443037973,38.80872909268534,0.8000036237769013
2.4746835443037973,2.4746835443037973,38.92123476838112,0.8000037176037529
2.5126582278481013,2.4746835443037973,38.95451138025881,0.8000491011994302
2.5506329113924053,2.4746835443037973,38.97982476773357,0.8000046571106009
2.588607594936709,2.4746835443037973,38.9917193950876,0.80000451583895
2.626582278481013,2.4746835443037973,39.024403389349644,0.8000490396188431
2.6645569620253164,2.4746835443037973,39.033785049623916,0.8000109736532053
2.7025316455696204,2.4746835443037973,39.035632688207244,0.800049053971221
2.740506329113924,2.4746835443037973,39.03860141707918,0.8000431234991071
2.778481012658228,2.4746835443037973,39.04217959385517,0.8000430628916553
2.8164556962025316,2.4746835443037973,39.04394419195615,0.8000431416172147
2.8544303797468356,2.4746835443037973,39.04372210313855,0.8000495777098813
2.892405063291139,2.4746835443037973,39.04399323641146,0.8000495186397512
2.930379746835443,2.4746835443037973,39.04289583035741,0.8000033894931663
2.968354430379747,2.4746835443037973,39.04404483582826,0.8000491734102202
3.0063291139240507,2.4746835443037973,39.04525622025022,0.8000492161499949
3.0443037974683547,2.4746835443037973,39.0452031681817,0.8000495201734096
3.0822784810126582,2.4746835443037973,39.04538815657283,0.8000492478436889
3.1202531645569622,2.4746835443037973,39.04469719068446,0.8000034214520593
3.1582278481012658,2.4746835443037973,39.04499560718429,0.8000033874835569
3.1962025316455698,2.4746835443037973,39.044568011192794,0.8000034036537749
3.2341772151898733,2.4746835443037973,39.045861490580855,0.8000495495638336
3.2721518987341773,2.4746835443037973,39.045468095228685,0.8000495267519054
3.348101265822785,2.4746835443037973,39.04595395331047,0.8000492200063363
3.310126582278481,2.4746835443037973,39.04520849331871,0.8000034163870099
3.386075949367089,2.4746835443037973,39.045830966940485,0.8000109847299888
3.4240506329113924,2.4746835443037973,39.04510457603961,0.8000109695738642
3.4620253164556964,2.4746835443037973,39.04510457603961,0.8000109695738642
0.5,2.5126582278481013,28.99932432233543,0.20640493491933873
3.5,2.4746835443037973,39.045899119770596,0.8000495492719385
0.5379746835443038,2.5126582278481013,28.998827747706958,0.2064189381928126
0.5759493670886076,2.5126582278481013,28.988231257968774,0.20636243352740039
0.6139240506329113,2.5126582278481013,28.981723654972814,0.2064427221369178
0.6518987341772152,2.5126582278481013,28.98069008735262,0.20669184630623869
0.689873417721519,2.5126582278481013,28.974436267334866,0.2066102062953518
0.7278481012658228,2.5126582278481013,28.968461942494148,0.20657827672663717
0.7658227848101267,2.5126582278481013,28.96612896916758,0.2067086357215676
0.8037974683544304,2.5126582278481013,28.933043071508255,0.20672782402341125
0.8417721518987342,2.5126582278481013,28.82568805589036,0.20672183215900616
0.879746835443038,2.5126582278481013,28.707775285983317,0.20667558783448747
0.9177215189873418,2.5126582278481013,28.61952184631695,0.2066272757943012
0.9556962025316456,2.5126582278481013,28.54326429288904,0.2065591814468826
0.9936708860759493,2.5126582278481013,28.50870640458402,0.20676872904741705
1.0316455696202533,2.5126582278481013,28.49502903157058,0.20676132074028716
1.1075949367088609,2.5126582278481013,28.487417699537705,0.20694088630189242
1.0696202531645569,2.5126582278481013,28.491769248491135,0.20679926002211219
1.1455696202531644,2.5126582278481013,28.48802491084884,0.20738089302601836
1.1835443037974684,2.5126582278481013,28.488656681586846,0.20767146799754416
1.2215189873417722,2.5126582278481013,28.476368834472513,0.20772978869240202
1.259493670886076,2.5126582278481013,28.438430206267654,0.20771900086012127
1.3354430379746836,2.5126582278481013,28.328475626764103,0.20781614497892595
1.2974683544303798,2.5126582278481013,28.40247447011563,0.2078024986787165
1.3734177215189873,2.5126582278481013,28.288705443649157,0.20783533629546705
1.4113924050632911,2.5126582278481013,28.21745028133069,0.2079000154195827
1.449367088607595,2.5126582278481013,28.142139127062062,0.207899958631619
1.4873417721518987,2.5126582278481013,28.05800879473558,0.20782351188589154
1.5253164556962027,2.5126582278481013,27.883339782190777,0.20789880557803322
1.5632911392405064,2.5126582278481013,27.606418314703763,0.20785520130176302
1.6012658227848102,2.5126582278481013,27.706887189477147,0.21923005348304805
1.639240506329114,2.5126582278481013,28.999904738441376,0.2894103472457726
1.6772151898734178,2.5126582278481013,30.30498180885908,0.3602552175661208
1.7151898734177216,2.5126582278481013,31.805948815469787,0.4402910232274881
1.7531645569620253,2.5126582278481013,33.45319459301938,0.5260608541122996
1.7911392405063291,2.5126582278481013,35.263511789440045,0.618278901431146
1.8291139240506329,2.5126582278481013,36.873110875027024,0.7004180088813112
1.8670886075949367,2.5126582278481013,37.90773976352518,0.7515757135766543
1.9430379746835444,2.5126582278481013,38.78016193069276,0.8000454723366284
1.9050632911392404,2.5126582278481013,38.36034777902013,0.7745399000216292
1.9810126582278482,2.5126582278481013,38.74505699571661,0.8000061752630079
2.018987341772152,2.5126582278481013,38.71632813559529,0.8000548435088632
2.056962025316456,2.5126582278481013,38.67388245707966,0.8000288054759424
2.0949367088607596,2.5126582278481013,38.673233499157455,0.8000046064326054
2.132911392405063,2.5126582278481013,38.67550955662939,0.8000127487555815
2.170886075949367,2.5126582278481013,38.6671160370035,0.800049607457141
2.208860759493671,2.5126582278481013,38.67529174691688,0.8000273867951667
2.2848101265822782,2.5126582278481013,38.74628746845873,0.8000105789540838
2.3227848101265822,2.5126582278481013,38.80488264813744,0.8000530183729576
2.2468354430379747,2.5126582278481013,38.70146331400575,0.800066265652283
2.39873417721519,2.5126582278481013,38.854680703791814,0.8000145362469105
2.3607594936708862,2.5126582278481013,38.83653050133328,0.8000104707021931
2.4367088607594938,2.5126582278481013,38.885705526988716,0.8000097733122343
2.4746835443037973,2.5126582278481013,38.962273086968324,0.8000107743053385
2.588607594936709,2.5126582278481013,39.028140028949956,0.8000143069201486
2.5506329113924053,2.5126582278481013,39.01314023176425,0.8000105725379999
2.5126582278481013,2.5126582278481013,38.99014301113745,0.800010633963303
2.626582278481013,2.5126582278481013,39.04810225037648,0.8000102685006727
2.6645569620253164,2.5126582278481013,39.05421780294498,0.8000144074190862
2.7025316455696204,2.5126582278481013,39.05743803335918,0.8000143982725963
2.740506329113924,2.5126582278481013,39.05771245174809,0.80001094602066
2.778481012658228,2.5126582278481013,39.06031412044718,0.8000104587852437
2.8164556962025316,2.5126582278481013,39.06212176036262,0.8000301361491231
2.8544303797468356,2.5126582278481013,39.060957223454366,0.8000109347616189
2.892405063291139,2.5126582278481013,39.06035293067799,0.8000109681001614
2.930379746835443,2.5126582278481013,39.0626170186312,0.8000506581908601
2.968354430379747,2.5126582278481013,39.06216129949399,0.8000104685473118
3.0063291139240507,2.5126582278481013,39.06309485471204,0.8000535125452517
3.0822784810126582,2.5126582278481013,39.06353807026678,0.8000535122571498
3.0443037974683547,2.5126582278481013,39.061377783758005,0.8000104710237125
3.1582278481012658,2.5126582278481013,39.062742888667046,0.8000507118817778
3.1202531645569622,2.5126582278481013,39.06234407925731,0.8000535129453478
3.1962025316455698,2.5126582278481013,39.06312034464588,0.8000505958815168
3.2341772151898733,2.5126582278481013,39.06300253157145,0.8000506795394288
3.2721518987341773,2.5126582278481013,39.063088867810706,0.8000507310006609
3.310126582278481,2.5126582278481013,39.062770716505085,0.8000505729519882
3.348101265822785,2.5126582278481013,39.062740730304306,0.8000535416592525
3.386075949367089,2.5126582278481013,39.062740730304306,0.8000535416592525
3.4240506329113924,2.5126582278481013,39.06335125027637,0.800053540860238
3.4620253164556964,2.5126582278481013,39.062318331583114,0.8000104683970519
3.5,2.5126582278481013,39.063490254975136,0.8000301380705489
0.5,2.5506329113924053,29.12743496799832,0.206601061842516
0.5379746835443038,2.5506329113924053,29.129757463470423,0.20689526498317315
0.5759493670886076,2.5506329113924053,29.122529951763063,0.2068182848943985
0.6139240506329113,2.5506329113924053,29.11694772318314,0.20691999647819734
0.6518987341772152,2.5506329113924053,29.10779128694319,0.20667301437557803
0.689873417721519,2.5506329113924053,29.105008128080257,0.20667193944686055
0.7278481012658228,2.5506329113924053,29.100396861536545,0.20668209061981782
0.7658227848101267,2.5506329113924053,29.099333324852513,0.20687839911962377
0.8037974683544304,2.5506329113924053,29.059797334264406,0.2069002341053055
0.8417721518987342,2.5506329113924053,28.94224309355787,0.20675330952512472
0.879746835443038,2.5506329113924053,28.822798306789743,0.20670407867069351
0.9177215189873418,2.5506329113924053,28.732396776747056,0.20671361840141658
0.9556962025316456,2.5506329113924053,28.660128512471292,0.20690789579561433
0.9936708860759493,2.5506329113924053,28.623467387905936,0.2068809504981513
1.0316455696202533,2.5506329113924053,28.61410623556882,0.2069457484300233
1.0696202531645569,2.5506329113924053,28.62386883576805,0.20751087676975988
1.1075949367088609,2.5506329113924053,28.63247710183675,0.20786366700817158
1.1455696202531644,2.5506329113924053,28.634951094160446,0.2079219875477127
1.1835443037974684,2.5506329113924053,28.63573070927254,0.2080001960495437
1.2215189873417722,2.5506329113924053,28.62659889262941,0.20796459286034638
1.259493670886076,2.5506329113924053,28.60026187173172,0.20795310976775452
1.2974683544303798,2.5506329113924053,28.576282518954812,0.20803306305290148
1.3354430379746836,2.5506329113924053,28.51503656316668,0.20802083243339797
1.3734177215189873,2.5506329113924053,28.464472363035053,0.20798240654635422
1.4113924050632911,2.5506329113924053,28.400618710808008,0.20801433450876902
1.449367088607595,2.5506329113924053,28.30146147360321,0.20797006092099787
1.4873417721518987,2.5506329113924053,28.223533107769732,0.20789159795166534
1.5253164556962027,2.5506329113924053,28.050419359309863,0.2079574338582429
1.5632911392405064,2.5506329113924053,27.82476494614464,0.21170778494406883
1.6012658227848102,2.5506329113924053,29.136612522422965,0.28263603476952975
1.639240506329114,2.5506329113924053,30.213920576714973,0.34136423311525205
1.6772151898734178,2.5506329113924053,31.57716300914076,0.41486163211883303
1.7531645569620253,2.5506329113924053,34.906065275924746,0.5886100882698047
1.7151898734177216,2.5506329113924053,33.299573373442826,0.5051043440981675
1.7911392405063291,2.5506329113924053,36.998049226531585,0.6941905045045292
1.8291139240506329,2.5506329113924053,38.1420885089523,0.7525055428868308
1.8670886075949367,2.5506329113924053,38.92625206381066,0.7914505744647333
1.9050632911392404,2.5506329113924053,39.06816097385012,0.8000534204483293
1.9430379746835444,2.5506329113924053,38.88265007947865,0.8000510197494926
1.9810126582278482,2.5506329113924053,38.83279948709242,0.800059069930105
2.018987341772152,2.5506329113924053,38.82102228021754,0.8000709721398077
2.056962025316456,2.5506329113924053,38.79317763140888,0.8000163980243236
2.0949367088607596,2.5506329113924053,38.76891711015209,0.8000179896441932
2.132911392405063,2.5506329113924053,38.763023620470946,0.8000114386913425
2.170886075949367,2.5506329113924053,38.72337700616115,0.8000233136740161
2.208860759493671,2.5506329113924053,38.74347170312569,0.8000229517093436
2.2468354430379747,2.5506329113924053,38.7990705401291,0.8002065076200047
2.3227848101265822,2.5506329113924053,38.90007394051095,0.7999955705932057
2.2848101265822782,2.5506329113924053,38.85911903852602,0.8002061220983014
2.3607594936708862,2.5506329113924053,38.91654080260657,0.799995672453831
2.4367088607594938,2.5506329113924053,38.961937077245615,0.8002067569691333
2.39873417721519,2.5506329113924053,38.93269811398301,0.8002065462216562
2.4746835443037973,2.5506329113924053,39.025738748212646,0.8000707210299487
2.5126582278481013,2.5506329113924053,39.04988278167586,0.8002065647450557
2.5506329113924053,2.5506329113924053,39.062079450315075,0.7999969401038123
2.588607594936709,2.5506329113924053,39.07559015584651,0.8000185300307597
2.626582278481013,2.5506329113924053,39.094722985464635,0.8000701465309862
2.6645569620253164,2.5506329113924053,39.0984860190153,0.7999976722185541
2.7025316455696204,2.5506329113924053,39.100859122970036,0.8000180456667627
2.740506329113924,2.5506329113924053,39.103495248683096,0.800018809605709
2.778481012658228,2.5506329113924053,39.105858642378415,0.8000181608208343
2.8544303797468356,2.5506329113924053,39.10611636691422,0.800018187657027
2.8164556962025316,2.5506329113924053,39.10651893295267,0.799997324214977
2.892405063291139,2.5506329113924053,39.10727489142045,0.8000184319752656
2.930379746835443,2.5506329113924053,39.108720596529054,0.8000701593981012
2.968354430379747,2.5506329113924053,39.10764761302704,0.8000183384375426
3.0063291139240507,2.5506329113924053,39.107979709880944,0.8000184531085672
3.0443037974683547,2.5506329113924053,39.10729994691319,0.7999977808746551
3.0822784810126582,2.5506329113924053,39.10756720497583,0.7999972421703269
3.1202531645569622,2.5506329113924053,39.10966686068907,0.8000701454664084
3.1582278481012658,2.5506329113924053,39.108869380411,0.8000701561511857
3.1962025316455698,2.5506329113924053,39.10916041586568,0.8000701636089228
3.2341772151898733,2.5506329113924053,39.10876264278502,0.800070169327486
3.2721518987341773,2.5506329113924053,39.107957995511306,0.8000184333482293
3.310126582278481,2.5506329113924053,39.10917566544109,0.8000184427585214
3.348101265822785,2.5506329113924053,39.10757115679831,0.8000184464316002
3.386075949367089,2.5506329113924053,39.10871565798944,0.8000184339796472
3.4240506329113924,2.5506329113924053,39.10871565798944,0.8000184339796472
3.4620253164556964,2.5506329113924053,39.10951979592791,0.800070188732991
3.5,2.5506329113924053,39.10725812377043,0.8000180792957716
0.5,2.588607594936709,29.25946046305244,0.20703152132695013
0.5379746835443038,2.588607594936709,29.257966892485786,0.2070242358930062
0.5759493670886076,2.588607594936709,29.250080514517773,0.20706544591223094
0.6139240506329113,2.588607594936709,29.240396183922833,0.20714009618425136
0.689873417721519,2.588607594936709,29.229571429618378,0.2070611979987114
0.6518987341772152,2.588607594936709,29.23061393508011,0.2069626438257787
0.7278481012658228,2.588607594936709,29.221984977552825,0.20706062460788813
0.7658227848101267,2.588607594936709,29.21662306488211,0.2071853711641222
0.8037974683544304,2.588607594936709,29.174705290154986,0.20708009137085567
0.8417721518987342,2.588607594936709,29.060385352123685,0.2069849991387404
0.879746835443038,2.588607594936709,28.945888704991436,0.20702575494972997
0.9177215189873418,2.588607594936709,28.857521912635832,0.20708505191444693
0.9556962025316456,2.588607594936709,28.78742516592397,0.2074457550599425
0.9936708860759493,2.588607594936709,28.77662240854727,0.20791652354592047
1.0696202531645569,2.588607594936709,28.78910868107345,0.208288263192434
1.0316455696202533,2.588607594936709,28.78442049522921,0.20827729534405262
1.1075949367088609,2.588607594936709,28.789103696421957,0.20828813292843013
1.1455696202531644,2.588607594936709,28.785743566178564,0.20820653166649894
1.1835443037974684,2.588607594936709,28.78821608688075,0.20830770180361252
1.2215189873417722,2.588607594936709,28.78424454805493,0.20838313225558125
1.259493670886076,2.588607594936709,28.766181215665704,0.20840400975551082
1.2974683544303798,2.588607594936709,28.73132073042927,0.2083594207125997
1.3354430379746836,2.588607594936709,28.65984862704182,0.20823410275691567
1.4113924050632911,2.588607594936709,28.534028901984904,0.2083571624223242
1.3734177215189873,2.588607594936709,28.61019464961515,0.20827974326547086
1.449367088607595,2.588607594936709,28.43292287662703,0.20836663226982136
1.4873417721518987,2.588607594936709,28.37814451750753,0.2083574586475257
1.5253164556962027,2.588607594936709,28.201540227051524,0.20829320281268748
1.5632911392405064,2.588607594936709,29.085760473908437,0.2686892307350678
1.6012658227848102,2.588607594936709,30.13344787624706,0.32627702130343333
1.639240506329114,2.588607594936709,31.251417469034244,0.3866862969069554
1.6772151898734178,2.588607594936709,32.75997816051659,0.4669340500675418
1.7151898734177216,2.588607594936709,34.33386182302734,0.5497436827747675
1.7531645569620253,2.588607594936709,35.97334554972463,0.6349946394651436
1.7911392405063291,2.588607594936709,37.858896856694365,0.7294678404191896
1.8291139240506329,2.588607594936709,39.15681404991861,0.7948944905414659
1.8670886075949367,2.588607594936709,39.21568586094983,0.8000546441552817
1.9050632911392404,2.588607594936709,39.16335563467647,0.8000098871203305
1.9430379746835444,2.588607594936709,38.94835236842257,0.8000514177580289
1.9810126582278482,2.588607594936709,38.9098016562632,0.7999975446452495
2.018987341772152,2.588607594936709,38.89301327146696,0.8000073808390417
2.056962025316456,2.588607594936709,38.84515057082209,0.8000150524561612
2.0949367088607596,2.588607594936709,38.82869062768452,0.8000104239210843
2.132911392405063,2.588607594936709,38.810003466140564,0.7999969446905352
2.170886075949367,2.588607594936709,38.813585726002195,0.79999954618554
2.208860759493671,2.588607594936709,38.82623987306266,0.8000300763925903
2.2468354430379747,2.588607594936709,38.90677742791373,0.8002068605766519
2.2848101265822782,2.588607594936709,38.93905002033579,0.8000301663336576
2.39873417721519,2.588607594936709,38.98768093183332,0.8000131052296772
2.3227848101265822,2.588607594936709,38.95719298317638,0.8000959996299793
2.3607594936708862,2.588607594936709,38.97299888148309,0.8000040678922586
2.4367088607594938,2.588607594936709,39.08748652063646,0.8000958495906518
2.4746835443037973,2.588607594936709,39.099504184332446,0.8000058820780102
2.5126582278481013,2.588607594936709,39.11559274364778,0.8000041921789446
2.5506329113924053,2.588607594936709,39.12328648019562,0.8000012196745644
2.588607594936709,2.588607594936709,39.13366382041072,0.8000013422631688
2.626582278481013,2.588607594936709,39.14266327910033,0.8000031687823265
2.6645569620253164,2.588607594936709,39.14711566616979,0.8000031961894908
2.7025316455696204,2.588607594936709,39.14869840144033,0.800000721419004
2.740506329113924,2.588607594936709,39.15319132532667,0.8000958092310455
2.778481012658228,2.588607594936709,39.15176665134913,0.7999963418340806
2.8544303797468356,2.588607594936709,39.15288311700617,0.8000006335147758
2.8164556962025316,2.588607594936709,39.15350394746239,0.8000032147288966
2.892405063291139,2.588607594936709,39.15212455569762,0.7999963461810504
2.930379746835443,2.588607594936709,39.153077711328955,0.8000006604827983
2.968354430379747,2.588607594936709,39.1528404738075,0.7999963453422828
3.0063291139240507,2.588607594936709,39.15352144040439,0.8000182742457828
3.0822784810126582,2.588607594936709,39.15618897210368,0.8000959363217564
3.0443037974683547,2.588607594936709,39.15296148412274,0.8000006683762944
3.1202531645569622,2.588607594936709,39.15330417665066,0.80000067855063
3.1582278481012658,2.588607594936709,39.15330417665066,0.80000067855063
3.1962025316455698,2.588607594936709,39.153867474205434,0.8000006874269849
3.2341772151898733,2.588607594936709,39.15359855045013,0.8000032022132841
3.2721518987341773,2.588607594936709,39.153215689858484,0.8000006235202654
3.310126582278481,2.588607594936709,39.15584223506688,0.8000958219716676
3.348101265822785,2.588607594936709,39.15287835044481,0.8000006713844571
3.386075949367089,2.588607594936709,39.15287835044481,0.8000006713844571
3.4240506329113924,2.588607594936709,39.15287835044481,0.8000006713844571
3.4620253164556964,2.588607594936709,39.152899233831995,0.800003200932819
3.5,2.588607594936709,39.152899233831995,0.800003200932819
0.5,2.626582278481013,29.38309045366836,0.2081414063779669
0.5379746835443038,2.626582278481013,29.380830421959853,0.20814408675315424
0.5759493670886076,2.626582278481013,29.37670302348243,0.20811495630043794
0.6139240506329113,2.626582278481013,29.366758545834617,0.20814263218175885
0.6518987341772152,2.626582278481013,29.363890868020395,0.20811554584320652
0.689873417721519,2.626582278481013,29.358216213987998,0.20812066534015297
0.7278481012658228,2.626582278481013,29.354117520117047,0.20812867228514445
0.7658227848101267,2.626582278481013,29.350546933152575,0.2081299054445426
0.8037974683544304,2.626582278481013,29.31463239389705,0.20816995375949413
0.8417721518987342,2.626582278481013,29.21202717818671,0.2083953117230985
0.879746835443038,2.626582278481013,29.096328207723907,0.20845873221928268
0.9177215189873418,2.626582278481013,29.036711941207866,0.2092452636732359
0.9556962025316456,2.626582278481013,28.977629824968318,0.2093320271797905
0.9936708860759493,2.626582278481013,28.974431809317164,0.20936882466579365
1.0316455696202533,2.626582278481013,28.973589330833413,0.20946463222991668
1.0696202531645569,2.626582278481013,28.98140942340597,0.2094662939140515
1.1075949367088609,2.626582278481013,28.990730227353787,0.20936505624275134
1.1455696202531644,2.626582278481013,28.99833458412554,0.2093730602632483
1.1835443037974684,2.626582278481013,29.005648041469048,0.20936548021343718
1.2215189873417722,2.626582278481013,29.00638812349098,0.20940849226092015
1.259493670886076,2.626582278481013,28.97446801926891,0.20940928612041326
1.2974683544303798,2.626582278481013,28.94908690908048,0.20938712397586295
1.3354430379746836,2.626582278481013,28.88218304665175,0.20945644284705386
1.3734177215189873,2.626582278481013,28.82423017284046,0.20942642211554469
1.4113924050632911,2.626582278481013,28.74556730869169,0.2095648338128679
1.449367088607595,2.626582278481013,28.65097875827863,0.20949985335646856
1.4873417721518987,2.626582278481013,28.58234837302709,0.209431254928281
1.5253164556962027,2.626582278481013,28.50631496120634,0.21534396448074072
1.5632911392405064,2.626582278481013,30.392309113812463,0.32501284034116434
1.6012658227848102,2.626582278481013,31.315647897605043,0.37621234833195266
1.639240506329114,2.626582278481013,32.5553444719231,0.4422679242087804
1.6772151898734178,2.626582278481013,33.99536626186429,0.5196128088756548
1.7151898734177216,2.626582278481013,35.57794141991813,0.6022640647014949
1.7531645569620253,2.626582278481013,37.76357191636842,0.7123138529155643
1.7911392405063291,2.626582278481013,38.98638840479658,0.7751240984197028
1.8670886075949367,2.626582278481013,39.34471397653896,0.8000200411425067
1.8291139240506329,2.626582278481013,39.41184035089268,0.8000461700311604
1.9050632911392404,2.626582278481013,39.27390862961621,0.8000675528852008
1.9430379746835444,2.626582278481013,39.068757179961125,0.8000548827578261
1.9810126582278482,2.626582278481013,39.01323404100087,0.800021158901985
2.018987341772152,2.626582278481013,38.98555617452331,0.8000570095985442
2.056962025316456,2.626582278481013,38.94254726946056,0.8000428985007314
2.0949367088607596,2.626582278481013,38.90063182549889,0.8000549181080787
2.132911392405063,2.626582278481013,38.872901166947784,0.8000549364944415
2.208860759493671,2.626582278481013,38.95736393715362,0.8000562667130625
2.170886075949367,2.626582278481013,38.91663289950544,0.8000387338862014
2.2468354430379747,2.626582278481013,38.986800164858934,0.8000339000052927
2.3227848101265822,2.626582278481013,39.026049380555506,0.8000255771136501
2.2848101265822782,2.626582278481013,38.99953785899785,0.8000563309581087
2.3607594936708862,2.626582278481013,39.045146841357806,0.8000347341871883
2.4367088607594938,2.626582278481013,39.12341190799784,0.8000366235059376
2.39873417721519,2.626582278481013,39.056208587758256,0.8000560882573102
2.4746835443037973,2.626582278481013,39.1279785834895,0.8000333070981539
2.5126582278481013,2.626582278481013,39.138048848002846,0.800035753682876
2.588607594936709,2.626582278481013,39.15720702347597,0.8000357997898584
2.5506329113924053,2.626582278481013,39.14819366594094,0.8000358355446022
2.626582278481013,2.626582278481013,39.16414644021511,0.8000589621684245
2.6645569620253164,2.626582278481013,39.16559071478534,0.8000344392596346
2.7025316455696204,2.626582278481013,39.16722907241401,0.8000257567718847
2.740506329113924,2.626582278481013,39.17063660490856,0.8000589495932022
2.778481012658228,2.626582278481013,39.17143084060109,0.8000364157834846
2.8164556962025316,2.626582278481013,39.17319204773664,0.8000589538428428
2.8544303797468356,2.626582278481013,39.17315156883814,0.8000589604516215
2.892405063291139,2.626582278481013,39.1730141852373,0.8000364385902821
2.930379746835443,2.626582278481013,39.17280500909688,0.8000365616695267
2.968354430379747,2.626582278481013,39.172657258301896,0.8000358493120616
3.0063291139240507,2.626582278481013,39.171777075281426,0.8000589555279525
3.0822784810126582,2.626582278481013,39.17118042392714,0.8000259337638479
3.0443037974683547,2.626582278481013,39.17104958542621,0.8000358564213127
3.1202531645569622,2.626582278481013,39.17064194402839,0.800036402419225
3.1582278481012658,2.626582278481013,39.17019760452358,0.8000363973633615
3.1962025316455698,2.626582278481013,39.17103135538516,0.8000259288568707
3.2341772151898733,2.626582278481013,39.17076809380856,0.8000368937941819
3.2721518987341773,2.626582278481013,39.17076809380856,0.8000368937941819
3.310126582278481,2.626582278481013,39.17247872516773,0.8000589640229739
3.348101265822785,2.626582278481013,39.17091338639682,0.8000258205269001
3.386075949367089,2.626582278481013,39.17041561026375,0.8000258185469072
3.4240506329113924,2.626582278481013,39.17120537726339,0.8000259154293833
3.4620253164556964,2.626582278481013,39.17120537726339,0.8000259154293833
3.5,2.626582278481013,39.17008440195989,0.8000258232808755
0.5,2.6645569620253164,29.585644224440486,0.2086908206889197
0.5379746835443038,2.6645569620253164,29.585192935969403,0.2086448202385535
0.5759493670886076,2.6645569620253164,29.58310930367602,0.2087170084144739
0.6139240506329113,2.6645569620253164,29.571935486499758,0.2085519989168671
0.6518987341772152,2.6645569620253164,29.57216664432375,0.20858533915328184
0.689873417721519,2.6645569620253164,29.573324883636065,0.2085758303993628
0.7278481012658228,2.6645569620253164,29.573834969752976,0.2087272305162305
0.7658227848101267,2.6645569620253164,29.58000166028364,0.208940437200853
0.8037974683544304,2.6645569620253164,29.554832669360987,0.20936832119972384
0.8417721518987342,2.6645569620253164,29.460910893675763,0.20981143748209846
0.879746835443038,2.6645569620253164,29.337022369950315,0.20976835650008113
0.9177215189873418,2.6645569620253164,29.255777716631815,0.21002866313658639
0.9556962025316456,2.6645569620253164,29.19131229477888,0.20990661150217216
0.9936708860759493,2.6645569620253164,29.174668232403633,0.2099374618177074
1.1075949367088609,2.6645569620253164,29.173550373288148,0.2099394719060567
1.0316455696202533,2.6645569620253164,29.173580527720294,0.21005416004039365
1.0696202531645569,2.6645569620253164,29.174673002975076,0.2099518707715828
1.1455696202531644,2.6645569620253164,29.17797065978205,0.2099057975386041
1.1835443037974684,2.6645569620253164,29.17873384539581,0.21000553243174608
1.2215189873417722,2.6645569620253164,29.172025262699357,0.21000670347086703
1.259493670886076,2.6645569620253164,29.141999588563,0.2098967853091099
1.2974683544303798,2.6645569620253164,29.10817436268769,0.2099627839423214
1.3734177215189873,2.6645569620253164,28.965308288100946,0.21002090802441323
1.3354430379746836,2.6645569620253164,29.033750622643343,0.21000888377415491
1.4113924050632911,2.6645569620253164,28.89086627291387,0.21008641967794534
1.449367088607595,2.6645569620253164,28.788416075013902,0.21007162184694328
1.4873417721518987,2.6645569620253164,28.745194185971172,0.21005460944189036
1.5253164556962027,2.6645569620253164,29.5878338288817,0.26275578963221424
1.5632911392405064,2.6645569620253164,31.239403077350723,0.3611279309473468
1.6012658227848102,2.6645569620253164,32.334290976177314,0.4204417802811451
1.639240506329114,2.6645569620253164,33.63443802038124,0.4887686549936821
1.6772151898734178,2.6645569620253164,35.197344274228456,0.5710523231674108
1.7151898734177216,2.6645569620253164,37.08472224404107,0.6666805006813825
1.7531645569620253,2.6645569620253164,38.81067422569086,0.7553864333492438
1.7911392405063291,2.6645569620253164,39.64674389062789,0.8000707557549965
1.8291139240506329,2.6645569620253164,39.51443969062844,0.8000575489344505
1.8670886075949367,2.6645569620253164,39.45074836955172,0.8000554080158645
1.9050632911392404,2.6645569620253164,39.35330691497897,0.8000412967452734
1.9430379746835444,2.6645569620253164,39.14036475930305,0.8000187268078764
1.9810126582278482,2.6645569620253164,39.09893866715827,0.8000606617908143
2.018987341772152,2.6645569620253164,39.05403072147943,0.8000170240207314
2.056962025316456,2.6645569620253164,38.99589683928391,0.8000289855889803
2.0949367088607596,2.6645569620253164,38.95706047440488,0.8000333887142265
2.132911392405063,2.6645569620253164,38.96223879098456,0.8000588318486014
2.170886075949367,2.6645569620253164,38.999878095836216,0.8000426735071504
2.208860759493671,2.6645569620253164,39.02433119676621,0.8000259497490649
2.2468354430379747,2.6645569620253164,39.047818441725674,0.8000266755935066
2.2848101265822782,2.6645569620253164,39.0649063896605,0.8000405349288159
2.3227848101265822,2.6645569620253164,39.077839505360515,0.8000402863742953
2.3607594936708862,2.6645569620253164,39.09066570889266,0.8000402979675212
2.39873417721519,2.6645569620253164,39.137756003223394,0.8000406185687245
2.4367088607594938,2.6645569620253164,39.14291943696795,0.800039391410744
2.4746835443037973,2.6645569620253164,39.155614689283965,0.800039168577557
2.5126582278481013,2.6645569620253164,39.163700731390165,0.8000334625597569
2.5506329113924053,2.6645569620253164,39.17011387568181,0.8000628100012437
2.626582278481013,2.6645569620253164,39.18361036424764,0.8000394693355327
2.588607594936709,2.6645569620253164,39.17951005312868,0.8000444903031917
2.6645569620253164,2.6645569620253164,39.186355843288354,0.8000415226219834
2.7025316455696204,2.6645569620253164,39.190759801263184,0.8000461536113936
2.740506329113924,2.6645569620253164,39.188538262432054,0.8000415101558492
2.778481012658228,2.6645569620253164,39.19161021708603,0.8000404970509404
2.8164556962025316,2.6645569620253164,39.192359680390005,0.8000415325285304
2.8544303797468356,2.6645569620253164,39.19216849669562,0.8000415408224205
2.892405063291139,2.6645569620253164,39.19280741763793,0.8000336374764973
2.930379746835443,2.6645569620253164,39.193014762964815,0.8000415346768799
2.968354430379747,2.6645569620253164,39.19366245759033,0.8000396038169122
3.0063291139240507,2.6645569620253164,39.19433136047024,0.8000463862433891
3.0443037974683547,2.6645569620253164,39.19282611509632,0.8000338605184656
3.0822784810126582,2.6645569620253164,39.193039142332914,0.8000405430947795
3.1202531645569622,2.6645569620253164,39.19442067591457,0.800040555150828
3.1582278481012658,2.6645569620253164,39.194407235431726,0.8000338095548117
3.1962025316455698,2.6645569620253164,39.194407235431726,0.8000338095548117
3.2341772151898733,2.6645569620253164,39.19472581214704,0.8000405427324224
3.2721518987341773,2.6645569620253164,39.19374629831955,0.8000405388786349
3.310126582278481,2.6645569620253164,39.193007137000855,0.8000405439588066
3.348101265822785,2.6645569620253164,39.192924228153096,0.8000405152627501
3.386075949367089,2.6645569620253164,39.1939009519177,0.8000394852315853
3.4240506329113924,2.6645569620253164,39.1948344211317,0.800046157713301
3.4620253164556964,2.6645569620253164,39.1948344211317,0.800046157713301
3.5,2.6645569620253164,39.193924679061304,0.8000405447169521
0.5,2.7025316455696204,29.715671706717554,0.20875561730363087
0.5379746835443038,2.7025316455696204,29.716387126482918,0.20871494059700232
0.5759493670886076,2.7025316455696204,29.71483804282636,0.2087855770038239
0.6139240506329113,2.7025316455696204,29.704609312724333,0.20889617716938144
0.6518987341772152,2.7025316455696204,29.702595056944702,0.2089845774746497
0.689873417721519,2.7025316455696204,29.703378420979572,0.20904201727565985
0.7278481012658228,2.7025316455696204,29.71800535752607,0.2097368317724999
0.7658227848101267,2.7025316455696204,29.725567770982366,0.21002794591917365
0.8037974683544304,2.7025316455696204,29.692336347233457,0.2099061491259771
0.8417721518987342,2.7025316455696204,29.57772545110045,0.2100501690729962
0.879746835443038,2.7025316455696204,29.449190393329197,0.2100942770415481
0.9177215189873418,2.7025316455696204,29.36759411317155,0.21024521971232718
0.9556962025316456,2.7025316455696204,29.302458057433828,0.21008653781088113
0.9936708860759493,2.7025316455696204,29.285602543032986,0.21009519362267987
1.0316455696202533,2.7025316455696204,29.284331042380494,0.2100915744463344
1.1075949367088609,2.7025316455696204,29.293347156355544,0.21003842114584684
1.1835443037974684,2.7025316455696204,29.305388969869245,0.21023536570607806
1.0696202531645569,2.7025316455696204,29.29236514355462,0.21022847087272437
1.1455696202531644,2.7025316455696204,29.297232324523467,0.21011715604798797
1.2215189873417722,2.7025316455696204,29.297080090165178,0.21021764141569174
1.2974683544303798,2.7025316455696204,29.220679545407663,0.2100580804759509
1.259493670886076,2.7025316455696204,29.259030990511498,0.21005328660406453
1.3354430379746836,2.7025316455696204,29.13205490275768,0.21013208774663508
1.3734177215189873,2.7025316455696204,29.07140415822098,0.2102110249028125
1.449367088607595,2.7025316455696204,28.907775962620914,0.2101396144480729
1.4113924050632911,2.7025316455696204,28.98807830809014,0.21023477191911227
1.4873417721518987,2.7025316455696204,29.07667915301508,0.22212626158929755
1.5253164556962027,2.7025316455696204,30.39510124756212,0.2981845304412181
1.5632911392405064,2.7025316455696204,32.160371110205375,0.40150744693588347
1.6012658227848102,2.7025316455696204,33.427513137632936,0.4677358535998285
1.639240506329114,2.7025316455696204,34.888563019326476,0.5432358579617699
1.6772151898734178,2.7025316455696204,36.71803154745327,0.6370300966825572
1.7151898734177216,2.7025316455696204,38.21250635674837,0.7148201295120621
1.7911392405063291,2.7025316455696204,39.739244977666175,0.8000234206571555
1.7531645569620253,2.7025316455696204,39.56195076630169,0.7852379463400885
1.8291139240506329,2.7025316455696204,39.59754316670039,0.8000323128370457
1.8670886075949367,2.7025316455696204,39.52436161551953,0.8000739166951794
1.9050632911392404,2.7025316455696204,39.42839253238139,0.8000297807746825
1.9430379746835444,2.7025316455696204,39.21906395581346,0.800021184556873
1.9810126582278482,2.7025316455696204,39.15395617148879,0.8000520783608943
2.018987341772152,2.7025316455696204,39.100283940195425,0.8000622689460372
2.056962025316456,2.7025316455696204,39.04515462396769,0.8000272382604741
2.0949367088607596,2.7025316455696204,39.02812572482383,0.8000461385445632
2.132911392405063,2.7025316455696204,39.03471781718665,0.8000529176557083
2.170886075949367,2.7025316455696204,39.0569699698956,0.8000452657704081
2.208860759493671,2.7025316455696204,39.10543624588138,0.800040373423773
2.2468354430379747,2.7025316455696204,39.11003876086849,0.8000383105496058
2.3227848101265822,2.7025316455696204,39.13067396120071,0.8000534059679494
2.2848101265822782,2.7025316455696204,39.11264943573301,0.800036162847182
2.3607594936708862,2.7025316455696204,39.152681878751075,0.8000393637121571
2.39873417721519,2.7025316455696204,39.194329849129815,0.8000669664932837
2.4367088607594938,2.7025316455696204,39.19889166281417,0.800038358595076
2.4746835443037973,2.7025316455696204,39.20561219604799,0.800037564226496
2.5126582278481013,2.7025316455696204,39.20808082237347,0.8000675789212601
2.5506329113924053,2.7025316455696204,39.214437113343116,0.8000540978565761
2.588607594936709,2.7025316455696204,39.223577201125835,0.8000670104560017
2.626582278481013,2.7025316455696204,39.225705712788624,0.8000576600574175
2.6645569620253164,2.7025316455696204,39.228231928972484,0.8000393929215032
2.7025316455696204,2.7025316455696204,39.230145871769786,0.8000670330942541
2.740506329113924,2.7025316455696204,39.231332361755534,0.8000668647537448
2.778481012658228,2.7025316455696204,39.23222353282666,0.8000389646212261
2.8164556962025316,2.7025316455696204,39.232360442447856,0.8000670248294995
2.8544303797468356,2.7025316455696204,39.23371811679836,0.8000670244395055
2.892405063291139,2.7025316455696204,39.232856666305835,0.8000388862623312
2.930379746835443,2.7025316455696204,39.23367079108683,0.8000674058795001
2.968354430379747,2.7025316455696204,39.23290500864227,0.8000389197837458
3.0063291139240507,2.7025316455696204,39.233039547455526,0.800067122197994
3.0443037974683547,2.7025316455696204,39.234356711120924,0.8000461459267203
3.0822784810126582,2.7025316455696204,39.23452795056202,0.8000667904259
3.1202531645569622,2.7025316455696204,39.2350190104984,0.8000671239158785
3.1582278481012658,2.7025316455696204,39.2350190104984,0.8000671239158785
3.1962025316455698,2.7025316455696204,39.23507120608034,0.800046160497424
3.2341772151898733,2.7025316455696204,39.2344128680001,0.8000461617183451
3.2721518987341773,2.7025316455696204,39.2344128680001,0.8000461617183451
3.310126582278481,2.7025316455696204,39.2344128680001,0.8000461617183451
3.348101265822785,2.7025316455696204,39.2344128680001,0.8000461617183451
3.386075949367089,2.7025316455696204,39.2344128680001,0.8000461617183451
3.4240506329113924,2.7025316455696204,39.2344128680001,0.8000461617183451
3.4620253164556964,2.7025316455696204,39.2344128680001,0.8000461617183451
0.5,2.740506329113924,29.826311584786723,0.20911076436898182
3.5,2.7025316455696204,39.2344128680001,0.8000461617183451
0.5379746835443038,2.740506329113924,29.82589391135263,0.2090726123933246
0.5759493670886076,2.740506329113924,29.817314619737537,0.20904451020373535
0.6139240506329113,2.740506329113924,29.823685031160093,0.2096029191681388
0.689873417721519,2.740506329113924,29.83013518142384,0.21009994034795076
0.6518987341772152,2.740506329113924,29.83060777093199,0.21002746834105557
0.7278481012658228,2.740506329113924,29.834288088897473,0.21024955559889028
0.7658227848101267,2.740506329113924,29.83110541698154,0.21031481365848217
0.8417721518987342,2.740506329113924,29.67465182415362,0.210380012198207
0.8037974683544304,2.740506329113924,29.79339155643087,0.21031452648435195
0.879746835443038,2.740506329113924,29.541541051414995,0.21017571775335941
0.9177215189873418,2.740506329113924,29.447448462036586,0.2102323002198594
0.9556962025316456,2.740506329113924,29.393257114740006,0.2101734263336147
0.9936708860759493,2.740506329113924,29.380659153037236,0.2101798901307754
1.0316455696202533,2.740506329113924,29.384225903641205,0.21022365845633217
1.1075949367088609,2.740506329113924,29.398780075301186,0.21022836882044196
1.0696202531645569,2.740506329113924,29.388513303911665,0.2101599408143253
1.1455696202531644,2.740506329113924,29.403638000113272,0.21024311963694559
1.1835443037974684,2.740506329113924,29.407509321980083,0.21020321324026797
1.2215189873417722,2.740506329113924,29.404255080252064,0.21034582312470862
1.259493670886076,2.740506329113924,29.36297057271704,0.21028040830427536
1.3354430379746836,2.740506329113924,29.228611741006155,0.2102709448847812
1.2974683544303798,2.740506329113924,29.316065794637677,0.21018494409249022
1.3734177215189873,2.740506329113924,29.16901623110713,0.21024794225267732
1.4113924050632911,2.740506329113924,29.074648933758144,0.21021898803755584
1.449367088607595,2.740506329113924,29.037874528348453,0.21304786353369476
1.4873417721518987,2.740506329113924,29.845319696852243,0.2567895878056767
1.5632911392405064,2.740506329113924,33.24852619188088,0.4488881296626741
1.5253164556962027,2.740506329113924,31.31424627085887,0.33925539791459736
1.6012658227848102,2.740506329113924,34.489055670418125,0.5140351632059819
1.639240506329114,2.740506329113924,36.08713313918491,0.5964259376216149
1.6772151898734178,2.740506329113924,37.51000838762439,0.6708451105016796
1.7151898734177216,2.740506329113924,38.96342388431196,0.7467848172312233
1.7531645569620253,2.740506329113924,39.955141721677805,0.8002643688722014
1.7911392405063291,2.740506329113924,39.79472658265559,0.8000115590296861
1.8291139240506329,2.740506329113924,39.65259601613285,0.8000653049763152
1.8670886075949367,2.740506329113924,39.57703114994651,0.8000656790012972
1.9050632911392404,2.740506329113924,39.494749930184106,0.8000464761972891
1.9430379746835444,2.740506329113924,39.25978071489551,0.8000358490858756
1.9810126582278482,2.740506329113924,39.184184898243444,0.8000135936278432
2.018987341772152,2.740506329113924,39.13044210312023,0.8000604248895938
2.056962025316456,2.740506329113924,39.09848889983243,0.8000191122760248
2.0949367088607596,2.740506329113924,39.06318037705699,0.800068838894046
2.132911392405063,2.740506329113924,39.090062814651894,0.8000402481921552
2.170886075949367,2.740506329113924,39.148968062315284,0.8000260929685578
2.208860759493671,2.740506329113924,39.15088389869133,0.8000373114276065
2.2468354430379747,2.740506329113924,39.13963468512536,0.8000343341729257
2.2848101265822782,2.740506329113924,39.1534648259228,0.8000192481859157
2.3227848101265822,2.740506329113924,39.1884364276758,0.8000573052167487
2.3607594936708862,2.740506329113924,39.23151212335843,0.8000611365875456
2.39873417721519,2.740506329113924,39.23823432013011,0.8000274459985144
2.4367088607594938,2.740506329113924,39.23986279903229,0.8000591926596448
2.4746835443037973,2.740506329113924,39.24591186890114,0.8000533813734567
2.5126582278481013,2.740506329113924,39.24511003718777,0.8000609713324005
2.5506329113924053,2.740506329113924,39.25333317957227,0.800056160997213
2.588607594936709,2.740506329113924,39.25584325287614,0.8000555393042599
2.626582278481013,2.740506329113924,39.25548329620116,0.8000190639234812
2.6645569620253164,2.740506329113924,39.25981453285236,0.8000548274199988
2.7025316455696204,2.740506329113924,39.2610235863022,0.8000547805379262
2.740506329113924,2.740506329113924,39.262421622356094,0.800019676653871
2.778481012658228,2.740506329113924,39.26270967173423,0.8000344786224309
2.8164556962025316,2.740506329113924,39.26388800785483,0.800054755179717
2.8544303797468356,2.740506329113924,39.26354628954384,0.8000345930175542
2.892405063291139,2.740506329113924,39.26439121166528,0.8000547156562221
2.930379746835443,2.740506329113924,39.263808770565085,0.8000548022695994
2.968354430379747,2.740506329113924,39.263808770565085,0.8000548022695994
3.0443037974683547,2.740506329113924,39.263732995584746,0.8000345903478251
3.0063291139240507,2.740506329113924,39.263732995584746,0.8000345903478251
3.1202531645569622,2.740506329113924,39.263732995584746,0.8000345903478251
3.0822784810126582,2.740506329113924,39.263732995584746,0.8000345903478251
3.1582278481012658,2.740506329113924,39.265776223578555,0.8000548559173083
3.1962025316455698,2.740506329113924,39.26639613661572,0.8000345741214576
3.2341772151898733,2.740506329113924,39.26639613661572,0.8000345741214576
3.2721518987341773,2.740506329113924,39.26639613661572,0.8000345741214576
3.310126582278481,2.740506329113924,39.26639613661572,0.8000345741214576
3.348101265822785,2.740506329113924,39.26639613661572,0.8000345741214576
3.386075949367089,2.740506329113924,39.26639613661572,0.8000345741214576
3.4620253164556964,2.740506329113924,39.26639613661572,0.8000345741214576
3.4240506329113924,2.740506329113924,39.26639613661572,0.8000345741214576
3.5,2.740506329113924,39.26639613661572,0.8000345741214576
0.5,2.778481012658228,29.968648167525526,0.2097473341197401
0.5379746835443038,2.778481012658228,29.97118480170622,0.20998221073169965
0.5759493670886076,2.778481012658228,29.97343117920691,0.2102723451002215
0.6139240506329113,2.778481012658228,29.96276168935638,0.21041774544436684
0.6518987341772152,2.778481012658228,29.96097622019053,0.210408230542375
0.689873417721519,2.778481012658228,29.958593426207095,0.2104090050371872
0.7278481012658228,2.778481012658228,29.95268172408549,0.2102712741802781
0.7658227848101267,2.778481012658228,29.95044670479424,0.2104413269858797
0.8037974683544304,2.778481012658228,29.906223830491918,0.2104003079889821
0.8417721518987342,2.778481012658228,29.775430427711235,0.21030070312857227
0.879746835443038,2.778481012658228,29.644012015006307,0.21043848571917045
0.9177215189873418,2.778481012658228,29.548706710838523,0.21044396247912817
0.9556962025316456,2.778481012658228,29.505003605631423,0.21041186853625643
0.9936708860759493,2.778481012658228,29.49524440112352,0.210295752320572
1.0316455696202533,2.778481012658228,29.49658338701248,0.21032192338707867
1.0696202531645569,2.778481012658228,29.50529367230422,0.2103784986956992
1.1075949367088609,2.778481012658228,29.517760264023394,0.21054083148361946
1.1455696202531644,2.778481012658228,29.512407325534472,0.21033425431954594
1.1835443037974684,2.778481012658228,29.517462989037853,0.21047955466674115
1.2215189873417722,2.778481012658228,29.508565108939607,0.21045235480437688
1.259493670886076,2.778481012658228,29.459892243617478,0.21039630951807037
1.2974683544303798,2.778481012658228,29.40633141526802,0.21029756550710152
1.3354430379746836,2.778481012658228,29.329822216354152,0.2104406588469109
1.3734177215189873,2.778481012658228,29.236681720593726,0.21050422702226268
1.4113924050632911,2.778481012658228,29.232557923277376,0.2133326704729194
1.449367088607595,2.778481012658228,29.969062351256866,0.25403395286594127
1.4873417721518987,2.778481012658228,30.978795013279104,0.3067470682152307
1.5253164556962027,2.778481012658228,32.49387855852985,0.3897926304153775
1.5632911392405064,2.778481012658228,34.200062373313216,0.4888365648495397
1.6012658227848102,2.778481012658228,35.57380496323347,0.5605188863116799
1.6772151898734178,2.778481012658228,38.39217655483781,0.7075855781797721
1.639240506329114,2.778481012658228,37.072664755932855,0.6380667243647548
1.7151898734177216,2.778481012658228,39.67207321407431,0.7751307318454176
1.7531645569620253,2.778481012658228,40.04516345555238,0.8002692215150042
1.7911392405063291,2.778481012658228,39.882320587044745,0.800026684125781
1.8291139240506329,2.778481012658228,39.72681840652483,0.8000641912190092
1.8670886075949367,2.778481012658228,39.67031647617401,0.8000699057049601
1.9050632911392404,2.778481012658228,39.59012059618945,0.8000356316986449
1.9430379746835444,2.778481012658228,39.31459941830864,0.8000664478626565
1.9810126582278482,2.778481012658228,39.24883927976968,0.8000225826148785
2.018987341772152,2.778481012658228,39.21859452746734,0.8000679652965282
2.056962025316456,2.778481012658228,39.1630939804439,0.8000563838917562
2.0949367088607596,2.778481012658228,39.15686541854126,0.8000497301700077
2.132911392405063,2.778481012658228,39.200534862697566,0.8000676061823285
2.170886075949367,2.778481012658228,39.19886705026982,0.8000697889395506
2.2468354430379747,2.778481012658228,39.208771564538445,0.8000596050027352
2.208860759493671,2.778481012658228,39.198886781506744,0.8000598877740216
2.2848101265822782,2.778481012658228,39.24206519281005,0.8000549252054933
2.3227848101265822,2.778481012658228,39.275096670041655,0.8000682825569554
2.3607594936708862,2.778481012658228,39.27437589466619,0.8000364149031158
2.4746835443037973,2.778481012658228,39.284521892590334,0.8000678802924203
2.4367088607594938,2.778481012658228,39.2844821409465,0.8000714057344329
2.39873417721519,2.778481012658228,39.27885783797157,0.8000711007410045
2.5126582278481013,2.778481012658228,39.28346507459313,0.8000704558652542
2.5506329113924053,2.778481012658228,39.284626155199774,0.8000676502833147
2.588607594936709,2.778481012658228,39.28365267047312,0.8000672882710522
2.626582278481013,2.778481012658228,39.28382324641616,0.8000710564411323
2.6645569620253164,2.778481012658228,39.28596054282672,0.8000708710313509
2.7025316455696204,2.778481012658228,39.28720148225959,0.8000678721547511
2.740506329113924,2.778481012658228,39.28938570899258,0.8000550513611859
2.778481012658228,2.778481012658228,39.2898266952696,0.800054969000543
2.8164556962025316,2.778481012658228,39.29340616200587,0.8000671100753631
2.8544303797468356,2.778481012658228,39.291826589737745,0.8000717508922303
2.892405063291139,2.778481012658228,39.291826589737745,0.8000717508922303
2.930379746835443,2.778481012658228,39.291826589737745,0.8000717508922303
2.968354430379747,2.778481012658228,39.2928845435234,0.8000683308292389
3.0063291139240507,2.778481012658228,39.29236827893656,0.8000672955148165
3.0443037974683547,2.778481012658228,39.29236827893656,0.8000672955148165
3.0822784810126582,2.778481012658228,39.29236827893656,0.8000672955148165
3.1202531645569622,2.778481012658228,39.29236827893656,0.8000672955148165
3.1582278481012658,2.778481012658228,39.29236827893656,0.8000672955148165
3.1962025316455698,2.778481012658228,39.29147081036716,0.8000195421875967
3.2341772151898733,2.778481012658228,39.29147081036716,0.8000195421875967
3.2721518987341773,2.778481012658228,39.29147081036716,0.8000195421875967
3.310126582278481,2.778481012658228,39.29147081036716,0.8000195421875967
3.348101265822785,2.778481012658228,39.29147081036716,0.8000195421875967
3.4240506329113924,2.778481012658228,39.29147081036716,0.8000195421875967
3.386075949367089,2.778481012658228,39.29147081036716,0.8000195421875967
3.4620253164556964,2.778481012658228,39.29147081036716,0.8000195421875967
3.5,2.778481012658228,39.29147081036716,0.8000195421875967
0.5,2.8164556962025316,30.08752101078989,0.2101772928894751
0.5379746835443038,2.8164556962025316,30.09359860734925,0.21047339182169014
0.5759493670886076,2.8164556962025316,30.08407684052543,0.21032399745214742
0.6139240506329113,2.8164556962025316,30.075262730494625,0.21042340286123185
0.6518987341772152,2.8164556962025316,30.075542167990815,0.21041928591309753
0.689873417721519,2.8164556962025316,30.068919004511027,0.21048834462513305
0.7278481012658228,2.8164556962025316,30.064313633986604,0.21044968343361728
0.7658227848101267,2.8164556962025316,30.055024086244156,0.2103097599818014
0.8037974683544304,2.8164556962025316,30.01469880467304,0.21055961113098276
0.8417721518987342,2.8164556962025316,29.881422991301534,0.21048767100156587
0.879746835443038,2.8164556962025316,29.735389787963907,0.21035636306176161
0.9177215189873418,2.8164556962025316,29.638424450215087,0.21037285516601759
0.9556962025316456,2.8164556962025316,29.612147502650938,0.210496364300005
0.9936708860759493,2.8164556962025316,29.602962138654714,0.21039434095604226
1.0316455696202533,2.8164556962025316,29.605873168391426,0.21049177832476823
1.0696202531645569,2.8164556962025316,29.611348595981312,0.21049989867714966
1.1075949367088609,2.8164556962025316,29.613890362149466,0.21047812228988377
1.1455696202531644,2.8164556962025316,29.610440605762307,0.21054874257073783
1.1835443037974684,2.8164556962025316,29.606143411382554,0.210424443891295
1.2215189873417722,2.8164556962025316,29.585889092773073,0.21046725633074026
1.2974683544303798,2.8164556962025316,29.513035942588132,0.2103894713910482
1.259493670886076,2.8164556962025316,29.539133759832627,0.2104192917721207
1.3354430379746836,2.8164556962025316,29.43541243455118,0.21034141308743246
1.3734177215189873,2.8164556962025316,29.404335136492428,0.21252353253199566
1.4113924050632911,2.8164556962025316,30.059544907757036,0.24750667740165214
1.449367088607595,2.8164556962025316,31.079843577648777,0.3024823992276357
1.4873417721518987,2.8164556962025316,32.21895913068764,0.3615103756118133
1.5253164556962027,2.8164556962025316,33.36711239420693,0.42608298164063957
1.5632911392405064,2.8164556962025316,35.18612479834525,0.5308591567697589
1.639240506329114,2.8164556962025316,37.87591045336241,0.6716131597040598
1.6012658227848102,2.8164556962025316,36.69281872931974,0.6090598707301657
1.6772151898734178,2.8164556962025316,39.08951007002268,0.7361122949301484
1.7151898734177216,2.8164556962025316,40.2805930282838,0.7999778167346968
1.7531645569620253,2.8164556962025316,40.11280093314713,0.8002632801192207
1.7911392405063291,2.8164556962025316,39.93384477991883,0.8000419256617433
1.8291139240506329,2.8164556962025316,39.795165302081266,0.8000727894897058
1.8670886075949367,2.8164556962025316,39.730460535560155,0.7999988181350072
1.9050632911392404,2.8164556962025316,39.638067195609665,0.8000236534443098
1.9430379746835444,2.8164556962025316,39.34855445626739,0.8000439277825167
1.9810126582278482,2.8164556962025316,39.29571474570012,0.8000137942266498
2.018987341772152,2.8164556962025316,39.25211843666396,0.800081878475798
2.056962025316456,2.8164556962025316,39.213382371417474,0.8000533776246743
2.0949367088607596,2.8164556962025316,39.2098169513638,0.800062702612434
2.132911392405063,2.8164556962025316,39.245230948655085,0.8000635672713656
2.170886075949367,2.8164556962025316,39.253201251477286,0.8000602932571602
2.208860759493671,2.8164556962025316,39.252962888552304,0.8000663907414657
2.2468354430379747,2.8164556962025316,39.272363821183305,0.8000196384910019
2.2848101265822782,2.8164556962025316,39.29329983109237,0.8000704690321832
2.3227848101265822,2.8164556962025316,39.299411826238256,0.8000630354363814
2.3607594936708862,2.8164556962025316,39.293091069213446,0.8000682744057198
2.39873417721519,2.8164556962025316,39.29898011767913,0.8000717266872247
2.4367088607594938,2.8164556962025316,39.30039625959738,0.8000641670153043
2.4746835443037973,2.8164556962025316,39.301777681152075,0.8000599062772156
2.5126582278481013,2.8164556962025316,39.29652309844334,0.8000611962216073
2.5506329113924053,2.8164556962025316,39.297184381184415,0.8000614842873606
2.588607594936709,2.8164556962025316,39.29700814341287,0.8000720408398293
2.626582278481013,2.8164556962025316,39.2974888396516,0.8000671220469748
2.6645569620253164,2.8164556962025316,39.29976905430036,0.8000664644032107
2.7025316455696204,2.8164556962025316,39.29925281133565,0.8000579803866305
2.740506329113924,2.8164556962025316,39.30127034107885,0.8000580579186345
2.778481012658228,2.8164556962025316,39.30270347554997,0.8000671904832836
2.8164556962025316,2.8164556962025316,39.30405405810983,0.8000616101082315
2.8544303797468356,2.8164556962025316,39.30432108599296,0.8000672558616058
2.892405063291139,2.8164556962025316,39.30432108599296,0.8000672558616058
2.930379746835443,2.8164556962025316,39.30432108599296,0.8000672558616058
2.968354430379747,2.8164556962025316,39.30432108599296,0.8000672558616058
3.0063291139240507,2.8164556962025316,39.305596632549715,0.8000673673468026
3.0443037974683547,2.8164556962025316,39.305596632549715,0.8000673673468026
3.0822784810126582,2.8164556962025316,39.305596632549715,0.8000673673468026
3.1202531645569622,2.8164556962025316,39.305596632549715,0.8000673673468026
3.1582278481012658,2.8164556962025316,39.305596632549715,0.8000673673468026
3.1962025316455698,2.8164556962025316,39.305596632549715,0.8000673673468026
3.2341772151898733,2.8164556962025316,39.305596632549715,0.8000673673468026
3.2721518987341773,2.8164556962025316,39.305596632549715,0.8000673673468026
3.310126582278481,2.8164556962025316,39.305596632549715,0.8000673673468026
3.348101265822785,2.8164556962025316,39.305596632549715,0.8000673673468026
3.386075949367089,2.8164556962025316,39.305596632549715,0.8000673673468026
3.4240506329113924,2.8164556962025316,39.305596632549715,0.8000673673468026
3.4620253164556964,2.8164556962025316,39.305596632549715,0.8000673673468026
3.5,2.8164556962025316,39.305596632549715,0.8000673673468026
0.5,2.8544303797468356,30.154895123928068,0.21048538544013842
0.5379746835443038,2.8544303797468356,30.147993368006144,0.21044836458990995
0.5759493670886076,2.8544303797468356,30.14581907682372,0.2105388941208983
0.6139240506329113,2.8544303797468356,30.123783748748355,0.21031041265575148
0.6518987341772152,2.8544303797468356,30.114657284091876,0.21032129617080392
0.689873417721519,2.8544303797468356,30.102008774143645,0.21028879667842693
0.7278481012658228,2.8544303797468356,30.09632407860392,0.21028855327658222
0.7658227848101267,2.8544303797468356,30.08825230275177,0.21028939237787694
0.8037974683544304,2.8544303797468356,30.048274969653416,0.2103527787592207
0.8417721518987342,2.8544303797468356,29.91324722713375,0.2104238710520581
0.879746835443038,2.8544303797468356,29.765946753352537,0.2104216820041192
0.9177215189873418,2.8544303797468356,29.680716312309343,0.210481258299409
0.9556962025316456,2.8544303797468356,29.656734460785415,0.21043704543427372
0.9936708860759493,2.8544303797468356,29.651053028217984,0.2104414599335738
1.0316455696202533,2.8544303797468356,29.651988615464848,0.2105179534486372
1.0696202531645569,2.8544303797468356,29.64693836507231,0.2103212964103648
1.1075949367088609,2.8544303797468356,29.650422940371136,0.21042685499824293
1.1455696202531644,2.8544303797468356,29.649691890567674,0.21045978825773637
1.1835443037974684,2.8544303797468356,29.639211356860404,0.21041650907927414
1.2215189873417722,2.8544303797468356,29.622084427501573,0.2103259932915975
1.259493670886076,2.8544303797468356,29.61138728737778,0.21033627570730118
1.2974683544303798,2.8544303797468356,29.569466970111527,0.21043570093067587
1.3354430379746836,2.8544303797468356,29.517090153164542,0.21136323758086353
1.3734177215189873,2.8544303797468356,29.94274050493816,0.2374352150518719
1.4113924050632911,2.8544303797468356,30.803630871611517,0.28220060892086773
1.449367088607595,2.8544303797468356,31.810782944529226,0.33685777031351727
1.4873417721518987,2.8544303797468356,32.75266691993748,0.3862065974563714
1.5253164556962027,2.8544303797468356,33.99853066229036,0.45465731131886244
1.5632911392405064,2.8544303797468356,36.097110934723354,0.5721983580934387
1.6012658227848102,2.8544303797468356,37.291558853979915,0.6357867256432306
1.639240506329114,2.8544303797468356,38.40500905545525,0.6946198399537754
1.6772151898734178,2.8544303797468356,39.575821277647705,0.7567441105673393
1.7151898734177216,2.8544303797468356,40.3274140197192,0.8000544155375163
1.7531645569620253,2.8544303797468356,40.159686009968304,0.7999705598013402
1.7911392405063291,2.8544303797468356,39.973455292434,0.8000403342302475
1.8670886075949367,2.8544303797468356,39.80405989346412,0.8000229293980884
1.8291139240506329,2.8544303797468356,39.856944748919,0.8000663738650856
1.9050632911392404,2.8544303797468356,39.690148183134184,0.8000532284499913
1.9430379746835444,2.8544303797468356,39.40239949114867,0.8000697356608243
1.9810126582278482,2.8544303797468356,39.34037355836864,0.8000467231576096
2.018987341772152,2.8544303797468356,39.32079146405229,0.8000594119547624
2.056962025316456,2.8544303797468356,39.29634800367636,0.800067861419393
2.0949367088607596,2.8544303797468356,39.2803141969561,0.8000560799759948
2.132911392405063,2.8544303797468356,39.30488752975631,0.8000634825475561
2.170886075949367,2.8544303797468356,39.30187598158284,0.8000704592152514
2.208860759493671,2.8544303797468356,39.30704463968906,0.8000678239790451
2.3227848101265822,2.8544303797468356,39.31835158046507,0.800066204181042
2.2848101265822782,2.8544303797468356,39.33539952627092,0.8000651336461276
2.2468354430379747,2.8544303797468356,39.318290156346535,0.8000672979405739
2.3607594936708862,2.8544303797468356,39.310996523592905,0.8000716006974099
2.39873417721519,2.8544303797468356,39.314440680043006,0.8000666668237644
2.4367088607594938,2.8544303797468356,39.315529795925855,0.8000662215076036
2.4746835443037973,2.8544303797468356,39.31430945516731,0.8000671475274327
2.5126582278481013,2.8544303797468356,39.30941406859096,0.8000652226067708
2.5506329113924053,2.8544303797468356,39.30961802464057,0.8000658574786492
2.588607594936709,2.8544303797468356,39.30905566064132,0.8000652777430065
2.626582278481013,2.8544303797468356,39.30918620745371,0.8000657575492556
2.6645569620253164,2.8544303797468356,39.312079821135896,0.8000654118930017
2.7025316455696204,2.8544303797468356,39.31184117369253,0.8000671362628897
2.740506329113924,2.8544303797468356,39.31126508037454,0.8000668159166653
2.778481012658228,2.8544303797468356,39.31366743369968,0.8000668143672452
2.8164556962025316,2.8544303797468356,39.31559914508129,0.8000668244239004
2.8544303797468356,2.8544303797468356,39.31602959304854,0.8000659358181351
2.930379746835443,2.8544303797468356,39.31449073080156,0.8000670435058406
2.892405063291139,2.8544303797468356,39.31449073080156,0.8000670435058406
2.968354430379747,2.8544303797468356,39.31449073080156,0.8000670435058406
3.0063291139240507,2.8544303797468356,39.31465686131458,0.800063007876864
3.0443037974683547,2.8544303797468356,39.31465686131458,0.800063007876864
3.0822784810126582,2.8544303797468356,39.31465686131458,0.800063007876864
3.1202531645569622,2.8544303797468356,39.31465686131458,0.800063007876864
3.1582278481012658,2.8544303797468356,39.31465686131458,0.800063007876864
3.1962025316455698,2.8544303797468356,39.31465686131458,0.800063007876864
3.2341772151898733,2.8544303797468356,39.31465686131458,0.800063007876864
3.2721518987341773,2.8544303797468356,39.31465686131458,0.800063007876864
3.310126582278481,2.8544303797468356,39.31465686131458,0.800063007876864
3.348101265822785,2.8544303797468356,39.31465686131458,0.800063007876864
3.386075949367089,2.8544303797468356,39.31465686131458,0.800063007876864
3.4240506329113924,2.8544303797468356,39.31465686131458,0.800063007876864
0.5,2.892405063291139,30.197937674295495,0.2105613106530529
3.4620253164556964,2.8544303797468356,39.31465686131458,0.800063007876864
3.5,2.8544303797468356,39.31465686131458,0.800063007876864
0.5379746835443038,2.892405063291139,30.19489977700098,0.21054476040812647
0.5759493670886076,2.892405063291139,30.18063725111648,0.21042623100612806
0.6139240506329113,2.892405063291139,30.16441881898288,0.21050573290743266
0.6518987341772152,2.892405063291139,30.152515246966345,0.21056164022461715
0.7278481012658228,2.892405063291139,30.135145494412555,0.2103251013739881
0.689873417721519,2.892405063291139,30.141482212476408,0.21037463289778388
0.7658227848101267,2.892405063291139,30.133208764719353,0.21056097701811796
0.8037974683544304,2.892405063291139,30.098752818868515,0.21049415110414682
0.8417721518987342,2.892405063291139,29.954220510028772,0.21031888995011744
0.879746835443038,2.892405063291139,29.81513805061786,0.21058145062020092
0.9177215189873418,2.892405063291139,29.736799042393258,0.21058296872059618
0.9556962025316456,2.892405063291139,29.711839036910007,0.21036005485200154
0.9936708860759493,2.892405063291139,29.702388386232247,0.2104302867652598
1.0316455696202533,2.892405063291139,29.699383724649838,0.2103839984380203
1.0696202531645569,2.892405063291139,29.69852642133186,0.2103469854804742
1.1075949367088609,2.892405063291139,29.70220720549493,0.2104849954528737
1.1455696202531644,2.892405063291139,29.692237724287658,0.2104493369569782
1.1835443037974684,2.892405063291139,29.694147459665388,0.2104133803077877
1.2215189873417722,2.892405063291139,29.710122325590348,0.21043927386927588
1.259493670886076,2.892405063291139,29.68468018150448,0.210523042774096
1.2974683544303798,2.892405063291139,29.63035465409639,0.21051221600745007
1.3354430379746836,2.892405063291139,29.711940705972737,0.2187202140582741
1.3734177215189873,2.892405063291139,30.581441398640205,0.2671180667103333
1.4113924050632911,2.892405063291139,31.413279832293377,0.31022926956862473
1.449367088607595,2.892405063291139,32.53324653056214,0.37037521945947843
1.4873417721518987,2.892405063291139,33.474035169553744,0.4189693222732166
1.5253164556962027,2.892405063291139,34.897663841651124,0.494997791148593
1.5632911392405064,2.892405063291139,36.748727919299505,0.6006992767504168
1.6012658227848102,2.892405063291139,37.967441408130995,0.6649948432705015
1.639240506329114,2.892405063291139,39.02931528823168,0.720315890218613
1.6772151898734178,2.892405063291139,40.337910148601736,0.7883301796992337
1.7531645569620253,2.892405063291139,40.21255334598793,0.8000134183636981
1.7151898734177216,2.892405063291139,40.39667951518744,0.8002656628495525
1.7911392405063291,2.892405063291139,40.04204002533812,0.8000526837819214
1.8291139240506329,2.892405063291139,39.93217230026124,0.8000570625776497
1.8670886075949367,2.892405063291139,39.85606547514933,0.8000546668024442
1.9050632911392404,2.892405063291139,39.764101310590696,0.8000576201687638
1.9430379746835444,2.892405063291139,39.481173354817386,0.800022639449373
1.9810126582278482,2.892405063291139,39.43847089960982,0.8000653444039991
2.018987341772152,2.892405063291139,39.405324273965704,0.8000805446029907
2.056962025316456,2.892405063291139,39.365518984520044,0.8000553602486785
2.0949367088607596,2.892405063291139,39.35202756832713,0.800017563809224
2.132911392405063,2.892405063291139,39.37173784432073,0.8000539398424968
2.170886075949367,2.892405063291139,39.345388897588215,0.8000655071648669
2.208860759493671,2.892405063291139,39.36588244249565,0.8000590860854011
2.2468354430379747,2.892405063291139,39.35969482765351,0.8000607704436034
2.2848101265822782,2.892405063291139,39.35612163889363,0.8000659499958219
2.3227848101265822,2.892405063291139,39.33496118562169,0.8000717702328246
2.3607594936708862,2.892405063291139,39.3301508960807,0.8000658316417847
2.39873417721519,2.892405063291139,39.32923143938755,0.8000661813725933
2.4367088607594938,2.892405063291139,39.3328064520447,0.8000197418100372
2.4746835443037973,2.892405063291139,39.33111528823233,0.8000719576011168
2.5126582278481013,2.892405063291139,39.32416013834421,0.8000589994224856
2.5506329113924053,2.892405063291139,39.32356908967664,0.8000711091200045
2.588607594936709,2.892405063291139,39.324931057143836,0.8000652850223937
2.626582278481013,2.892405063291139,39.322518130467685,0.8000651133259358
2.6645569620253164,2.892405063291139,39.32442549222679,0.8000642347638545
2.7025316455696204,2.892405063291139,39.32313629213173,0.8000654610279851
2.740506329113924,2.892405063291139,39.32644002657126,0.8000653301441832
2.778481012658228,2.892405063291139,39.32551311267313,0.8000641854760734
2.8164556962025316,2.892405063291139,39.32665076985256,0.8000713747514886
2.8544303797468356,2.892405063291139,39.326575764404005,0.8000642957597051
2.892405063291139,2.892405063291139,39.326575764404005,0.8000642957597051
2.930379746835443,2.892405063291139,39.326575764404005,0.8000642957597051
2.968354430379747,2.892405063291139,39.326575764404005,0.8000642957597051
3.0063291139240507,2.892405063291139,39.32718656102312,0.8000723145409292
3.0443037974683547,2.892405063291139,39.32718656102312,0.8000723145409292
3.0822784810126582,2.892405063291139,39.32718656102312,0.8000723145409292
3.1202531645569622,2.892405063291139,39.32718656102312,0.8000723145409292
3.1582278481012658,2.892405063291139,39.32718656102312,0.8000723145409292
3.1962025316455698,2.892405063291139,39.32718656102312,0.8000723145409292
3.2341772151898733,2.892405063291139,39.32718656102312,0.8000723145409292
3.2721518987341773,2.892405063291139,39.32718656102312,0.8000723145409292
3.310126582278481,2.892405063291139,39.32718656102312,0.8000723145409292
3.348101265822785,2.892405063291139,39.32718656102312,0.8000723145409292
3.386075949367089,2.892405063291139,39.32718656102312,0.8000723145409292
3.4240506329113924,2.892405063291139,39.32718656102312,0.8000723145409292
3.4620253164556964,2.892405063291139,39.32718656102312,0.8000723145409292
0.5,2.930379746835443,30.241722837323092,0.21047201980394437
3.5,2.892405063291139,39.32718656102312,0.8000723145409292
0.5379746835443038,2.930379746835443,30.234491611983064,0.21047357558024282
0.5759493670886076,2.930379746835443,30.221278833026794,0.21051094038853693
0.6139240506329113,2.930379746835443,30.199564934900113,0.2103677188334138
0.6518987341772152,2.930379746835443,30.19073409304567,0.21032220762355763
0.689873417721519,2.930379746835443,30.1800172900421,0.21030643651800932
0.7278481012658228,2.930379746835443,30.1795411467872,0.21030470389084252
0.7658227848101267,2.930379746835443,30.1830604322996,0.2104963911653939
0.8037974683544304,2.930379746835443,30.136657788152387,0.21054293914972394
0.8417721518987342,2.930379746835443,29.988855584615496,0.21044667995079677
0.879746835443038,2.930379746835443,29.85077362619174,0.21056127204632502
0.9177215189873418,2.930379746835443,29.774257085109067,0.21047195569493324
0.9556962025316456,2.930379746835443,29.75476294370131,0.21049879890553458
0.9936708860759493,2.930379746835443,29.745532323749945,0.21057113124909613
1.0316455696202533,2.930379746835443,29.74510484305909,0.21058001957917705
1.0696202531645569,2.930379746835443,29.743732066701952,0.21043019065405594
1.1075949367088609,2.930379746835443,29.743769980012537,0.21032873548302475
1.1455696202531644,2.930379746835443,29.751241518405234,0.21040269607553366
1.1835443037974684,2.930379746835443,29.7680338277715,0.21043144323419644
1.2215189873417722,2.930379746835443,29.776004293991587,0.21033825937447645
1.259493670886076,2.930379746835443,29.730232825818764,0.21053720091360242
1.2974683544303798,2.930379746835443,29.738029300581697,0.21436617918020148
1.3354430379746836,2.930379746835443,30.334544736996616,0.24780437653271195
1.3734177215189873,2.930379746835443,31.27648973414203,0.29941811685832903
1.4113924050632911,2.930379746835443,32.22817218618497,0.34817644878711757
1.449367088607595,2.930379746835443,33.175168861590684,0.3995261989827225
1.4873417721518987,2.930379746835443,34.31081084202185,0.4565141747300594
1.5253164556962027,2.930379746835443,35.55680919955847,0.5240520851683896
1.5632911392405064,2.930379746835443,37.42014728502898,0.6300156234010577
1.6012658227848102,2.930379746835443,38.628661169606836,0.693242305639985
1.6772151898734178,2.930379746835443,40.639373406492595,0.8002634762252645
1.639240506329114,2.930379746835443,39.66082219791641,0.7471168128727137
1.7151898734177216,2.930379746835443,40.44107163994741,0.800017851269101
1.7531645569620253,2.930379746835443,40.25041301375443,0.7999802415021372
1.7911392405063291,2.930379746835443,40.12458002628754,0.800043867896792
1.8291139240506329,2.930379746835443,40.01596845188437,0.8000324300643792
1.8670886075949367,2.930379746835443,39.955417972219024,0.8000281463802315
1.9050632911392404,2.930379746835443,39.84236605760006,0.8000809556709407
1.9430379746835444,2.930379746835443,39.56221938907786,0.8000063084495573
1.9810126582278482,2.930379746835443,39.51006005665885,0.80006290231382
2.018987341772152,2.930379746835443,39.47516818478507,0.8000630377574617
2.056962025316456,2.930379746835443,39.417066352452466,0.8000674966240936
2.0949367088607596,2.930379746835443,39.415073372394836,0.8000703363966738
2.132911392405063,2.930379746835443,39.4245790347853,0.8000516068128134
2.170886075949367,2.930379746835443,39.393137003109075,0.8000703442800117
2.2468354430379747,2.930379746835443,39.383454000830994,0.8000590109726796
2.2848101265822782,2.930379746835443,39.36579544427768,0.8000630094565279
2.208860759493671,2.930379746835443,39.38503947964738,0.8000192190853631
2.3227848101265822,2.930379746835443,39.34879645340469,0.8000588495549144
2.3607594936708862,2.930379746835443,39.34161978375493,0.800054133062924
2.39873417721519,2.930379746835443,39.34381263111965,0.8000719452676228
2.4367088607594938,2.930379746835443,39.34452435443774,0.8000620362472319
2.4746835443037973,2.930379746835443,39.340847977322284,0.800068402168601
2.5126582278481013,2.930379746835443,39.33545421743433,0.8000194282481378
2.5506329113924053,2.930379746835443,39.3312243808778,0.8000640884545787
2.588607594936709,2.930379746835443,39.33212932557264,0.8000630732017313
2.626582278481013,2.930379746835443,39.332931030163586,0.8000635158509769
2.6645569620253164,2.930379746835443,39.33329479805719,0.8000643320696915
2.7025316455696204,2.930379746835443,39.33170658491335,0.8000629839262823
2.740506329113924,2.930379746835443,39.336246797097424,0.8000638630179545
2.778481012658228,2.930379746835443,39.333857711302436,0.8000614153350338
2.8164556962025316,2.930379746835443,39.336170718897876,0.8000638096637165
2.8544303797468356,2.930379746835443,39.33586845269291,0.8000649992638136
2.892405063291139,2.930379746835443,39.33586845269291,0.8000649992638136
2.930379746835443,2.930379746835443,39.33586845269291,0.8000649992638136
2.968354430379747,2.930379746835443,39.33586845269291,0.8000649992638136
3.0063291139240507,2.930379746835443,39.3351497735342,0.8000613905581266
3.0443037974683547,2.930379746835443,39.3351497735342,0.8000613905581266
3.0822784810126582,2.930379746835443,39.3351497735342,0.8000613905581266
3.1202531645569622,2.930379746835443,39.3351497735342,0.8000613905581266
3.1582278481012658,2.930379746835443,39.3351497735342,0.8000613905581266
3.1962025316455698,2.930379746835443,39.3351497735342,0.8000613905581266
3.2341772151898733,2.930379746835443,39.3351497735342,0.8000613905581266
3.2721518987341773,2.930379746835443,39.3351497735342,0.8000613905581266
3.310126582278481,2.930379746835443,39.3351497735342,0.8000613905581266
3.348101265822785,2.930379746835443,39.3351497735342,0.8000613905581266
3.386075949367089,2.930379746835443,39.3351497735342,0.8000613905581266
3.4240506329113924,2.930379746835443,39.3351497735342,0.8000613905581266
3.4620253164556964,2.930379746835443,39.3351497735342,0.8000613905581266
3.5,2.930379746835443,39.3351497735342,0.8000613905581266
0.5,2.968354430379747,30.277051566662305,0.2104993507380593
0.5379746835443038,2.968354430379747,30.265093642995467,0.2104766987555052
0.5759493670886076,2.968354430379747,30.25543769011925,0.21050826583677057
0.6139240506329113,2.968354430379747,30.23652467856696,0.21047107872063864
0.6518987341772152,2.968354430379747,30.224483062882264,0.21040765836961578
0.689873417721519,2.968354430379747,30.222993644562802,0.2105257317288615
0.7278481012658228,2.968354430379747,30.216084135909636,0.21033349205545324
0.7658227848101267,2.968354430379747,30.20871736764781,0.21034020610985787
0.8037974683544304,2.968354430379747,30.15854474748025,0.21036403809450005
0.8417721518987342,2.968354430379747,30.012923004956072,0.21045302669922417
0.879746835443038,2.968354430379747,29.86985235599578,0.21039949033050437
0.9177215189873418,2.968354430379747,29.80506467226762,0.21044293612650167
0.9556962025316456,2.968354430379747,29.78638447330652,0.21040536045850483
0.9936708860759493,2.968354430379747,29.777679622243458,0.210423978239866
1.0316455696202533,2.968354430379747,29.7793565149552,0.21057393362166107
1.0696202531645569,2.968354430379747,29.78757396982755,0.21052860274575413
1.1075949367088609,2.968354430379747,29.79499657156363,0.21047929880733018
1.1455696202531644,2.968354430379747,29.808839653288793,0.21050721383912616
1.1835443037974684,2.968354430379747,29.817901118729488,0.21045293509247057
1.2215189873417722,2.968354430379747,29.79976663952828,0.2104783514879865
1.259493670886076,2.968354430379747,29.815693876643362,0.21346074173420376
1.2974683544303798,2.968354430379747,30.05231570536031,0.22916761762568374
1.3354430379746836,2.968354430379747,31.082298612149042,0.2837979872373091
1.3734177215189873,2.968354430379747,32.01579054096587,0.33360920016674944
1.4113924050632911,2.968354430379747,32.83081505088394,0.37562588386220186
1.449367088607595,2.968354430379747,33.977509989006414,0.4359781869165124
1.4873417721518987,2.968354430379747,35.050305615216004,0.4896606602433166
1.5253164556962027,2.968354430379747,36.262667971351156,0.5547314519917256
1.5632911392405064,2.968354430379747,38.17195661277663,0.6626425184647324
1.6012658227848102,2.968354430379747,39.15668790398481,0.7152678843547049
1.639240506329114,2.968354430379747,40.34167922727834,0.775655405332409
1.6772151898734178,2.968354430379747,40.67453967738971,0.8000217638065483
1.7531645569620253,2.968354430379747,40.32878913332057,0.800265036571545
1.7151898734177216,2.968354430379747,40.491201291163925,0.8000294258167767
1.7911392405063291,2.968354430379747,40.241420729184526,0.8000617985045063
1.8291139240506329,2.968354430379747,40.10293179893303,0.8000490127445905
1.8670886075949367,2.968354430379747,40.02383737938996,0.8000287624260466
1.9050632911392404,2.968354430379747,39.90191254185912,0.8000381739564649
1.9430379746835444,2.968354430379747,39.63106615110824,0.8000307503665056
1.9810126582278482,2.968354430379747,39.575382659978764,0.8000656300341688
2.018987341772152,2.968354430379747,39.5453751021205,0.800023562584227
2.056962025316456,2.968354430379747,39.46220338194877,0.8000681493244247
2.0949367088607596,2.968354430379747,39.463895543042334,0.800058691313373
2.132911392405063,2.968354430379747,39.452104269017184,0.8000708998703312
2.170886075949367,2.968354430379747,39.42420742484771,0.80005751787708
2.208860759493671,2.968354430379747,39.41331051780145,0.8000639142045779
2.2468354430379747,2.968354430379747,39.39430209136858,0.8000566574081098
2.2848101265822782,2.968354430379747,39.37523572846585,0.8000615782931908
2.3227848101265822,2.968354430379747,39.357084894767254,0.8000666013859837
2.3607594936708862,2.968354430379747,39.352925688764564,0.8000588891849898
2.39873417721519,2.968354430379747,39.352381589628685,0.8000625002250206
2.4367088607594938,2.968354430379747,39.350735177377906,0.8000563808540945
2.4746835443037973,2.968354430379747,39.34968706577598,0.8000600491176256
2.5126582278481013,2.968354430379747,39.342957579811234,0.8000726500912548
2.5506329113924053,2.968354430379747,39.339783909102664,0.8000617285536625
2.588607594936709,2.968354430379747,39.33879380611438,0.8000719459559387
2.626582278481013,2.968354430379747,39.33829486677489,0.800059191079262
2.6645569620253164,2.968354430379747,39.340507109834945,0.8000591908230825
2.7025316455696204,2.968354430379747,39.33996438872713,0.8000703427154335
2.740506329113924,2.968354430379747,39.3412356027497,0.8000593367749282
2.778481012658228,2.968354430379747,39.34153792391367,0.8000579891373104
2.8164556962025316,2.968354430379747,39.34053985093674,0.800059121535292
2.8544303797468356,2.968354430379747,39.34342424955702,0.8000687244414102
2.892405063291139,2.968354430379747,39.34342424955702,0.8000687244414102
2.930379746835443,2.968354430379747,39.34342424955702,0.8000687244414102
2.968354430379747,2.968354430379747,39.34342424955702,0.8000687244414102
3.0063291139240507,2.968354430379747,39.34255647426257,0.8000593683689311
3.0443037974683547,2.968354430379747,39.34255647426257,0.8000593683689311
3.0822784810126582,2.968354430379747,39.34255647426257,0.8000593683689311
3.1202531645569622,2.968354430379747,39.34255647426257,0.8000593683689311
3.1582278481012658,2.968354430379747,39.34255647426257,0.8000593683689311
3.1962025316455698,2.968354430379747,39.34255647426257,0.8000593683689311
3.2341772151898733,2.968354430379747,39.34255647426257,0.8000593683689311
3.2721518987341773,2.968354430379747,39.34255647426257,0.8000593683689311
3.310126582278481,2.968354430379747,39.34255647426257,0.8000593683689311
3.348101265822785,2.968354430379747,39.34255647426257,0.8000593683689311
3.386075949367089,2.968354430379747,39.34255647426257,0.8000593683689311
3.4240506329113924,2.968354430379747,39.34255647426257,0.8000593683689311
3.4620253164556964,2.968354430379747,39.34255647426257,0.8000593683689311
3.5,2.968354430379747,39.34255647426257,0.8000593683689311
0.5379746835443038,3.0063291139240507,30.31005518427821,0.21054921305893645
0.5,3.0063291139240507,30.313914314984128,0.21049526902537108
0.5759493670886076,3.0063291139240507,30.29553144971794,0.210533671521123
0.6139240506329113,3.0063291139240507,30.27679836789633,0.21053499682160884
0.6518987341772152,3.0063291139240507,30.273428201113585,0.21056589740293224
0.689873417721519,3.0063291139240507,30.26642754010676,0.21049794357866305
0.7278481012658228,3.0063291139240507,30.25537213120842,0.21049003774697062
0.7658227848101267,3.0063291139240507,30.245655757470647,0.2105750973090951
0.8037974683544304,3.0063291139240507,30.191778960585015,0.21049787523042696
0.8417721518987342,3.0063291139240507,30.040807028085194,0.21045561977514726
0.879746835443038,3.0063291139240507,29.899852947923268,0.2105633454490176
0.9177215189873418,3.0063291139240507,29.842469309369882,0.2103999967432701
0.9556962025316456,3.0063291139240507,29.830209677640113,0.21049325904097285
0.9936708860759493,3.0063291139240507,29.82067304888365,0.21053664963234678
1.0316455696202533,3.0063291139240507,29.827533367270163,0.21054438060234767
1.0696202531645569,3.0063291139240507,29.826807247867777,0.2103321697327116
1.1075949367088609,3.0063291139240507,29.846062800992758,0.2105198687474529
1.1455696202531644,3.0063291139240507,29.846410762589876,0.21044548174018401
1.1835443037974684,3.0063291139240507,29.83920315989756,0.21050065878510163
1.2215189873417722,3.0063291139240507,29.875680255847705,0.21291581038410068
1.259493670886076,3.0063291139240507,29.897821383708813,0.21656207462333701
1.2974683544303798,3.0063291139240507,30.752432064709588,0.26387737230368996
1.3354430379746836,3.0063291139240507,31.708842083768722,0.31343889228653404
1.3734177215189873,3.0063291139240507,32.566461506611255,0.3593171057523742
1.4113924050632911,3.0063291139240507,33.5772269090359,0.41068758106712216
1.449367088607595,3.0063291139240507,34.79558893871192,0.4732403295309567
1.4873417721518987,3.0063291139240507,35.71951866077507,0.5190925980635467
1.5253164556962027,3.0063291139240507,36.941497193825946,0.5841144771654195
1.5632911392405064,3.0063291139240507,38.63011489375244,0.6819411338001333
1.6012658227848102,3.0063291139240507,39.82103036142271,0.7435465135066254
1.639240506329114,3.0063291139240507,40.885088698790845,0.7984858846688282
1.6772151898734178,3.0063291139240507,40.7464461310463,0.8000172652149068
1.7151898734177216,3.0063291139240507,40.57564822981077,0.800270556551111
1.7531645569620253,3.0063291139240507,40.43348253308596,0.8000210366733186
1.7911392405063291,3.0063291139240507,40.32251508299474,0.800005006210391
1.8291139240506329,3.0063291139240507,40.18941706644571,0.8000425079390876
1.8670886075949367,3.0063291139240507,40.097902203544855,0.8000681833841735
1.9050632911392404,3.0063291139240507,39.980458367475194,0.8000688499736655
1.9430379746835444,3.0063291139240507,39.70594615756583,0.8000295111798414
1.9810126582278482,3.0063291139240507,39.64540777293023,0.8000566826130506
2.018987341772152,3.0063291139240507,39.595770265424285,0.8000172019666753
2.056962025316456,3.0063291139240507,39.529054639417325,0.8000714724248279
2.0949367088607596,3.0063291139240507,39.50106396409682,0.8000598546829069
2.132911392405063,3.0063291139240507,39.485593615232375,0.8000224027683004
2.170886075949367,3.0063291139240507,39.44267128880562,0.8000624828638097
2.208860759493671,3.0063291139240507,39.435386119188124,0.800054399551586
2.2468354430379747,3.0063291139240507,39.4059418724138,0.8000656066972935
2.2848101265822782,3.0063291139240507,39.384445090608416,0.8000656076366593
2.3607594936708862,3.0063291139240507,39.36950798378842,0.8000724761773084
2.3227848101265822,3.0063291139240507,39.37121061516476,0.8000723295208702
2.4367088607594938,3.0063291139240507,39.36160596625296,0.8000724127949386
2.39873417721519,3.0063291139240507,39.36392517484855,0.8000425167556552
2.4746835443037973,3.0063291139240507,39.359112862746265,0.8000728217065534
2.5126582278481013,3.0063291139240507,39.349926849792354,0.8000425265710098
2.588607594936709,3.0063291139240507,39.34929406426767,0.8000653570436878
2.5506329113924053,3.0063291139240507,39.35078854613542,0.80006557035524
2.626582278481013,3.0063291139240507,39.35034155133327,0.8000654868275386
2.6645569620253164,3.0063291139240507,39.34861890571796,0.8000479252334651
2.7025316455696204,3.0063291139240507,39.351053319718766,0.8000649527502776
2.740506329113924,3.0063291139240507,39.35082539238437,0.8000481432125525
2.778481012658228,3.0063291139240507,39.35160192700403,0.8000643035348693
2.8164556962025316,3.0063291139240507,39.35126911610019,0.8000488708508661
2.8544303797468356,3.0063291139240507,39.351639476239534,0.8000649982544444
2.892405063291139,3.0063291139240507,39.351639476239534,0.8000649982544444
2.930379746835443,3.0063291139240507,39.351639476239534,0.8000649982544444
2.968354430379747,3.0063291139240507,39.351639476239534,0.8000649982544444
3.0063291139240507,3.0063291139240507,39.35084205700639,0.8000488418245911
3.0443037974683547,3.0063291139240507,39.35084205700639,0.8000488418245911
3.0822784810126582,3.0063291139240507,39.35084205700639,0.8000488418245911
3.1202531645569622,3.0063291139240507,39.35084205700639,0.8000488418245911
3.1962025316455698,3.0063291139240507,39.35084205700639,0.8000488418245911
3.1582278481012658,3.0063291139240507,39.35084205700639,0.8000488418245911
3.2721518987341773,3.0063291139240507,39.35084205700639,0.8000488418245911
3.2341772151898733,3.0063291139240507,39.35084205700639,0.8000488418245911
3.310126582278481,3.0063291139240507,39.35084205700639,0.8000488418245911
3.348101265822785,3.0063291139240507,39.35084205700639,0.8000488418245911
3.386075949367089,3.0063291139240507,39.35084205700639,0.8000488418245911
3.4240506329113924,3.0063291139240507,39.35084205700639,0.8000488418245911
3.4620253164556964,3.0063291139240507,39.35084205700639,0.8000488418245911
3.5,3.0063291139240507,39.35084205700639,0.8000488418245911
0.5,3.0443037974683547,30.349760157698817,0.2104493691828839
0.5379746835443038,3.0443037974683547,30.345955106762887,0.2105377918843207
0.5759493670886076,3.0443037974683547,30.332311414650885,0.21047884794857197
0.6139240506329113,3.0443037974683547,30.321198764416348,0.2105979201419376
0.6518987341772152,3.0443037974683547,30.307399763914013,0.2103379100548347
0.689873417721519,3.0443037974683547,30.295283206290197,0.21055689683525855
0.7278481012658228,3.0443037974683547,30.27887090961353,0.2103872780822817
0.7658227848101267,3.0443037974683547,30.267966843030624,0.21048991010503318
0.8037974683544304,3.0443037974683547,30.216568975627165,0.21034274472151407
0.8417721518987342,3.0443037974683547,30.07200157121599,0.210573471874595
0.879746835443038,3.0443037974683547,29.93436560978379,0.21043473178165173
0.9177215189873418,3.0443037974683547,29.896037289960976,0.2104891498883898
0.9556962025316456,3.0443037974683547,29.887972714408175,0.21056987269953223
0.9936708860759493,3.0443037974683547,29.886378133606172,0.21052065516340526
1.0316455696202533,3.0443037974683547,29.882857682992274,0.21049908279184842
1.0696202531645569,3.0443037974683547,29.894176934247987,0.21054592248616022
1.1075949367088609,3.0443037974683547,29.89438788468028,0.21039736887952531
1.1455696202531644,3.0443037974683547,29.889011460210995,0.2104907189704619
1.1835443037974684,3.0443037974683547,29.89765112568358,0.2113825602498076
1.2215189873417722,3.0443037974683547,29.98101321166116,0.2165016093605679
1.259493670886076,3.0443037974683547,30.36817717448587,0.23847912014821251
1.2974683544303798,3.0443037974683547,31.56690680477988,0.3020539987847799
1.3734177215189873,3.0443037974683547,33.31879419633841,0.39267225831770164
1.3354430379746836,3.0443037974683547,32.46816432997832,0.3478260494106348
1.4113924050632911,3.0443037974683547,34.50504873181349,0.45201106086068665
1.449367088607595,3.0443037974683547,35.62336636807705,0.5089532265806683
1.4873417721518987,3.0443037974683547,36.52138456454067,0.5534680855615597
1.5253164556962027,3.0443037974683547,37.547449751857435,0.6092398931658479
1.5632911392405064,3.0443037974683547,39.38912397462349,0.7137522934770065
1.6012658227848102,3.0443037974683547,40.513987174580286,0.7719910162280429
1.639240506329114,3.0443037974683547,41.01524909950903,0.7999988908365394
1.6772151898734178,3.0443037974683547,40.82949725718728,0.7999579639581709
1.7151898734177216,3.0443037974683547,40.657677449798015,0.8000253868889482
1.7531645569620253,3.0443037974683547,40.54167521826998,0.8000251319026046
1.7911392405063291,3.0443037974683547,40.41359430923721,0.8000119686618535
1.8291139240506329,3.0443037974683547,40.251815903857725,0.8000582569581578
1.8670886075949367,3.0443037974683547,40.1530329679153,0.8000513952515103
1.9050632911392404,3.0443037974683547,40.04121956789337,0.8000061793064873
1.9430379746835444,3.0443037974683547,39.769716201457285,0.8000516419770967
1.9810126582278482,3.0443037974683547,39.703471462783845,0.8000674929327695
2.018987341772152,3.0443037974683547,39.62046443541971,0.8000599482532827
2.056962025316456,3.0443037974683547,39.57125708691153,0.8000820097190805
2.0949367088607596,3.0443037974683547,39.531622979101876,0.8000309289288187
2.132911392405063,3.0443037974683547,39.51089304185742,0.8000321641418223
2.170886075949367,3.0443037974683547,39.46916096901773,0.8000706870679298
2.208860759493671,3.0443037974683547,39.45442560845097,0.8000717578953481
2.2468354430379747,3.0443037974683547,39.41623003905921,0.8000598600394504
2.2848101265822782,3.0443037974683547,39.39731364014673,0.8000464380776773
2.3227848101265822,3.0443037974683547,39.38773815480296,0.8000647477442784
2.3607594936708862,3.0443037974683547,39.383594180593576,0.8000686974399358
2.39873417721519,3.0443037974683547,39.37927302463476,0.8000688684900258
2.4367088607594938,3.0443037974683547,39.374490679390455,0.7999999440770628
2.4746835443037973,3.0443037974683547,39.37384113466925,0.8000727106333264
2.5126582278481013,3.0443037974683547,39.364679164462494,0.8000642299203168
2.5506329113924053,3.0443037974683547,39.364701535541485,0.8000588402790185
2.588607594936709,3.0443037974683547,39.35955171450628,0.8000462007144614
2.626582278481013,3.0443037974683547,39.359900408359806,0.8000599591479257
2.7025316455696204,3.0443037974683547,39.36090929788162,0.8000463950930249
2.6645569620253164,3.0443037974683547,39.362539327695714,0.8000600258374823
2.740506329113924,3.0443037974683547,39.36284407079705,0.8000462601080736
2.778481012658228,3.0443037974683547,39.36390237295691,0.8000467249590105
2.8164556962025316,3.0443037974683547,39.365315448897114,0.8000645383211492
2.8544303797468356,3.0443037974683547,39.36258159514045,0.8000464831210449
2.892405063291139,3.0443037974683547,39.36258159514045,0.8000464831210449
2.930379746835443,3.0443037974683547,39.36258159514045,0.8000464831210449
3.0063291139240507,3.0443037974683547,39.36389063672337,0.8000598163820024
3.0822784810126582,3.0443037974683547,39.36389063672337,0.8000598163820024
2.968354430379747,3.0443037974683547,39.36258159514045,0.8000464831210449
3.0443037974683547,3.0443037974683547,39.36389063672337,0.8000598163820024
3.1202531645569622,3.0443037974683547,39.36389063672337,0.8000598163820024
3.1582278481012658,3.0443037974683547,39.36389063672337,0.8000598163820024
3.1962025316455698,3.0443037974683547,39.36389063672337,0.8000598163820024
3.2341772151898733,3.0443037974683547,39.36389063672337,0.8000598163820024
3.2721518987341773,3.0443037974683547,39.36389063672337,0.8000598163820024
3.310126582278481,3.0443037974683547,39.36389063672337,0.8000598163820024
3.348101265822785,3.0443037974683547,39.36389063672337,0.8000598163820024
3.386075949367089,3.0443037974683547,39.36389063672337,0.8000598163820024
3.4240506329113924,3.0443037974683547,39.36389063672337,0.8000598163820024
3.4620253164556964,3.0443037974683547,39.36389063672337,0.8000598163820024
3.5,3.0443037974683547,39.36389063672337,0.8000598163820024
0.5,3.0822784810126582,30.39176481965807,0.21049506480878039
0.5759493670886076,3.0822784810126582,30.37604398482513,0.2103302029583177
0.5379746835443038,3.0822784810126582,30.3824587307771,0.2104038142075786
0.6518987341772152,3.0822784810126582,30.33872156142145,0.21037855515940526
0.6139240506329113,3.0822784810126582,30.357481797846354,0.21039704922170616
0.689873417721519,3.0822784810126582,30.32335693071571,0.21033289959320045
0.7278481012658228,3.0822784810126582,30.314202446200678,0.21059043028794774
0.7658227848101267,3.0822784810126582,30.296552329050467,0.21041401134746843
0.8037974683544304,3.0822784810126582,30.24555262249009,0.2103544734127251
0.8417721518987342,3.0822784810126582,30.097886110732716,0.21047648184242373
0.879746835443038,3.0822784810126582,29.96878135777971,0.21056695917885068
0.9177215189873418,3.0822784810126582,29.938413324900658,0.21040634067500757
0.9556962025316456,3.0822784810126582,29.924793823064714,0.2104724504806793
0.9936708860759493,3.0822784810126582,29.919757030433914,0.2104225242421178
1.0316455696202533,3.0822784810126582,29.921689559917283,0.21043622237809323
1.0696202531645569,3.0822784810126582,29.921410805821886,0.2103940431397655
1.1075949367088609,3.0822784810126582,29.919428145690414,0.2104764889716174
1.1455696202531644,3.0822784810126582,29.904891695257955,0.21063499431777097
1.1835443037974684,3.0822784810126582,29.980267522091058,0.21488944400346974
1.2215189873417722,3.0822784810126582,30.117637036520144,0.2229194775458372
1.259493670886076,3.0822784810126582,31.137625935081445,0.27610846552421253
1.2974683544303798,3.0822784810126582,32.21824296175267,0.33377753762006
1.3354430379746836,3.0822784810126582,32.97884048501119,0.37214492928813603
1.3734177215189873,3.0822784810126582,34.078142779631044,0.42847528454004896
1.4113924050632911,3.0822784810126582,35.28634097191433,0.48838143844519055
1.4873417721518987,3.0822784810126582,37.06376443726323,0.5773730327427853
1.449367088607595,3.0822784810126582,36.21991752193992,0.5355071250529414
1.5253164556962027,3.0822784810126582,38.197092572679544,0.6368704183011767
1.5632911392405064,3.0822784810126582,40.240346807752346,0.7484315019064288
1.6012658227848102,3.0822784810126582,41.26370107258363,0.7999718766901854
1.639240506329114,3.0822784810126582,41.112180296089306,0.8000108623824695
1.6772151898734178,3.0822784810126582,40.9278575725576,0.8002762970477405
1.7531645569620253,3.0822784810126582,40.627483913411275,0.8000001406381871
1.7151898734177216,3.0822784810126582,40.74473371973502,0.7999992931747701
1.7911392405063291,3.0822784810126582,40.50679516322929,0.8000637712477147
1.8291139240506329,3.0822784810126582,40.33041864949042,0.8000769009569518
1.8670886075949367,3.0822784810126582,40.23260269819063,0.8000704236410043
1.9050632911392404,3.0822784810126582,40.10035380477852,0.800037946939302
1.9430379746835444,3.0822784810126582,39.830222396773124,0.8000625342217299
1.9810126582278482,3.0822784810126582,39.7413750688607,0.7999965056837212
2.018987341772152,3.0822784810126582,39.66369509819979,0.8000275120674545
2.056962025316456,3.0822784810126582,39.605973132547334,0.8000150533415595
2.0949367088607596,3.0822784810126582,39.55802754538423,0.8000817247477124
2.132911392405063,3.0822784810126582,39.53065045761768,0.8000360176993364
2.170886075949367,3.0822784810126582,39.49237864914398,0.8000700485887123
2.208860759493671,3.0822784810126582,39.46195078366104,0.8000684500716708
2.2468354430379747,3.0822784810126582,39.42848816446759,0.8000628472567701
2.2848101265822782,3.0822784810126582,39.41229227960757,0.8000617910225722
2.3227848101265822,3.0822784810126582,39.39674361678039,0.8000254168320327
2.39873417721519,3.0822784810126582,39.38870159768683,0.8000646054655789
2.3607594936708862,3.0822784810126582,39.39242840138462,0.8000583165051809
2.4367088607594938,3.0822784810126582,39.38272619472304,0.8000622954932475
2.4746835443037973,3.0822784810126582,39.38185173246909,0.8000703282569686
2.5126582278481013,3.0822784810126582,39.373852498806926,0.8000630076068256
2.5506329113924053,3.0822784810126582,39.370311528740395,0.80006197814381
2.588607594936709,3.0822784810126582,39.3698476451305,0.8000638949145953
2.626582278481013,3.0822784810126582,39.37031030853257,0.8000684673766888
2.6645569620253164,3.0822784810126582,39.372586161016415,0.8000684299218023
2.7025316455696204,3.0822784810126582,39.369592387606886,0.8000631974908594
2.740506329113924,3.0822784810126582,39.369621260065074,0.8000630828533092
2.778481012658228,3.0822784810126582,39.37052541693556,0.8000611261830665
2.8164556962025316,3.0822784810126582,39.371841727654036,0.8000684415002968
2.8544303797468356,3.0822784810126582,39.37314230486319,0.8000560796732359
2.892405063291139,3.0822784810126582,39.37314230486319,0.8000560796732359
2.930379746835443,3.0822784810126582,39.37314230486319,0.8000560796732359
2.968354430379747,3.0822784810126582,39.37314230486319,0.8000560796732359
3.0063291139240507,3.0822784810126582,39.37335671067702,0.800061913272741
3.0443037974683547,3.0822784810126582,39.37335671067702,0.800061913272741
3.0822784810126582,3.0822784810126582,39.37335671067702,0.800061913272741
3.1202531645569622,3.0822784810126582,39.37335671067702,0.800061913272741
3.1582278481012658,3.0822784810126582,39.37335671067702,0.800061913272741
3.1962025316455698,3.0822784810126582,39.37335671067702,0.800061913272741
3.2341772151898733,3.0822784810126582,39.37335671067702,0.800061913272741
3.2721518987341773,3.0822784810126582,39.37335671067702,0.800061913272741
3.310126582278481,3.0822784810126582,39.37335671067702,0.800061913272741
3.348101265822785,3.0822784810126582,39.37335671067702,0.800061913272741
3.386075949367089,3.0822784810126582,39.37335671067702,0.800061913272741
3.4240506329113924,3.0822784810126582,39.37335671067702,0.800061913272741
3.4620253164556964,3.0822784810126582,39.37335671067702,0.800061913272741
3.5,3.0822784810126582,39.37335671067702,0.800061913272741
0.5,3.1202531645569622,30.451107568530073,0.2104246346813676
0.5379746835443038,3.1202531645569622,30.449767677171895,0.21052678352298396
0.5759493670886076,3.1202531645569622,30.43770912619149,0.2106209894539435
0.6139240506329113,3.1202531645569622,30.405967785519863,0.21039061155171995
0.6518987341772152,3.1202531645569622,30.389535777553437,0.21035965436210802
0.689873417721519,3.1202531645569622,30.37294302648106,0.21038610411835176
0.7278481012658228,3.1202531645569622,30.36023958045761,0.21048248909579287
0.7658227848101267,3.1202531645569622,30.344154794088656,0.21037751551903855
0.8037974683544304,3.1202531645569622,30.297805080266908,0.21056491581612108
0.8417721518987342,3.1202531645569622,30.145669233815585,0.21058558298593744
0.9177215189873418,3.1202531645569622,29.991779243562817,0.210605687297299
0.879746835443038,3.1202531645569622,30.01035132151437,0.210420989323924
0.9556962025316456,3.1202531645569622,29.976374020685487,0.21059390231431965
0.9936708860759493,3.1202531645569622,29.96776768483171,0.21048880766871628
1.0316455696202533,3.1202531645569622,29.96142288778291,0.21040184883306584
1.0696202531645569,3.1202531645569622,29.956301831069045,0.2104101623596515
1.1075949367088609,3.1202531645569622,29.93856284134659,0.21046463813987082
1.1455696202531644,3.1202531645569622,29.984632705374004,0.21362982722491497
1.1835443037974684,3.1202531645569622,30.03898170055286,0.21692245130032128
1.2215189873417722,3.1202531645569622,30.86558789571053,0.25916928663372163
1.259493670886076,3.1202531645569622,31.844227814817458,0.3096848659316179
1.2974683544303798,3.1202531645569622,32.75084208373377,0.3586083257644268
1.3354430379746836,3.1202531645569622,33.735595734864006,0.4074387930577039
1.4113924050632911,3.1202531645569622,35.97447964287209,0.5197261149755771
1.3734177215189873,3.1202531645569622,34.9306272679966,0.46813081044091553
1.449367088607595,3.1202531645569622,36.819763348349966,0.5617626157029415
1.4873417721518987,3.1202531645569622,37.81897326116027,0.6092295159421853
1.5253164556962027,3.1202531645569622,39.17720277736873,0.6777245157964488
1.5632911392405064,3.1202531645569622,41.260642365831316,0.7902337366732372
1.6012658227848102,3.1202531645569622,41.33679665942095,0.8002529164379688
1.639240506329114,3.1202531645569622,41.15426663938077,0.7999691169440589
1.6772151898734178,3.1202531645569622,40.98100103607076,0.8000276123234701
1.7151898734177216,3.1202531645569622,40.82536831527516,0.7999604925196756
1.7531645569620253,3.1202531645569622,40.68968231730982,0.7999549879161844
1.8291139240506329,3.1202531645569622,40.367041304190266,0.8000599610327314
1.7911392405063291,3.1202531645569622,40.55332871490643,0.800054087560866
1.8670886075949367,3.1202531645569622,40.28288449278707,0.7999962116083528
1.9050632911392404,3.1202531645569622,40.14550323921238,0.7999954262998339
1.9430379746835444,3.1202531645569622,39.86614497729053,0.8000664373703825
1.9810126582278482,3.1202531645569622,39.76226469672658,0.8000144759351675
2.018987341772152,3.1202531645569622,39.693258055580344,0.8000240842758513
2.0949367088607596,3.1202531645569622,39.57017294031439,0.8000467102146558
2.056962025316456,3.1202531645569622,39.63493543233341,0.8000676557796129
2.132911392405063,3.1202531645569622,39.54169145757989,0.8000676489905519
2.170886075949367,3.1202531645569622,39.49986697736984,0.8000532874743395
2.208860759493671,3.1202531645569622,39.46998130550548,0.8000583796167694
2.2468354430379747,3.1202531645569622,39.440522479690095,0.8000644778050807
2.2848101265822782,3.1202531645569622,39.429643557461105,0.8000633790803122
2.3227848101265822,3.1202531645569622,39.41106719603258,0.8000627085901572
2.39873417721519,3.1202531645569622,39.394918932912404,0.8000626422353845
2.3607594936708862,3.1202531645569622,39.40130968751304,0.8000631177602128
2.4367088607594938,3.1202531645569622,39.39254359955177,0.7999968033980401
2.4746835443037973,3.1202531645569622,39.39004657061367,0.8000217702573342
2.5126582278481013,3.1202531645569622,39.38112409226853,0.8000629506456162
2.5506329113924053,3.1202531645569622,39.37957870242538,0.8000637770413874
2.588607594936709,3.1202531645569622,39.38187369723065,0.8000565836137294
2.626582278481013,3.1202531645569622,39.378730412369016,0.800063474368985
2.6645569620253164,3.1202531645569622,39.37885409099089,0.8000636226699191
2.7025316455696204,3.1202531645569622,39.37821802795072,0.8000628739777385
2.740506329113924,3.1202531645569622,39.3765778269013,0.8000646090683468
2.778481012658228,3.1202531645569622,39.378457612062675,0.800063821063899
2.8164556962025316,3.1202531645569622,39.37903577272747,0.8000674502043834
2.8544303797468356,3.1202531645569622,39.378538673436964,0.8000633554859684
2.892405063291139,3.1202531645569622,39.378538673436964,0.8000633554859684
2.930379746835443,3.1202531645569622,39.378538673436964,0.8000633554859684
2.968354430379747,3.1202531645569622,39.378538673436964,0.8000633554859684
3.0063291139240507,3.1202531645569622,39.3775890770145,0.8000673502242663
3.0443037974683547,3.1202531645569622,39.3775890770145,0.8000673502242663
3.0822784810126582,3.1202531645569622,39.3775890770145,0.8000673502242663
3.1202531645569622,3.1202531645569622,39.3775890770145,0.8000673502242663
3.1582278481012658,3.1202531645569622,39.3775890770145,0.8000673502242663
3.1962025316455698,3.1202531645569622,39.3775890770145,0.8000673502242663
3.2341772151898733,3.1202531645569622,39.3775890770145,0.8000673502242663
3.2721518987341773,3.1202531645569622,39.3775890770145,0.8000673502242663
3.310126582278481,3.1202531645569622,39.3775890770145,0.8000673502242663
3.348101265822785,3.1202531645569622,39.3775890770145,0.8000673502242663
3.386075949367089,3.1202531645569622,39.3775890770145,0.8000673502242663
3.4240506329113924,3.1202531645569622,39.3775890770145,0.8000673502242663
3.4620253164556964,3.1202531645569622,39.3775890770145,0.8000673502242663
3.5,3.1202531645569622,39.3775890770145,0.8000673502242663
0.5,3.1582278481012658,30.488695470924526,0.21064279228809682
0.5379746835443038,3.1582278481012658,30.472449103619887,0.21035188261012092
0.5759493670886076,3.1582278481012658,30.45590241902423,0.21050381505154764
0.6139240506329113,3.1582278481012658,30.431859313189648,0.2105832999316639
0.6518987341772152,3.1582278481012658,30.414950501797655,0.21063041828373572
0.689873417721519,3.1582278481012658,30.394900132260915,0.2105597449444259
0.7278481012658228,3.1582278481012658,30.380112791308285,0.21054221930788722
0.7658227848101267,3.1582278481012658,30.365034467797894,0.21036575899378052
0.8037974683544304,3.1582278481012658,30.311520197559496,0.21034360564838367
0.8417721518987342,3.1582278481012658,30.163390563554934,0.21055155029956685
0.879746835443038,3.1582278481012658,30.029935025168303,0.2104244704933605
0.9556962025316456,3.1582278481012658,29.996832836462843,0.21057139716510961
0.9177215189873418,3.1582278481012658,30.010390397745468,0.2104697246286989
0.9936708860759493,3.1582278481012658,29.987273005399818,0.21040944212418766
1.0316455696202533,3.1582278481012658,29.98296536809979,0.21049802399810072
1.0696202531645569,3.1582278481012658,29.96847369416847,0.21045847918697083
1.1075949367088609,3.1582278481012658,30.016503558910888,0.21331819212771544
1.1455696202531644,3.1582278481012658,30.07757700365053,0.21681559931732478
1.2215189873417722,3.1582278481012658,31.672310231576613,0.29721225643224597
1.1835443037974684,3.1582278481012658,30.716539232705497,0.24906234711735586
1.259493670886076,3.1582278481012658,32.529483237920985,0.34149309049165194
1.2974683544303798,3.1582278481012658,33.470294211204575,0.3915149230484172
1.3354430379746836,3.1582278481012658,34.62080124623846,0.4476043040582082
1.3734177215189873,3.1582278481012658,35.748986688071156,0.5047102626584112
1.4113924050632911,3.1582278481012658,36.844719436734266,0.5572096737707565
1.449367088607595,3.1582278481012658,37.77187609146229,0.6007521322149291
1.4873417721518987,3.1582278481012658,38.801478677468324,0.6491464545061589
1.5253164556962027,3.1582278481012658,40.22272918752211,0.7198532093706459
1.5632911392405064,3.1582278481012658,41.58827993726424,0.8002709688805142
1.6012658227848102,3.1582278481012658,41.41888966217309,0.8002441598991166
1.639240506329114,3.1582278481012658,41.235135225443855,0.8000084994608434
1.6772151898734178,3.1582278481012658,41.05894350034795,0.7999784195659071
1.7151898734177216,3.1582278481012658,40.904576112326716,0.8000268201134124
1.7531645569620253,3.1582278481012658,40.771791040482846,0.800015524700187
1.7911392405063291,3.1582278481012658,40.613110254691605,0.8000491489680124
1.8291139240506329,3.1582278481012658,40.43243942214514,0.8000321173271909
1.8670886075949367,3.1582278481012658,40.339453543626696,0.8000152370452058
1.9050632911392404,3.1582278481012658,40.20594285998281,0.8000382956452275
1.9430379746835444,3.1582278481012658,39.89883423525276,0.8000228266209368
1.9810126582278482,3.1582278481012658,39.79973049192319,0.8000680811638908
2.018987341772152,3.1582278481012658,39.725569755390346,0.8000287096911344
2.056962025316456,3.1582278481012658,39.6505447387124,0.8000753237331892
2.0949367088607596,3.1582278481012658,39.58459830326614,0.8000661884115583
2.132911392405063,3.1582278481012658,39.557488462591344,0.8000622747956636
2.170886075949367,3.1582278481012658,39.50999709354499,0.8000730000139217
2.208860759493671,3.1582278481012658,39.48544312026015,0.800065920554127
2.2468354430379747,3.1582278481012658,39.46092259146989,0.8000819892881381
2.2848101265822782,3.1582278481012658,39.43871820572687,0.8000051030599575
2.3227848101265822,3.1582278481012658,39.42001418764537,0.8000709993263373
2.3607594936708862,3.1582278481012658,39.412268555995816,0.8000624772060054
2.39873417721519,3.1582278481012658,39.40658524415513,0.8000244553760939
2.4367088607594938,3.1582278481012658,39.4064405882215,0.8000588179513636
2.4746835443037973,3.1582278481012658,39.4016558918627,0.8000740274023768
2.5126582278481013,3.1582278481012658,39.39350187527314,0.8000723164614347
2.5506329113924053,3.1582278481012658,39.393296523593,0.8000709872423288
2.588607594936709,3.1582278481012658,39.391047885764465,0.8000707489749588
2.626582278481013,3.1582278481012658,39.386508014969394,0.8000723846849278
2.6645569620253164,3.1582278481012658,39.387201512063115,0.8000723139385352
2.7025316455696204,3.1582278481012658,39.385483728310085,0.8000651221164777
2.740506329113924,3.1582278481012658,39.385605288648776,0.8000702052695057
2.778481012658228,3.1582278481012658,39.38761372737149,0.800069964478192
2.8164556962025316,3.1582278481012658,39.38551860598015,0.8000700099530446
2.8544303797468356,3.1582278481012658,39.388972991864904,0.8000702672332628
2.892405063291139,3.1582278481012658,39.388972991864904,0.8000702672332628
2.930379746835443,3.1582278481012658,39.388972991864904,0.8000702672332628
2.968354430379747,3.1582278481012658,39.388972991864904,0.8000702672332628
3.0063291139240507,3.1582278481012658,39.389587779324266,0.8000699229992585
3.0443037974683547,3.1582278481012658,39.389587779324266,0.8000699229992585
3.0822784810126582,3.1582278481012658,39.389587779324266,0.8000699229992585
3.1202531645569622,3.1582278481012658,39.389587779324266,0.8000699229992585
3.1582278481012658,3.1582278481012658,39.389587779324266,0.8000699229992585
3.1962025316455698,3.1582278481012658,39.389587779324266,0.8000699229992585
3.2341772151898733,3.1582278481012658,39.389587779324266,0.8000699229992585
3.2721518987341773,3.1582278481012658,39.389587779324266,0.8000699229992585
3.310126582278481,3.1582278481012658,39.389587779324266,0.8000699229992585
3.348101265822785,3.1582278481012658,39.389587779324266,0.8000699229992585
3.386075949367089,3.1582278481012658,39.389587779324266,0.8000699229992585
3.4240506329113924,3.1582278481012658,39.389587779324266,0.8000699229992585
3.4620253164556964,3.1582278481012658,39.389587779324266,0.8000699229992585
3.5,3.1582278481012658,39.389587779324266,0.8000699229992585
0.5,3.1962025316455698,30.545370713648605,0.21045442049565385
0.5379746835443038,3.1962025316455698,30.535036382024312,0.2106526587762944
0.5759493670886076,3.1962025316455698,30.5143868849573,0.21063607208704124
0.6139240506329113,3.1962025316455698,30.484068546013486,0.21064724268053428
0.6518987341772152,3.1962025316455698,30.462869113595325,0.21060047427145712
0.689873417721519,3.1962025316455698,30.44385361446288,0.21060487858627927
0.7278481012658228,3.1962025316455698,30.42495727996712,0.21052560543754054
0.7658227848101267,3.1962025316455698,30.407544638456553,0.2104657944914851
0.8037974683544304,3.1962025316455698,30.360766695491005,0.21056655138782898
0.8417721518987342,3.1962025316455698,30.20040236284134,0.21062448999493075
0.879746835443038,3.1962025316455698,30.06750796394357,0.21041092004790257
0.9177215189873418,3.1962025316455698,30.046883450715544,0.2103966974785666
0.9556962025316456,3.1962025316455698,30.02859379041531,0.21041440009820117
0.9936708860759493,3.1962025316455698,30.024445966212795,0.21043909610958075
1.0316455696202533,3.1962025316455698,30.0139986085642,0.21040190597345587
1.0696202531645569,3.1962025316455698,30.0405582889789,0.21202472878197404
1.1075949367088609,3.1962025316455698,30.140427160082986,0.21723884653000186
1.1835443037974684,3.1962025316455698,31.49032722915228,0.28540356445323695
1.1455696202531644,3.1962025316455698,30.549310127347642,0.23842986896427293
1.2215189873417722,3.1962025316455698,32.335244370694895,0.32793256066475834
1.259493670886076,3.1962025316455698,33.196905924389036,0.3722782081108414
1.2974683544303798,3.1962025316455698,34.31550683124382,0.42985755730992076
1.3734177215189873,3.1962025316455698,36.808898231802225,0.5502131905733457
1.3354430379746836,3.1962025316455698,35.5038580464657,0.48697445552993845
1.4113924050632911,3.1962025316455698,37.84238910530522,0.5980422386322162
1.449367088607595,3.1962025316455698,38.83690014692375,0.6437491166690008
1.4873417721518987,3.1962025316455698,39.97566719597048,0.6969256073825661
1.5253164556962027,3.1962025316455698,41.122472122388814,0.7549826296436452
1.6012658227848102,3.1962025316455698,41.483120555763264,0.7999618919687469
1.5632911392405064,3.1962025316455698,41.693308195467566,0.8002472628128903
1.639240506329114,3.1962025316455698,41.30606800644154,0.8000509912735244
1.6772151898734178,3.1962025316455698,41.126940060937415,0.8000293888725677
1.7151898734177216,3.1962025316455698,40.966307646084964,0.7999693379814087
1.7531645569620253,3.1962025316455698,40.83511980599667,0.7999582071677291
1.7911392405063291,3.1962025316455698,40.66691505667142,0.8000544053148041
1.8291139240506329,3.1962025316455698,40.48119687319607,0.8000598586301019
1.8670886075949367,3.1962025316455698,40.39179673581183,0.8000706825885497
1.9050632911392404,3.1962025316455698,40.25661222371272,0.8000658631421315
1.9430379746835444,3.1962025316455698,39.93152852261555,0.8000702754087367
1.9810126582278482,3.1962025316455698,39.80616294524138,0.7999959635071955
2.056962025316456,3.1962025316455698,39.65718156399127,0.8000188488744662
2.018987341772152,3.1962025316455698,39.75715200919723,0.8000530659059838
2.0949367088607596,3.1962025316455698,39.59020517770086,0.8000458068006706
2.132911392405063,3.1962025316455698,39.57006852875544,0.799998645929523
2.170886075949367,3.1962025316455698,39.52666165174236,0.8000586455754302
2.208860759493671,3.1962025316455698,39.507095393588436,0.7999994271542427
2.2468354430379747,3.1962025316455698,39.47900734091031,0.7999994450771679
2.2848101265822782,3.1962025316455698,39.459204824092566,0.8000686938285029
2.3227848101265822,3.1962025316455698,39.43767383985575,0.8000119764810834
2.3607594936708862,3.1962025316455698,39.430147481668506,0.799997412670885
2.39873417721519,3.1962025316455698,39.42229319965102,0.80001176131324
2.4367088607594938,3.1962025316455698,39.42085409954194,0.800059717717634
2.4746835443037973,3.1962025316455698,39.41843029989856,0.8000673615983975
2.5126582278481013,3.1962025316455698,39.40503698124987,0.799999383280347
2.5506329113924053,3.1962025316455698,39.39896961744397,0.8000003699570791
2.588607594936709,3.1962025316455698,39.395597788235264,0.7999996644463241
2.626582278481013,3.1962025316455698,39.39340612616959,0.8000600569376247
2.6645569620253164,3.1962025316455698,39.39313831172956,0.8000120712328637
2.7025316455696204,3.1962025316455698,39.390119217045076,0.799999542251252
2.740506329113924,3.1962025316455698,39.39358054947831,0.8000592988226113
2.778481012658228,3.1962025316455698,39.39076174031673,0.8000121367017543
2.8164556962025316,3.1962025316455698,39.39229213792766,0.8000603013347083
2.8544303797468356,3.1962025316455698,39.393173750838095,0.8000122346892348
2.892405063291139,3.1962025316455698,39.393173750838095,0.8000122346892348
2.930379746835443,3.1962025316455698,39.393173750838095,0.8000122346892348
3.0063291139240507,3.1962025316455698,39.39452632107093,0.8000635544227055
2.968354430379747,3.1962025316455698,39.393173750838095,0.8000122346892348
3.0443037974683547,3.1962025316455698,39.39452632107093,0.8000635544227055
3.0822784810126582,3.1962025316455698,39.39452632107093,0.8000635544227055
3.1202531645569622,3.1962025316455698,39.39452632107093,0.8000635544227055
3.1582278481012658,3.1962025316455698,39.39452632107093,0.8000635544227055
3.1962025316455698,3.1962025316455698,39.39452632107093,0.8000635544227055
3.2341772151898733,3.1962025316455698,39.39452632107093,0.8000635544227055
3.2721518987341773,3.1962025316455698,39.39452632107093,0.8000635544227055
3.310126582278481,3.1962025316455698,39.39452632107093,0.8000635544227055
3.348101265822785,3.1962025316455698,39.39452632107093,0.8000635544227055
3.386075949367089,3.1962025316455698,39.39452632107093,0.8000635544227055
3.4240506329113924,3.1962025316455698,39.39452632107093,0.8000635544227055
3.5,3.1962025316455698,39.39452632107093,0.8000635544227055
3.4620253164556964,3.1962025316455698,39.39452632107093,0.8000635544227055
0.5,3.2341772151898733,30.543550886562993,0.2105001864148262
0.5379746835443038,3.2341772151898733,30.529989661672538,0.21051921324419343
0.5759493670886076,3.2341772151898733,30.50973793537724,0.21061334938839943
0.6139240506329113,3.2341772151898733,30.477906470815043,0.21059733229311842
0.6518987341772152,3.2341772151898733,30.458093629915457,0.21049029736171726
0.689873417721519,3.2341772151898733,30.438040631621075,0.2105492157910498
0.7278481012658228,3.2341772151898733,30.418006288413096,0.2103832458965019
0.7658227848101267,3.2341772151898733,30.40759342593288,0.21057260411944284
0.8037974683544304,3.2341772151898733,30.353444788224053,0.21044802321933134
0.8417721518987342,3.2341772151898733,30.183129357546733,0.21052346601601793
0.879746835443038,3.2341772151898733,30.068385586756314,0.21052072296523222
0.9177215189873418,3.2341772151898733,30.05335940047343,0.21064235373160323
0.9556962025316456,3.2341772151898733,30.035466972654326,0.21050188438524794
0.9936708860759493,3.2341772151898733,30.024816866198986,0.21042158620949675
1.0316455696202533,3.2341772151898733,30.04207233429113,0.21176253169076034
1.0696202531645569,3.2341772151898733,30.11070728150398,0.21530835647326826
1.1075949367088609,3.2341772151898733,30.37916755159124,0.2291446617851815
1.1455696202531644,3.2341772151898733,31.28230330626556,0.2744121838882134
1.1835443037974684,3.2341772151898733,32.06222844923406,0.3138457119713323
1.2215189873417722,3.2341772151898733,32.82745272524821,0.35235305502925096
1.259493670886076,3.2341772151898733,33.91910760585535,0.4078480364307713
1.2974683544303798,3.2341772151898733,35.325049224111595,0.4762085357037576
1.3354430379746836,3.2341772151898733,36.50077644781222,0.5309824238817059
1.3734177215189873,3.2341772151898733,37.78768030543731,0.5927715380039049
1.4113924050632911,3.2341772151898733,38.685898570922284,0.6336596214018493
1.449367088607595,3.2341772151898733,39.707217133311865,0.6803187338494264
1.5253164556962027,3.2341772151898733,41.68421158995563,0.777378314691489
1.4873417721518987,3.2341772151898733,40.77088504159671,0.7300576522936381
1.5632911392405064,3.2341772151898733,41.718348872704,0.7999509978711886
1.6012658227848102,3.2341772151898733,41.516911817766776,0.8002468236667509
1.639240506329114,3.2341772151898733,41.35323851226514,0.7999975140158252
1.7151898734177216,3.2341772151898733,41.00673002040977,0.7999579578582919
1.6772151898734178,3.2341772151898733,41.16492684065896,0.8000107389628841
1.7531645569620253,3.2341772151898733,40.86375215773772,0.7999669568728716
1.7911392405063291,3.2341772151898733,40.690652690125944,0.8000056191526347
1.8291139240506329,3.2341772151898733,40.50567503229546,0.800027856755596
1.8670886075949367,3.2341772151898733,40.416854452992666,0.7999991360378338
1.9050632911392404,3.2341772151898733,40.27888911838663,0.8000048310420277
1.9430379746835444,3.2341772151898733,39.94988647259609,0.8000611939790422
1.9810126582278482,3.2341772151898733,39.82322445479564,0.800064230025983
2.018987341772152,3.2341772151898733,39.76950361310284,0.8000629654753434
2.0949367088607596,3.2341772151898733,39.59086788714285,0.8000631487003871
2.056962025316456,3.2341772151898733,39.660037314777696,0.8000646421975618
2.132911392405063,3.2341772151898733,39.573537762477834,0.8000533417748251
2.170886075949367,3.2341772151898733,39.535711793956494,0.8000703346967931
2.208860759493671,3.2341772151898733,39.51707264386688,0.800071430396339
2.2468354430379747,3.2341772151898733,39.478945536223605,0.7999985581859307
2.2848101265822782,3.2341772151898733,39.461113537207936,0.8000669571467101
2.3227848101265822,3.2341772151898733,39.44049401271567,0.7999978396620696
2.3607594936708862,3.2341772151898733,39.43122451068986,0.8000629966424341
2.39873417721519,3.2341772151898733,39.42777570197512,0.8000655069800935
2.4367088607594938,3.2341772151898733,39.42432642502378,0.7999982007215894
2.4746835443037973,3.2341772151898733,39.42118454022243,0.800062739739679
2.5506329113924053,3.2341772151898733,39.404970279199944,0.8000580632603965
2.5126582278481013,3.2341772151898733,39.40980546325626,0.8000230812222027
2.626582278481013,3.2341772151898733,39.39576843754416,0.8000618573967879
2.588607594936709,3.2341772151898733,39.39755973072529,0.8000674774820887
2.6645569620253164,3.2341772151898733,39.39461428231857,0.7999996428412183
2.7025316455696204,3.2341772151898733,39.393518004562935,0.8000258545409548
2.740506329113924,3.2341772151898733,39.39221623423297,0.7999983838470793
2.778481012658228,3.2341772151898733,39.39207784674736,0.7999996622558245
2.8164556962025316,3.2341772151898733,39.39524501374278,0.8000260818175857
2.8544303797468356,3.2341772151898733,39.396577575097204,0.7999998367829182
2.892405063291139,3.2341772151898733,39.396577575097204,0.7999998367829182
2.930379746835443,3.2341772151898733,39.396577575097204,0.7999998367829182
2.968354430379747,3.2341772151898733,39.396577575097204,0.7999998367829182
3.0063291139240507,3.2341772151898733,39.395184870777854,0.7999984006408796
3.0443037974683547,3.2341772151898733,39.395184870777854,0.7999984006408796
3.0822784810126582,3.2341772151898733,39.395184870777854,0.7999984006408796
3.1202531645569622,3.2341772151898733,39.395184870777854,0.7999984006408796
3.1582278481012658,3.2341772151898733,39.395184870777854,0.7999984006408796
3.1962025316455698,3.2341772151898733,39.395184870777854,0.7999984006408796
3.2341772151898733,3.2341772151898733,39.395184870777854,0.7999984006408796
3.2721518987341773,3.2341772151898733,39.395184870777854,0.7999984006408796
3.348101265822785,3.2341772151898733,39.395184870777854,0.7999984006408796
3.310126582278481,3.2341772151898733,39.395184870777854,0.7999984006408796
3.386075949367089,3.2341772151898733,39.395184870777854,0.7999984006408796
3.4240506329113924,3.2341772151898733,39.395184870777854,0.7999984006408796
3.4620253164556964,3.2341772151898733,39.395184870777854,0.7999984006408796
3.5,3.2341772151898733,39.395184870777854,0.7999984006408796
0.5379746835443038,3.2721518987341773,30.5245341174325,0.2106283112870911
0.5,3.2721518987341773,30.535421744542298,0.21044547733371208
0.5759493670886076,3.2721518987341773,30.498269264798548,0.21052339569969286
0.6139240506329113,3.2721518987341773,30.469705401136316,0.21054767725008847
0.6518987341772152,3.2721518987341773,30.450781809037913,0.21048266294422502
0.689873417721519,3.2721518987341773,30.430358957957978,0.2104776956793464
0.7278481012658228,3.2721518987341773,30.41422322047926,0.21054465066290096
0.7658227848101267,3.2721518987341773,30.395307639909593,0.2103954515720555
0.8037974683544304,3.2721518987341773,30.340043700474904,0.21056803547415662
0.879746835443038,3.2721518987341773,30.06744621226871,0.21058484577539155
0.8417721518987342,3.2721518987341773,30.153454095087717,0.2106342318861104
0.9177215189873418,3.2721518987341773,30.052372377560467,0.2104629124596279
0.9556962025316456,3.2721518987341773,30.032073715310094,0.2104152407131854
0.9936708860759493,3.2721518987341773,30.042346219075323,0.21143874525606543
1.0316455696202533,3.2721518987341773,30.099659937047996,0.2145519569971341
1.0696202531645569,3.2721518987341773,30.23809070290944,0.22180577846555422
1.1075949367088609,3.2721518987341773,31.049446088508653,0.2625144368215323
1.1455696202531644,3.2721518987341773,31.81381056590493,0.30102402985999693
1.1835443037974684,3.2721518987341773,32.57433413626527,0.3392726146546039
1.2215189873417722,3.2721518987341773,33.43093782666416,0.3817981350933634
1.259493670886076,3.2721518987341773,35.14607797422625,0.4647872278480616
1.2974683544303798,3.2721518987341773,36.38369124477914,0.5229350371198642
1.3354430379746836,3.2721518987341773,37.61187693231662,0.5799663254163208
1.3734177215189873,3.2721518987341773,38.6654310841094,0.6299484427679976
1.4113924050632911,3.2721518987341773,39.57485723980468,0.6710719153841783
1.449367088607595,3.2721518987341773,40.542365592780314,0.715432006767613
1.4873417721518987,3.2721518987341773,41.334409995174475,0.7530156480418825
1.5253164556962027,3.2721518987341773,42.242326589825375,0.7999470018457098
1.5632911392405064,3.2721518987341773,41.74150123815049,0.8000272430761114
1.6012658227848102,3.2721518987341773,41.53938944560641,0.7999617107941598
1.639240506329114,3.2721518987341773,41.372996108386886,0.799995938252459
1.7151898734177216,3.2721518987341773,41.05209436938993,0.8000065448772212
1.6772151898734178,3.2721518987341773,41.200602482003006,0.8000244101392857
1.7531645569620253,3.2721518987341773,40.891203123158995,0.7999888641777887
1.7911392405063291,3.2721518987341773,40.716971878335976,0.8000216401569613
1.8291139240506329,3.2721518987341773,40.53573492777438,0.8000415471467313
1.8670886075949367,3.2721518987341773,40.44836604739188,0.8000182550865917
1.9050632911392404,3.2721518987341773,40.30304785279158,0.800060318671467
1.9430379746835444,3.2721518987341773,39.970925455765844,0.80001269178819
1.9810126582278482,3.2721518987341773,39.83733464584122,0.8000603541726125
2.018987341772152,3.2721518987341773,39.76782351963172,0.7999961706470342
2.056962025316456,3.2721518987341773,39.65060246907677,0.8000332649007983
2.0949367088607596,3.2721518987341773,39.60000755669777,0.8000532664979895
2.132911392405063,3.2721518987341773,39.581833981371474,0.8000744799948177
2.170886075949367,3.2721518987341773,39.54393594033294,0.8000705920256074
2.208860759493671,3.2721518987341773,39.5208335838674,0.8000663375176199
2.2468354430379747,3.2721518987341773,39.48455798924582,0.7999977521757121
2.2848101265822782,3.2721518987341773,39.46360982727804,0.7999986074895721
2.3227848101265822,3.2721518987341773,39.44712382381227,0.8000670206012045
2.39873417721519,3.2721518987341773,39.432133447772856,0.8000692056879253
2.3607594936708862,3.2721518987341773,39.433210124569584,0.8000244452063484
2.4367088607594938,3.2721518987341773,39.42374700841598,0.8000245363023136
2.4746835443037973,3.2721518987341773,39.423913200151276,0.8000290084486493
2.5126582278481013,3.2721518987341773,39.41188951285523,0.8000634004716087
2.5506329113924053,3.2721518987341773,39.40521727940451,0.8000598225996941
2.588607594936709,3.2721518987341773,39.40196191011856,0.8000637635219304
2.626582278481013,3.2721518987341773,39.39660134921512,0.8000250779335802
2.7025316455696204,3.2721518987341773,39.39717522393642,0.800024110596135
2.6645569620253164,3.2721518987341773,39.39521010775701,0.8000246668170551
2.740506329113924,3.2721518987341773,39.3976633441379,0.8000249891380504
2.778481012658228,3.2721518987341773,39.3970448961637,0.8000241716181178
2.8164556962025316,3.2721518987341773,39.3983333216177,0.8000237424715371
2.8544303797468356,3.2721518987341773,39.39804476006278,0.800024173690342
2.892405063291139,3.2721518987341773,39.39804476006278,0.800024173690342
2.930379746835443,3.2721518987341773,39.39804476006278,0.800024173690342
2.968354430379747,3.2721518987341773,39.39804476006278,0.800024173690342
3.0063291139240507,3.2721518987341773,39.397674997069714,0.8000245459093339
3.0443037974683547,3.2721518987341773,39.397674997069714,0.8000245459093339
3.0822784810126582,3.2721518987341773,39.397674997069714,0.8000245459093339
3.1202531645569622,3.2721518987341773,39.397674997069714,0.8000245459093339
3.1582278481012658,3.2721518987341773,39.397674997069714,0.8000245459093339
3.1962025316455698,3.2721518987341773,39.397674997069714,0.8000245459093339
3.2341772151898733,3.2721518987341773,39.397674997069714,0.8000245459093339
3.2721518987341773,3.2721518987341773,39.397674997069714,0.8000245459093339
3.310126582278481,3.2721518987341773,39.397674997069714,0.8000245459093339
3.348101265822785,3.2721518987341773,39.397674997069714,0.8000245459093339
3.386075949367089,3.2721518987341773,39.397674997069714,0.8000245459093339
3.4240506329113924,3.2721518987341773,39.397674997069714,0.8000245459093339
3.4620253164556964,3.2721518987341773,39.397674997069714,0.8000245459093339
3.5,3.2721518987341773,39.397674997069714,0.8000245459093339
0.5,3.310126582278481,30.5393372432022,0.21063926536865582
0.5379746835443038,3.310126582278481,30.51603541462584,0.21041368224989046
0.5759493670886076,3.310126582278481,30.498797801829863,0.21059294956144725
0.6139240506329113,3.310126582278481,30.472100625612747,0.2105744642535195
0.6518987341772152,3.310126582278481,30.452116767418815,0.21054929831636668
0.689873417721519,3.310126582278481,30.428579883966485,0.21047660100776064
0.7278481012658228,3.310126582278481,30.413705119919804,0.21060804684914503
0.7658227848101267,3.310126582278481,30.39034530517197,0.21066137668598778
0.8037974683544304,3.310126582278481,30.30590946574254,0.2104662570028119
0.8417721518987342,3.310126582278481,30.13413093662845,0.2105711163919705
0.879746835443038,3.310126582278481,30.070167595242193,0.21062311462452435
0.9177215189873418,3.310126582278481,30.052655626252232,0.2103820984349737
0.9556962025316456,3.310126582278481,30.046358124049373,0.21110726243190855
0.9936708860759493,3.310126582278481,30.101251882575106,0.2143819091500085
1.0316455696202533,3.310126582278481,30.158243536655934,0.21759577348435313
1.0696202531645569,3.310126582278481,30.787770216876506,0.24914444262692417
1.1075949367088609,3.310126582278481,31.515748273310834,0.28573228302359505
1.1455696202531644,3.310126582278481,32.31277079434077,0.32584673214623777
1.1835443037974684,3.310126582278481,33.08244914148536,0.36428017498214454
1.2215189873417722,3.310126582278481,34.67184774263935,0.44085658508404324
1.259493670886076,3.310126582278481,36.102946297932355,0.5086956753939551
1.2974683544303798,3.310126582278481,37.29037479066979,0.5640808821610034
1.3354430379746836,3.310126582278481,38.52908707125318,0.6212950850664413
1.3734177215189873,3.310126582278481,39.35519780409263,0.660185443861403
1.4113924050632911,3.310126582278481,40.29255523995961,0.7026496351635942
1.449367088607595,3.310126582278481,41.088951668401556,0.739675885932776
1.4873417721518987,3.310126582278481,41.85013516110276,0.7757986661159884
1.5253164556962027,3.310126582278481,42.24906062647677,0.7999373996002828
1.5632911392405064,3.310126582278481,41.7351517534543,0.8000259129267394
1.6012658227848102,3.310126582278481,41.552001261602165,0.8002442409309496
1.639240506329114,3.310126582278481,41.378369717276854,0.7999696550306631
1.6772151898734178,3.310126582278481,41.20987774686755,0.800029087004515
1.7151898734177216,3.310126582278481,41.0611648633602,0.800022434587875
1.7531645569620253,3.310126582278481,40.905602260259975,0.8002725132699525
1.7911392405063291,3.310126582278481,40.72225621111598,0.8000268583436657
1.8291139240506329,3.310126582278481,40.548069258958115,0.8000586483010353
1.8670886075949367,3.310126582278481,40.45788406217473,0.8000217302671866
1.9050632911392404,3.310126582278481,40.3124435924016,0.8000306394272723
1.9810126582278482,3.310126582278481,39.86028922074167,0.8000223389851556
1.9430379746835444,3.310126582278481,39.95704640761512,0.8000652292972663
2.018987341772152,3.310126582278481,39.76707048806704,0.8000595869917635
2.056962025316456,3.310126582278481,39.6549251053484,0.8000638657068508
2.0949367088607596,3.310126582278481,39.603217964354954,0.8000401909485869
2.132911392405063,3.310126582278481,39.59196729974387,0.8000328261500524
2.170886075949367,3.310126582278481,39.55643633359476,0.800063096476171
2.208860759493671,3.310126582278481,39.520334296536014,0.8000040723186306
2.2468354430379747,3.310126582278481,39.483300905407184,0.7999997622345568
2.2848101265822782,3.310126582278481,39.468140988576955,0.8000270639074758
2.3227848101265822,3.310126582278481,39.44405430817571,0.8000032236121327
2.3607594936708862,3.310126582278481,39.43348626563536,0.8000244681138327
2.39873417721519,3.310126582278481,39.42960363545418,0.8000234708645059
2.4367088607594938,3.310126582278481,39.42840374218502,0.80005952996196
2.4746835443037973,3.310126582278481,39.42281833122679,0.8000288836906184
2.5126582278481013,3.310126582278481,39.412984535391196,0.8000263719084193
2.5506329113924053,3.310126582278481,39.405452154473075,0.8000715160961269
2.588607594936709,3.310126582278481,39.40241902878714,0.8000729895991919
2.626582278481013,3.310126582278481,39.399319299508626,0.8000245964544552
2.6645569620253164,3.310126582278481,39.39824692063377,0.8000241956891523
2.7025316455696204,3.310126582278481,39.39524358383251,0.8000243448484191
2.740506329113924,3.310126582278481,39.396744671864425,0.800024658779728
2.778481012658228,3.310126582278481,39.39503708822896,0.8000242509945963
2.8544303797468356,3.310126582278481,39.39773834546112,0.8000241947595971
2.8164556962025316,3.310126582278481,39.39773598969557,0.8000241487391913
2.892405063291139,3.310126582278481,39.39773834546112,0.8000241947595971
2.930379746835443,3.310126582278481,39.39773834546112,0.8000241947595971
2.968354430379747,3.310126582278481,39.39773834546112,0.8000241947595971
3.0063291139240507,3.310126582278481,39.39868761057965,0.8000242338282408
3.0443037974683547,3.310126582278481,39.39868761057965,0.8000242338282408
3.0822784810126582,3.310126582278481,39.39868761057965,0.8000242338282408
3.1202531645569622,3.310126582278481,39.39868761057965,0.8000242338282408
3.1582278481012658,3.310126582278481,39.39868761057965,0.8000242338282408
3.1962025316455698,3.310126582278481,39.39868761057965,0.8000242338282408
3.2341772151898733,3.310126582278481,39.39868761057965,0.8000242338282408
3.2721518987341773,3.310126582278481,39.39868761057965,0.8000242338282408
3.310126582278481,3.310126582278481,39.39868761057965,0.8000242338282408
3.348101265822785,3.310126582278481,39.39868761057965,0.8000242338282408
3.386075949367089,3.310126582278481,39.39868761057965,0.8000242338282408
3.4240506329113924,3.310126582278481,39.39868761057965,0.8000242338282408
3.5,3.310126582278481,39.39868761057965,0.8000242338282408
3.4620253164556964,3.310126582278481,39.39868761057965,0.8000242338282408
0.5379746835443038,3.348101265822785,30.52461804922262,0.21057062194710693
0.5,3.348101265822785,30.53886148892436,0.2105416233007812
0.5759493670886076,3.348101265822785,30.502114267434205,0.21056257932840777
0.6139240506329113,3.348101265822785,30.477115978256716,0.2105160856912648
0.6518987341772152,3.348101265822785,30.453927822723575,0.21036938563167232
0.689873417721519,3.348101265822785,30.436307568333042,0.2105618645550427
0.7278481012658228,3.348101265822785,30.40967132029266,0.21050652021666402
0.7658227848101267,3.348101265822785,30.362998634177817,0.21051274501503156
0.8037974683544304,3.348101265822785,30.29604479197622,0.21050492995776415
0.8417721518987342,3.348101265822785,30.115418514113994,0.21048408277140063
0.879746835443038,3.348101265822785,30.070680126568192,0.21039205588490267
0.9177215189873418,3.348101265822785,30.047064138013177,0.21048401886726836
0.9556962025316456,3.348101265822785,30.098319196959377,0.21395105520406424
1.0316455696202533,3.348101265822785,30.55501911927065,0.23727157257304657
0.9936708860759493,3.348101265822785,30.16264081346468,0.2174568183806937
1.0696202531645569,3.348101265822785,31.366199672009156,0.2779242661467165
1.1075949367088609,3.348101265822785,32.07181360532033,0.313297809111016
1.1455696202531644,3.348101265822785,32.79411621729678,0.3494498304061756
1.1835443037974684,3.348101265822785,34.17236628162512,0.4162463197512901
1.2215189873417722,3.348101265822785,35.81710095353339,0.4941753759117227
1.259493670886076,3.348101265822785,36.99661117481707,0.5495420961186968
1.2974683544303798,3.348101265822785,38.126958959520046,0.6017462593498769
1.3354430379746836,3.348101265822785,39.19966553258294,0.6512799608535311
1.3734177215189873,3.348101265822785,40.148994908448806,0.6950758728124393
1.4113924050632911,3.348101265822785,40.8512323698259,0.7273161420980742
1.449367088607595,3.348101265822785,41.43267353337644,0.7546230208965543
1.4873417721518987,3.348101265822785,42.3508461240352,0.797863959385983
1.5253164556962027,3.348101265822785,42.26410944353531,0.8000166620968904
1.5632911392405064,3.348101265822785,41.72450349712715,0.8000317071438647
1.6012658227848102,3.348101265822785,41.56620952286048,0.8000554041902271
1.639240506329114,3.348101265822785,41.38747593208636,0.7999792288510057
1.6772151898734178,3.348101265822785,41.22219657797314,0.799977445321176
1.7531645569620253,3.348101265822785,40.90578253366141,0.7999577519556598
1.7151898734177216,3.348101265822785,41.07250805605046,0.8000303742490632
1.8291139240506329,3.348101265822785,40.5634191058015,0.8000612523866505
1.7911392405063291,3.348101265822785,40.733293478351946,0.8000345523878484
1.9050632911392404,3.348101265822785,40.3169659053002,0.8000729313448325
1.8670886075949367,3.348101265822785,40.47425212905008,0.8000246816975204
1.9430379746835444,3.348101265822785,39.957842818252,0.8000549424526853
1.9810126582278482,3.348101265822785,39.86855158790737,0.8000704302115443
2.018987341772152,3.348101265822785,39.75890741971746,0.8000594263590738
2.056962025316456,3.348101265822785,39.66351166499345,0.8000669868210961
2.0949367088607596,3.348101265822785,39.61106555627255,0.8000555918262123
2.132911392405063,3.348101265822785,39.604160769720025,0.8000563612745748
2.170886075949367,3.348101265822785,39.5590209423761,0.8000636517583536
2.208860759493671,3.348101265822785,39.521944521300945,0.799997866932899
2.2468354430379747,3.348101265822785,39.487584279827495,0.8000036249248973
2.2848101265822782,3.348101265822785,39.46707756641033,0.8000244634231258
2.3227848101265822,3.348101265822785,39.444380528358145,0.8000036019949275
2.3607594936708862,3.348101265822785,39.4413731027867,0.8000564431314695
2.39873417721519,3.348101265822785,39.433375777577176,0.8000595512659318
2.4367088607594938,3.348101265822785,39.42905301122045,0.8000008546305066
2.4746835443037973,3.348101265822785,39.424410034837294,0.8000011523101831
2.5126582278481013,3.348101265822785,39.413445168673654,0.8000241494664171
2.5506329113924053,3.348101265822785,39.40786547742533,0.8000633373754416
2.588607594936709,3.348101265822785,39.40306892145699,0.8000634700740704
2.626582278481013,3.348101265822785,39.40193279597686,0.8000242126291977
2.6645569620253164,3.348101265822785,39.39884973343868,0.8000243728442796
2.7025316455696204,3.348101265822785,39.39962219053023,0.8000249042804723
2.740506329113924,3.348101265822785,39.40102269290206,0.8000242859346133
2.778481012658228,3.348101265822785,39.39757137340857,0.8000253271080471
2.8164556962025316,3.348101265822785,39.40129255991992,0.8000242679892785
2.8544303797468356,3.348101265822785,39.401794914578225,0.8000246577300101
2.892405063291139,3.348101265822785,39.401794914578225,0.8000246577300101
2.930379746835443,3.348101265822785,39.401794914578225,0.8000246577300101
2.968354430379747,3.348101265822785,39.401794914578225,0.8000246577300101
3.0063291139240507,3.348101265822785,39.40178834622987,0.8000241842344668
3.0443037974683547,3.348101265822785,39.40178834622987,0.8000241842344668
3.0822784810126582,3.348101265822785,39.40178834622987,0.8000241842344668
3.1202531645569622,3.348101265822785,39.40178834622987,0.8000241842344668
3.1582278481012658,3.348101265822785,39.40178834622987,0.8000241842344668
3.1962025316455698,3.348101265822785,39.40178834622987,0.8000241842344668
3.2341772151898733,3.348101265822785,39.40178834622987,0.8000241842344668
3.2721518987341773,3.348101265822785,39.40178834622987,0.8000241842344668
3.310126582278481,3.348101265822785,39.40178834622987,0.8000241842344668
3.348101265822785,3.348101265822785,39.40178834622987,0.8000241842344668
3.386075949367089,3.348101265822785,39.40178834622987,0.8000241842344668
3.4240506329113924,3.348101265822785,39.40178834622987,0.8000241842344668
3.4620253164556964,3.348101265822785,39.40178834622987,0.8000241842344668
3.5,3.348101265822785,39.40178834622987,0.8000241842344668
0.5379746835443038,3.386075949367089,30.51064895244326,0.21052280227030162
0.5,3.386075949367089,30.526657513180243,0.2104269251833003
0.5759493670886076,3.386075949367089,30.487908815492947,0.21035481465852746
0.6139240506329113,3.386075949367089,30.461102949238324,0.21038926785198347
0.6518987341772152,3.386075949367089,30.444154878938523,0.2104375481561868
0.689873417721519,3.386075949367089,30.41677400561541,0.21054474808546758
0.7278481012658228,3.386075949367089,30.37506737700101,0.21049916250043338
0.7658227848101267,3.386075949367089,30.32873358025549,0.2104796645801768
0.8037974683544304,3.386075949367089,30.259991831443575,0.21059492418959352
0.8417721518987342,3.386075949367089,30.090966267729392,0.21040229807853095
0.879746835443038,3.386075949367089,30.053129248302874,0.21044435089617336
0.9177215189873418,3.386075949367089,30.09807233387671,0.21361636406621323
0.9556962025316456,3.386075949367089,30.169064828023174,0.21755037428509302
0.9936708860759493,3.386075949367089,30.437019491768833,0.23126792292175705
1.0316455696202533,3.386075949367089,31.22950403050969,0.2707756879641147
1.0696202531645569,3.386075949367089,31.843423967137074,0.30138329516567
1.1075949367088609,3.386075949367089,32.60250892996241,0.3390044625244197
1.1455696202531644,3.386075949367089,33.70726890308083,0.39252425190086065
1.1835443037974684,3.386075949367089,35.52083194990058,0.4787881358624103
1.2215189873417722,3.386075949367089,36.695645765441135,0.5339614228884122
1.259493670886076,3.386075949367089,38.001758801570645,0.5946028648113335
1.2974683544303798,3.386075949367089,38.87138790790025,0.6346209265293747
1.3354430379746836,3.386075949367089,39.86671267025375,0.680507626798031
1.3734177215189873,3.386075949367089,40.63435738195528,0.7159534823367514
1.449367088607595,3.386075949367089,41.99970985912254,0.7793926964715648
1.4113924050632911,3.386075949367089,41.25586094089058,0.7445768185481396
1.4873417721518987,3.386075949367089,42.41149424345066,0.8002725065334394
1.5253164556962027,3.386075949367089,42.27236631050214,0.8000118607056632
1.5632911392405064,3.386075949367089,41.74018956616164,0.8002739259401821
1.6012658227848102,3.386075949367089,41.591125796369404,0.8002475779886463
1.639240506329114,3.386075949367089,41.41161004191403,0.8000566147314773
1.6772151898734178,3.386075949367089,41.23660629311105,0.8000021288688132
1.7151898734177216,3.386075949367089,41.089495858168206,0.7999747413799523
1.7531645569620253,3.386075949367089,40.92239980096724,0.7999710484861989
1.7911392405063291,3.386075949367089,40.74381935311506,0.8000300515302822
1.8291139240506329,3.386075949367089,40.58217541589649,0.8000562625346481
1.8670886075949367,3.386075949367089,40.49776956479549,0.8000626923048594
1.9050632911392404,3.386075949367089,40.33544911117101,0.8000814284926341
1.9430379746835444,3.386075949367089,39.9801364483311,0.8000661688487477
1.9810126582278482,3.386075949367089,39.86823395962256,0.8000659356661363
2.018987341772152,3.386075949367089,39.76428810197918,0.800065381891039
2.056962025316456,3.386075949367089,39.675069871263425,0.8000625866329928
2.0949367088607596,3.386075949367089,39.62076999630817,0.8000469468763423
2.132911392405063,3.386075949367089,39.61302459278045,0.8000529489505455
2.208860759493671,3.386075949367089,39.525503493856334,0.8000042827770778
2.170886075949367,3.386075949367089,39.56318608544887,0.8000633253574408
2.2468354430379747,3.386075949367089,39.49472844616693,0.8000701875863421
2.2848101265822782,3.386075949367089,39.47204547626657,0.8000043856875202
2.3227848101265822,3.386075949367089,39.44895967846042,0.8000251936369697
2.3607594936708862,3.386075949367089,39.44246678224373,0.8000066016499263
2.39873417721519,3.386075949367089,39.43556967956801,0.8000041060079103
2.4367088607594938,3.386075949367089,39.43474064886657,0.8000020478320318
2.4746835443037973,3.386075949367089,39.43178344567616,0.8000062075998189
2.5126582278481013,3.386075949367089,39.415118409195145,0.8000007679801655
2.5506329113924053,3.386075949367089,39.410383750820955,0.8000245638618415
2.588607594936709,3.386075949367089,39.40682560277096,0.8000083147544135
2.626582278481013,3.386075949367089,39.4034836198129,0.8000250800058654
2.6645569620253164,3.386075949367089,39.40063611163572,0.8000057380937267
2.7025316455696204,3.386075949367089,39.40204598269327,0.8000245538810772
2.740506329113924,3.386075949367089,39.40121802187762,0.8000053302385179
2.778481012658228,3.386075949367089,39.400781603014444,0.8000209175563688
2.8164556962025316,3.386075949367089,39.40423817504275,0.8000248981370953
2.8544303797468356,3.386075949367089,39.40286241920723,0.8000056105954426
2.892405063291139,3.386075949367089,39.40286241920723,0.8000056105954426
2.930379746835443,3.386075949367089,39.40286241920723,0.8000056105954426
3.0063291139240507,3.386075949367089,39.40262460333166,0.8000052907882346
2.968354430379747,3.386075949367089,39.40286241920723,0.8000056105954426
3.0822784810126582,3.386075949367089,39.40262460333166,0.8000052907882346
3.1202531645569622,3.386075949367089,39.40262460333166,0.8000052907882346
3.0443037974683547,3.386075949367089,39.40262460333166,0.8000052907882346
3.1582278481012658,3.386075949367089,39.40262460333166,0.8000052907882346
3.1962025316455698,3.386075949367089,39.40262460333166,0.8000052907882346
3.2341772151898733,3.386075949367089,39.40262460333166,0.8000052907882346
3.2721518987341773,3.386075949367089,39.40262460333166,0.8000052907882346
3.310126582278481,3.386075949367089,39.40262460333166,0.8000052907882346
3.386075949367089,3.386075949367089,39.40262460333166,0.8000052907882346
3.348101265822785,3.386075949367089,39.40262460333166,0.8000052907882346
3.4240506329113924,3.386075949367089,39.40262460333166,0.8000052907882346
3.4620253164556964,3.386075949367089,39.40262460333166,0.8000052907882346
3.5,3.386075949367089,39.40262460333166,0.8000052907882346
0.5,3.4240506329113924,30.512914359050995,0.21050446315100238
0.5379746835443038,3.4240506329113924,30.50025942730226,0.2106401040752736
0.5759493670886076,3.4240506329113924,30.479163377330202,0.21066097247192106
0.6139240506329113,3.4240506329113924,30.449559952073066,0.21042420958139504
0.6518987341772152,3.4240506329113924,30.426066825281374,0.21065985824709257
0.689873417721519,3.4240506329113924,30.38876544050066,0.21057225973330865
0.7278481012658228,3.4240506329113924,30.342946698219293,0.21047580199915755
0.7658227848101267,3.4240506329113924,30.297442439834004,0.21064166694122313
0.8037974683544304,3.4240506329113924,30.211253092281993,0.21038864889697867
0.8417721518987342,3.4240506329113924,30.067240330042655,0.2104374018230616
0.879746835443038,3.4240506329113924,30.08964597797662,0.21292472985728508
0.9177215189873418,3.4240506329113924,30.13621665988651,0.2157308466897096
0.9936708860759493,3.4240506329113924,31.053213605484473,0.26146677873187035
0.9556962025316456,3.4240506329113924,30.350593629846507,0.22676423711506946
1.0316455696202533,3.4240506329113924,31.68339127989319,0.2924882314862934
1.0696202531645569,3.4240506329113924,32.426754583110714,0.32884198686435534
1.1075949367088609,3.4240506329113924,33.34772786345368,0.37345600601514123
1.1455696202531644,3.4240506329113924,35.1389647989523,0.4589890241118352
1.2215189873417722,3.4240506329113924,37.713395963076685,0.5796017661868617
1.259493670886076,3.4240506329113924,38.78707118466317,0.6290836923667293
1.1835443037974684,3.4240506329113924,36.504182000773156,0.5233206730672546
1.2974683544303798,3.4240506329113924,39.663061654384336,0.6693969847817293
1.3354430379746836,3.4240506329113924,40.47529381634395,0.7069019183090111
1.3734177215189873,3.4240506329113924,41.14786892067873,0.7378961595956512
1.4113924050632911,3.4240506329113924,41.67334063029602,0.7621853460830287
1.449367088607595,3.4240506329113924,42.48790705615532,0.8002696117575144
1.4873417721518987,3.4240506329113924,42.437231935502766,0.800018591103522
1.5253164556962027,3.4240506329113924,42.29145851161721,0.800030838604783
1.5632911392405064,3.4240506329113924,41.742120337721595,0.8002713629190615
1.6012658227848102,3.4240506329113924,41.60021596651649,0.7999647945878847
1.639240506329114,3.4240506329113924,41.436865564494155,0.800020687545939
1.6772151898734178,3.4240506329113924,41.260980137085895,0.7999596741537756
1.7151898734177216,3.4240506329113924,41.1025361371974,0.7999589362883921
1.7531645569620253,3.4240506329113924,40.94236670828595,0.8002732092134661
1.7911392405063291,3.4240506329113924,40.75695205654739,0.8000528518746125
1.8291139240506329,3.4240506329113924,40.598343186754825,0.800066333747554
1.8670886075949367,3.4240506329113924,40.50688869796473,0.8000416122670507
1.9050632911392404,3.4240506329113924,40.34103962959844,0.8000367119247184
1.9430379746835444,3.4240506329113924,39.99999086527883,0.7999997263003003
1.9810126582278482,3.4240506329113924,39.86685719756533,0.800021849056376
2.018987341772152,3.4240506329113924,39.773475178758346,0.8000632534952988
2.056962025316456,3.4240506329113924,39.678435176304326,0.8000679414562473
2.0949367088607596,3.4240506329113924,39.630253347367486,0.8000460508091259
2.132911392405063,3.4240506329113924,39.61971498736714,0.800057256591117
2.170886075949367,3.4240506329113924,39.56511934474114,0.8000738489897177
2.208860759493671,3.4240506329113924,39.52696093700143,0.8000138712202862
2.2468354430379747,3.4240506329113924,39.4938010761589,0.8000168698715618
2.2848101265822782,3.4240506329113924,39.4742810537652,0.8000244865668228
2.3227848101265822,3.4240506329113924,39.45455013972239,0.8000266526497997
2.39873417721519,3.4240506329113924,39.43574454678239,0.8000152334107288
2.4367088607594938,3.4240506329113924,39.43285631168341,0.8000078113101956
2.3607594936708862,3.4240506329113924,39.44531678766108,0.8000246768782527
2.4746835443037973,3.4240506329113924,39.43319429331842,0.8000258069990991
2.5126582278481013,3.4240506329113924,39.413767258092406,0.8000247380252555
2.5506329113924053,3.4240506329113924,39.40953984951477,0.8000209387176495
2.588607594936709,3.4240506329113924,39.40729477302509,0.8000286406270286
2.626582278481013,3.4240506329113924,39.40561863109253,0.8000258807403658
2.6645569620253164,3.4240506329113924,39.4001591761118,0.8000261017821804
2.7025316455696204,3.4240506329113924,39.40077161531159,0.800018398353862
2.740506329113924,3.4240506329113924,39.40267308366296,0.8000185071143547
2.778481012658228,3.4240506329113924,39.40164753369453,0.8000257872361652
2.8164556962025316,3.4240506329113924,39.404874530913794,0.8000218256196744
2.8544303797468356,3.4240506329113924,39.4034245398366,0.8000169577482492
2.892405063291139,3.4240506329113924,39.4034245398366,0.8000169577482492
2.968354430379747,3.4240506329113924,39.4034245398366,0.8000169577482492
3.0063291139240507,3.4240506329113924,39.40260472390825,0.8000233296460105
2.930379746835443,3.4240506329113924,39.4034245398366,0.8000169577482492
3.0443037974683547,3.4240506329113924,39.40260472390825,0.8000233296460105
3.0822784810126582,3.4240506329113924,39.40260472390825,0.8000233296460105
3.1202531645569622,3.4240506329113924,39.40260472390825,0.8000233296460105
3.1582278481012658,3.4240506329113924,39.40260472390825,0.8000233296460105
3.1962025316455698,3.4240506329113924,39.40260472390825,0.8000233296460105
3.2341772151898733,3.4240506329113924,39.40260472390825,0.8000233296460105
3.2721518987341773,3.4240506329113924,39.40260472390825,0.8000233296460105
3.310126582278481,3.4240506329113924,39.40260472390825,0.8000233296460105
3.348101265822785,3.4240506329113924,39.40260472390825,0.8000233296460105
3.386075949367089,3.4240506329113924,39.40260472390825,0.8000233296460105
3.4240506329113924,3.4240506329113924,39.40260472390825,0.8000233296460105
3.4620253164556964,3.4240506329113924,39.40260472390825,0.8000233296460105
3.5,3.4240506329113924,39.40260472390825,0.8000233296460105
0.5,3.4620253164556964,30.49953380464239,0.21045231677401138
0.5379746835443038,3.4620253164556964,30.483616583392585,0.21066355032548842
0.5759493670886076,3.4620253164556964,30.46271218793487,0.21054041290272515
0.6139240506329113,3.4620253164556964,30.432941042649336,0.21063526058864732
0.6518987341772152,3.4620253164556964,30.403304117709,0.21053707924971318
0.689873417721519,3.4620253164556964,30.349994827984386,0.21039419368109555
0.7278481012658228,3.4620253164556964,30.308620426560573,0.2104726141951361
0.8037974683544304,3.4620253164556964,30.172486521644338,0.2104215652539407
0.7658227848101267,3.4620253164556964,30.251083070187395,0.21063779100704122
0.8417721518987342,3.4620253164556964,30.08367085361234,0.21202484946081993
0.879746835443038,3.4620253164556964,30.135608870191017,0.21551189964370338
0.9177215189873418,3.4620253164556964,30.239480226452535,0.22110564923655904
0.9556962025316456,3.4620253164556964,30.837371540899827,0.25076357765518337
0.9936708860759493,3.4620253164556964,31.476187218623284,0.28230679701154815
1.0316455696202533,3.4620253164556964,32.196029970377424,0.3175593180040532
1.0696202531645569,3.4620253164556964,33.01571478406897,0.3574401977461347
1.1075949367088609,3.4620253164556964,34.513568449681834,0.4292582263341727
1.1455696202531644,3.4620253164556964,36.138689467003886,0.5061757540605568
1.2215189873417722,3.4620253164556964,38.47240567167506,0.6145895995867925
1.1835443037974684,3.4620253164556964,37.34728464372243,0.5626237027346414
1.259493670886076,3.4620253164556964,39.37660338938822,0.65619039821817
1.2974683544303798,3.4620253164556964,40.251551802146125,0.6964878782576596
1.3354430379746836,3.4620253164556964,40.87508731506832,0.7252639461188549
1.3734177215189873,3.4620253164556964,41.42481739843129,0.7506453350072463
1.4113924050632911,3.4620253164556964,42.13839916552427,0.7836112409597265
1.449367088607595,3.4620253164556964,42.46964795445739,0.8002729667896564
1.4873417721518987,3.4620253164556964,42.42576940559561,0.8000158600443326
1.5253164556962027,3.4620253164556964,42.27571285522176,0.800026778267757
1.5632911392405064,3.4620253164556964,41.727140662924924,0.7999396073050349
1.6012658227848102,3.4620253164556964,41.5946761914138,0.8000428424876611
1.6772151898734178,3.4620253164556964,41.266714914538156,0.8000274524287092
1.639240506329114,3.4620253164556964,41.43155331633095,0.8000345061582345
1.7151898734177216,3.4620253164556964,41.1034925938743,0.7999594661270727
1.7531645569620253,3.4620253164556964,40.9402285769882,0.8002688276007478
1.8291139240506329,3.4620253164556964,40.600550478703134,0.8000555098198955
1.7911392405063291,3.4620253164556964,40.754202143899576,0.8000542648602286
1.8670886075949367,3.4620253164556964,40.503883480323275,0.8000453822197748
1.9050632911392404,3.4620253164556964,40.327280645555035,0.8000368498985184
1.9430379746835444,3.4620253164556964,39.99266038801402,0.8000505055365009
1.9810126582278482,3.4620253164556964,39.856468400973995,0.8000273496362452
2.018987341772152,3.4620253164556964,39.78391250249812,0.8000634926211976
2.0949367088607596,3.4620253164556964,39.63321431235223,0.8000461906313961
2.056962025316456,3.4620253164556964,39.67486891148811,0.8000113066773278
2.132911392405063,3.4620253164556964,39.62260365456895,0.8000572958505574
2.170886075949367,3.4620253164556964,39.56427582086568,0.8000740576766242
2.208860759493671,3.4620253164556964,39.52653202902129,0.8000717859147302
2.2468354430379747,3.4620253164556964,39.49405323329557,0.8000121905261706
2.3227848101265822,3.4620253164556964,39.45367007546783,0.800022644162022
2.3607594936708862,3.4620253164556964,39.44578574681004,0.8000244532572577
2.2848101265822782,3.4620253164556964,39.4751735708025,0.800024479868996
2.39873417721519,3.4620253164556964,39.438707418446256,0.8000263925050755
2.4746835443037973,3.4620253164556964,39.43036219789709,0.8000268025906705
2.4367088607594938,3.4620253164556964,39.43297324157587,0.8000078096328628
2.5506329113924053,3.4620253164556964,39.41062494545128,0.8000215722183299
2.5126582278481013,3.4620253164556964,39.4194847981374,0.8000151979797443
2.588607594936709,3.4620253164556964,39.40637543111281,0.8000176962986518
2.626582278481013,3.4620253164556964,39.40553568649267,0.8000174635998232
2.6645569620253164,3.4620253164556964,39.40263235208733,0.8000190002013583
2.7025316455696204,3.4620253164556964,39.401230288520274,0.8000182826626232
2.740506329113924,3.4620253164556964,39.401799278004475,0.8000258457783853
2.778481012658228,3.4620253164556964,39.40151887099153,0.8000257486594314
2.8164556962025316,3.4620253164556964,39.40319037321065,0.8000192327218607
2.8544303797468356,3.4620253164556964,39.404639052132936,0.8000158890724661
2.930379746835443,3.4620253164556964,39.404639052132936,0.8000158890724661
2.892405063291139,3.4620253164556964,39.404639052132936,0.8000158890724661
2.968354430379747,3.4620253164556964,39.404639052132936,0.8000158890724661
3.0063291139240507,3.4620253164556964,39.40387603136071,0.8000253980380597
3.0443037974683547,3.4620253164556964,39.40387603136071,0.8000253980380597
3.0822784810126582,3.4620253164556964,39.40387603136071,0.8000253980380597
3.1202531645569622,3.4620253164556964,39.40387603136071,0.8000253980380597
3.1582278481012658,3.4620253164556964,39.40387603136071,0.8000253980380597
3.1962025316455698,3.4620253164556964,39.40387603136071,0.8000253980380597
3.2341772151898733,3.4620253164556964,39.40387603136071,0.8000253980380597
3.2721518987341773,3.4620253164556964,39.40387603136071,0.8000253980380597
3.310126582278481,3.4620253164556964,39.40387603136071,0.8000253980380597
3.348101265822785,3.4620253164556964,39.40387603136071,0.8000253980380597
3.386075949367089,3.4620253164556964,39.40387603136071,0.8000253980380597
3.4240506329113924,3.4620253164556964,39.40387603136071,0.8000253980380597
3.5,3.4620253164556964,39.40387603136071,0.8000253980380597
0.5,3.5,30.48359262401467,0.21046968592314633
3.4620253164556964,3.4620253164556964,39.40387603136071,0.8000253980380597
0.5379746835443038,3.5,30.46422591001636,0.21039653615042522
0.5759493670886076,3.5,30.448177528555693,0.2105177106619943
0.6139240506329113,3.5,30.413538067537935,0.21055509515853374
0.6518987341772152,3.5,30.363612903533514,0.2103857834063259
0.689873417721519,3.5,30.322131860341266,0.21043726690233938
0.7278481012658228,3.5,30.26530248856798,0.2104035761349086
0.7658227848101267,3.5,30.208597319532586,0.21053324608721694
0.8037974683544304,3.5,30.143931536970605,0.21067213926998188
0.8417721518987342,3.5,30.126772210483615,0.21451407518835477
0.879746835443038,3.5,30.16921513043553,0.21743905933494376
0.9177215189873418,3.5,30.62146816867129,0.24001981852767298
0.9556962025316456,3.5,31.36928420330097,0.2770167151726754
0.9936708860759493,3.5,32.036232504781836,0.3097139060085976
1.0696202531645569,3.5,34.08292967506834,0.40869916182942345
1.0316455696202533,3.5,32.78907374014987,0.34646995366345823
1.1075949367088609,3.5,35.787441549087625,0.4896384633368618
1.1455696202531644,3.5,36.97933186661418,0.54550166676257
1.1835443037974684,3.5,38.186595459863696,0.6014380184282359
1.2215189873417722,3.5,38.98749589306021,0.6382870159548822
1.2974683544303798,3.5,40.58151073779596,0.7117008078669116
1.259493670886076,3.5,39.893450527192115,0.6799844827386465
1.3354430379746836,3.5,41.238084820276754,0.7419890301058767
1.3734177215189873,3.5,41.77410190535822,0.7667578875636111
1.4113924050632911,3.5,42.49892881515326,0.800273215337475
1.449367088607595,3.5,42.45739594429154,0.7999367669096321
1.4873417721518987,3.5,42.410517365239734,0.8000215600577769
1.5253164556962027,3.5,42.258299817983,0.800020439070754
1.5632911392405064,3.5,41.728408700554496,0.7999376564059758
1.6012658227848102,3.5,41.58695106840308,0.8002440543168736
1.639240506329114,3.5,41.428481983306874,0.8000476145536094
1.6772151898734178,3.5,41.26621509347823,0.7999604420922661
1.7151898734177216,3.5,41.10244956219949,0.7999592294870489
1.7531645569620253,3.5,40.937627602891354,0.8002706210113347
1.8291139240506329,3.5,40.60056151111569,0.8000654465332419
1.7911392405063291,3.5,40.753308737071606,0.8000532775492146
1.8670886075949367,3.5,40.50050754720683,0.8000610402323626
1.9050632911392404,3.5,40.33054832625447,0.8000368980547183
1.9430379746835444,3.5,39.98208467495373,0.8000112783066097
1.9810126582278482,3.5,39.85545554718195,0.8000213823210498
2.018987341772152,3.5,39.783634969874505,0.8000649388893649
2.056962025316456,3.5,39.684718356139236,0.800067960142579
2.0949367088607596,3.5,39.643589529958625,0.8000474706177274
2.132911392405063,3.5,39.6190094010318,0.8000571975780078
2.170886075949367,3.5,39.56223066170873,0.8000818525645441
2.208860759493671,3.5,39.52794736441164,0.8000714096542071
2.2468354430379747,3.5,39.49529323956121,0.8000126001897224
2.2848101265822782,3.5,39.47730333980783,0.8000234184895215
2.3227848101265822,3.5,39.45367007546783,0.800022644162022
2.39873417721519,3.5,39.438707418446256,0.8000263925050755
2.4746835443037973,3.5,39.43036219789709,0.8000268025906705
2.3607594936708862,3.5,39.44578574681004,0.8000244532572577
2.4367088607594938,3.5,39.43297324157587,0.8000078096328628
2.5506329113924053,3.5,39.41062494545128,0.8000215722183299
2.5126582278481013,3.5,39.4194847981374,0.8000151979797443
2.588607594936709,3.5,39.40637543111281,0.8000176962986518
2.626582278481013,3.5,39.40553568649267,0.8000174635998232
2.6645569620253164,3.5,39.40263235208733,0.8000190002013583
2.7025316455696204,3.5,39.401230288520274,0.8000182826626232
2.740506329113924,3.5,39.401799278004475,0.8000258457783853
2.778481012658228,3.5,39.40151887099153,0.8000257486594314
2.8164556962025316,3.5,39.40319037321065,0.8000192327218607
2.8544303797468356,3.5,39.404639052132936,0.8000158890724661
2.892405063291139,3.5,39.404639052132936,0.8000158890724661
2.930379746835443,3.5,39.404639052132936,0.8000158890724661
2.968354430379747,3.5,39.404639052132936,0.8000158890724661
3.0063291139240507,3.5,39.40387603136071,0.8000253980380597
3.0443037974683547,3.5,39.40387603136071,0.8000253980380597
3.0822784810126582,3.5,39.40387603136071,0.8000253980380597
3.1202531645569622,3.5,39.40387603136071,0.8000253980380597
3.1582278481012658,3.5,39.40387603136071,0.8000253980380597
3.1962025316455698,3.5,39.40387603136071,0.8000253980380597
3.2721518987341773,3.5,39.40387603136071,0.8000253980380597
3.2341772151898733,3.5,39.40387603136071,0.8000253980380597
3.310126582278481,3.5,39.40387603136071,0.8000253980380597
3.348101265822785,3.5,39.40387603136071,0.8000253980380597
3.4240506329113924,3.5,39.40387603136071,0.8000253980380597
3.386075949367089,3.5,39.40387603136071,0.8000253980380597
3.4620253164556964,3.5,39.40387603136071,0.8000253980380597
3.5,3.5,39.40387603136071,0.8000253980380597
