kp_dis,kp_chg,fuel,dev,final_soc,soc_err_pct
5.0,0.42625,30.044286089707562,10.247793258405785,0.40247793258405784,10.247793258405785
5.0,0.01,30.04416973650163,10.258783308924258,0.40258783308924256,10.258783308924258
5.0,2.5075,30.0363207859871,10.15052417139522,0.4015052417139522,10.15052417139522
5.0,0.8425,30.042663134475504,10.232381520939416,0.40232381520939414,10.232381520939416
5.0,2.92375,30.036339840280743,10.145991563698676,0.40145991563698674,10.145991563698676
5.0,1.25875,30.038629538072033,10.200554116352755,0.40200554116352755,10.200554116352755
5.0,3.7562499999999996,30.036848958477375,10.13667134118797,0.4013667134118797,10.13667134118797
5.0,1.675,30.03497493854846,10.166024068223638,0.4016602406822364,10.166024068223638
5.0,2.0912499999999996,30.036373979939476,10.15883565360593,0.4015883565360593,10.15883565360593
5.0,4.172499999999999,30.037994414690846,10.131963031876811,0.4013196303187681,10.131963031876811
5.0,3.34,30.036367346045253,10.142178623026032,0.4014217862302603,10.142178623026032
5.0,4.58875,30.038293468067486,10.128934449110826,0.40128934449110826,10.128934449110826
5.0,5.005,30.038594626454945,10.11080532659876,0.4011080532659876,10.11080532659876
5.0,5.42125,30.039981559719674,10.099143475877264,0.40099143475877264,10.099143475877264
5.0,6.25375,30.04237973806447,10.01448330862641,0.4001448330862641,10.01448330862641
5.0,7.08625,30.05106106901117,9.931134108774614,0.39931134108774613,9.931134108774614
5.0,7.5024999999999995,30.05649448853386,9.904556415134158,0.39904556415134157,9.904556415134158
5.0,5.8375,30.040357673093823,10.054446554001489,0.4005444655400149,10.054446554001489
5.0,7.91875,30.064365780807062,9.891551967235607,0.39891551967235606,9.891551967235607
5.0,6.67,30.04494563439315,9.935189830081082,0.3993518983008108,9.935189830081082
5.0,9.1675,30.082784134422035,9.868848299703876,0.39868848299703874,9.868848299703876
5.0,8.75125,30.07608217083482,9.873053547514472,0.3987305354751447,9.873053547514472
5.0,8.334999999999999,30.07045794233244,9.878027346254992,0.3987802734625499,9.878027346254992
5.0,9.58375,30.088153030715674,9.864440333516649,0.3986444033351665,9.864440333516649
6.271186440677966,0.01,29.67272237092612,8.382300859499242,0.3838230085949924,8.382300859499242
5.0,10.0,30.097324369619876,9.865779576439571,0.3986577957643957,9.865779576439571
6.271186440677966,0.8425,29.671765627696562,8.360835140000095,0.38360835140000094,8.360835140000095
6.271186440677966,0.42625,29.672955283219927,8.37264567384121,0.3837264567384121,8.37264567384121
6.271186440677966,1.25875,29.669291654381595,8.339354729921217,0.38339354729921216,8.339354729921217
6.271186440677966,2.0912499999999996,29.667015138045535,8.300957302512707,0.38300957302512706,8.300957302512707
6.271186440677966,1.675,29.666543231796503,8.311935390535224,0.38311935390535223,8.311935390535224
6.271186440677966,3.34,29.668384155461567,8.291264787728537,0.38291264787728535,8.291264787728537
6.271186440677966,2.5075,29.667902254836587,8.298473548110064,0.3829847354811006,8.298473548110064
6.271186440677966,2.92375,29.668481642437015,8.295590440141465,0.38295590440141464,8.295590440141465
6.271186440677966,3.7562499999999996,29.66779802301257,8.284274142511428,0.38284274142511426,8.284274142511428
6.271186440677966,4.172499999999999,29.668109443840272,8.280633829791773,0.3828063382979177,8.280633829791773
6.271186440677966,4.58875,29.66883698774654,8.275676115883373,0.3827567611588337,8.275676115883373
6.271186440677966,5.005,29.668954649444572,8.26767026678803,0.3826767026678803,8.26767026678803
6.271186440677966,5.8375,29.66914954426095,8.257001860243934,0.38257001860243933,8.257001860243934
6.271186440677966,5.42125,29.669033180196173,8.26315346107278,0.3826315346107278,8.26315346107278
6.271186440677966,7.08625,29.67577731846772,8.207853421933414,0.38207853421933413,8.207853421933414
6.271186440677966,6.67,29.671891539520654,8.230401161224238,0.38230401161224237,8.230401161224238
6.271186440677966,6.25375,29.669760473720846,8.242286429257362,0.3824228642925736,8.242286429257362
6.271186440677966,8.334999999999999,29.68632219664974,8.102744942558548,0.3810274494255855,8.102744942558548
6.271186440677966,7.5024999999999995,29.675856355870014,8.168479408752304,0.38168479408752304,8.168479408752304
6.271186440677966,7.91875,29.68324157823379,8.15528082648666,0.3815528082648666,8.15528082648666
6.271186440677966,8.75125,29.693560021710642,8.101308811828762,0.3810130881182876,8.101308811828762
6.271186440677966,9.1675,29.70125459373049,8.09592310742892,0.3809592310742892,8.09592310742892
6.271186440677966,9.58375,29.705017777531932,8.071588936958097,0.38071588936958095,8.071588936958097
6.271186440677966,10.0,29.707996992709674,8.061264601350004,0.38061264601350003,8.061264601350004
7.5423728813559325,0.42625,29.422149454435658,7.109944102067328,0.37109944102067327,7.109944102067328
7.5423728813559325,2.0912499999999996,29.419767209120682,7.061834251554133,0.3706183425155413,7.061834251554133
7.5423728813559325,1.675,29.419803839595055,7.073733580274339,0.3707373358027434,7.073733580274339
7.5423728813559325,0.01,29.421939384705,7.116923671263637,0.37116923671263635,7.116923671263637
7.5423728813559325,0.8425,29.42148450492538,7.1001999977394314,0.3710019999773943,7.1001999977394314
7.5423728813559325,1.25875,29.42069477420445,7.0912113871864415,0.3709121138718644,7.0912113871864415
7.5423728813559325,2.5075,29.419493871558977,7.052045919418582,0.3705204591941858,7.052045919418582
7.5423728813559325,2.92375,29.42031109949794,7.050011773137782,0.3705001177313778,7.050011773137782
7.5423728813559325,3.34,29.419949587554566,7.0432464418394405,0.3704324644183944,7.0432464418394405
7.5423728813559325,3.7562499999999996,29.42072293178601,7.0423175768887685,0.37042317576888767,7.0423175768887685
7.5423728813559325,4.58875,29.420351177076153,7.032994875291088,0.37032994875291086,7.032994875291088
7.5423728813559325,4.172499999999999,29.420460614351096,7.03770444366199,0.3703770444366199,7.03770444366199
7.5423728813559325,5.42125,29.421683378322264,7.027746686682584,0.37027746686682583,7.027746686682584
7.5423728813559325,5.005,29.42121362424807,7.03236028049809,0.3703236028049809,7.03236028049809
7.5423728813559325,6.25375,29.42269609546634,7.022704656879358,0.37022704656879357,7.022704656879358
7.5423728813559325,5.8375,29.42184461685163,7.021939219091294,0.37021939219091293,7.021939219091294
7.5423728813559325,6.67,29.422511048346177,7.018148354181008,0.3701814835418101,7.018148354181008
7.5423728813559325,7.08625,29.42248883582992,7.010763280638082,0.3701076328063808,7.010763280638082
7.5423728813559325,7.5024999999999995,29.424161119965465,6.999430100552889,0.3699943010055289,6.999430100552889
7.5423728813559325,7.91875,29.42729734243787,6.991210480211585,0.36991210480211584,6.991210480211585
7.5423728813559325,8.334999999999999,29.432075904689203,6.973526635687871,0.3697352663568787,6.973526635687871
7.5423728813559325,8.75125,29.43195966453742,6.945615514577963,0.3694561551457796,6.945615514577963
7.5423728813559325,9.1675,29.437419830292775,6.925051460462478,0.36925051460462477,6.925051460462478
7.5423728813559325,9.58375,29.442840919566056,6.912465870213513,0.3691246587021351,6.912465870213513
8.813559322033898,0.42625,29.24269882959759,6.205464866218646,0.36205464866218645,6.205464866218646
8.813559322033898,0.01,29.243274839886748,6.214371188022944,0.3621437118802294,6.214371188022944
7.5423728813559325,10.0,29.44433437611867,6.870934332250867,0.36870934332250865,6.870934332250867
8.813559322033898,0.8425,29.242631344474646,6.197756735160681,0.3619775673516068,6.197756735160681
8.813559322033898,1.25875,29.24283403572501,6.193634726980962,0.3619363472698096,6.193634726980962
8.813559322033898,1.675,29.24301465020711,6.184148619885576,0.36184148619885576,6.184148619885576
8.813559322033898,2.0912499999999996,29.24306343691388,6.176079127784778,0.36176079127784777,6.176079127784778
8.813559322033898,2.5075,29.242276741900064,6.162891784126301,0.361628917841263,6.162891784126301
8.813559322033898,2.92375,29.242387831876588,6.157439777544488,0.36157439777544487,6.157439777544488
8.813559322033898,3.34,29.24276157464534,6.1541125228250895,0.3615411252282509,6.1541125228250895
8.813559322033898,3.7562499999999996,29.24410475898228,6.1556080653989484,0.3615560806539895,6.1556080653989484
8.813559322033898,4.172499999999999,29.24340965957884,6.147768960382488,0.36147768960382487,6.147768960382488
8.813559322033898,4.58875,29.24404055321212,6.146641679534809,0.3614664167953481,6.146641679534809
8.813559322033898,5.005,29.244768188180505,6.1462468795998255,0.36146246879599825,6.1462468795998255
8.813559322033898,5.42125,29.244667393507605,6.142963008800373,0.3614296300880037,6.142963008800373
8.813559322033898,5.8375,29.245433123881455,6.144324713994825,0.36144324713994824,6.144324713994825
8.813559322033898,6.25375,29.245146838368807,6.1384088697920225,0.3613840886979202,6.1384088697920225
8.813559322033898,6.67,29.2450841427323,6.1325605266337675,0.36132560526633767,6.1325605266337675
8.813559322033898,7.08625,29.246238004549006,6.133713817035247,0.36133713817035246,6.133713817035247
8.813559322033898,7.5024999999999995,29.24570154954567,6.127823110700947,0.36127823110700946,6.127823110700947
8.813559322033898,7.91875,29.245710409083575,6.1221663155486,0.361221663155486,6.1221663155486
8.813559322033898,8.334999999999999,29.246418525929787,6.114888279022579,0.3611488827902258,6.114888279022579
8.813559322033898,8.75125,29.249898193607216,6.108342667278244,0.3610834266727824,6.108342667278244
8.813559322033898,9.1675,29.25179502571642,6.099764640105282,0.3609976464010528,6.099764640105282
8.813559322033898,9.58375,29.256872824938267,6.092569950064325,0.36092569950064324,6.092569950064325
8.813559322033898,10.0,29.257947564288465,6.07467365877104,0.3607467365877104,6.07467365877104
10.084745762711865,0.42625,29.109380555847032,5.525492648270125,0.35525492648270124,5.525492648270125
10.084745762711865,0.8425,29.110211205938477,5.522588045120918,0.3552258804512092,5.522588045120918
10.084745762711865,0.01,29.109617986401723,5.532159517495044,0.35532159517495043,5.532159517495044
10.084745762711865,1.25875,29.110412959793564,5.519720611423423,0.3551972061142342,5.519720611423423
10.084745762711865,1.675,29.112009521465826,5.516821228438778,0.3551682122843878,5.516821228438778
10.084745762711865,2.0912499999999996,29.111476777745903,5.508881607986204,0.35508881607986204,5.508881607986204
10.084745762711865,2.5075,29.111464172881323,5.503424999308082,0.3550342499930808,5.503424999308082
10.084745762711865,2.92375,29.110888501869386,5.492248209554468,0.35492248209554467,5.492248209554468
10.084745762711865,3.34,29.1116615580555,5.491601487070918,0.3549160148707092,5.491601487070918
10.084745762711865,3.7562499999999996,29.11206295494673,5.488225363710075,0.35488225363710074,5.488225363710075
10.084745762711865,4.172499999999999,29.112949620455677,5.486705149555782,0.3548670514955578,5.486705149555782
10.084745762711865,4.58875,29.113349121773652,5.484890314307628,0.35484890314307627,5.484890314307628
10.084745762711865,5.42125,29.114242629655074,5.481652799119918,0.35481652799119917,5.481652799119918
10.084745762711865,5.005,29.113929397772786,5.481901493229902,0.354819014932299,5.481901493229902
10.084745762711865,5.8375,29.114555032544473,5.48113661878501,0.3548113661878501,5.48113661878501
10.084745762711865,6.25375,29.11441312195312,5.478403956605959,0.3547840395660596,5.478403956605959
10.084745762711865,6.67,29.114606383700917,5.477086975657902,0.354770869756579,5.477086975657902
10.084745762711865,7.08625,29.1145689688696,5.473390016566032,0.3547339001656603,5.473390016566032
10.084745762711865,7.5024999999999995,29.11485751656383,5.470960596391183,0.3547096059639118,5.470960596391183
10.084745762711865,7.91875,29.11543112015314,5.469577598094066,0.35469577598094065,5.469577598094066
10.084745762711865,8.334999999999999,29.115767482195047,5.467803397149362,0.3546780339714936,5.467803397149362
10.084745762711865,8.75125,29.115781948357597,5.4608790659618105,0.3546087906596181,5.4608790659618105
10.084745762711865,9.1675,29.115896332592783,5.4547953627833765,0.35454795362783376,5.4547953627833765
10.084745762711865,9.58375,29.11725958573664,5.44488900426428,0.3544488900426428,5.44488900426428
10.084745762711865,10.0,29.119435600365655,5.438342012717556,0.35438342012717555,5.438342012717556
11.35593220338983,0.01,29.005659184315785,4.99935166612106,0.3499935166612106,4.99935166612106
11.35593220338983,0.42625,29.005917122200177,4.996473017695891,0.3499647301769589,4.996473017695891
11.35593220338983,1.25875,29.00659015335582,4.9902906372249145,0.34990290637224913,4.9902906372249145
11.35593220338983,0.8425,29.006683311617007,4.994364466048889,0.3499436446604889,4.994364466048889
11.35593220338983,2.0912499999999996,29.008551832162162,4.984890795524821,0.3498489079552482,4.984890795524821
11.35593220338983,1.675,29.00845010238564,4.988447157120252,0.3498844715712025,4.988447157120252
11.35593220338983,2.5075,29.008481450461634,4.9793021453773125,0.3497930214537731,4.9793021453773125
11.35593220338983,2.92375,29.008663554828836,4.974528351483193,0.3497452835148319,4.974528351483193
11.35593220338983,3.34,29.009313404952355,4.972336360176854,0.34972336360176853,4.972336360176854
11.35593220338983,3.7562499999999996,29.010334929407676,4.972706358590523,0.3497270635859052,4.972706358590523
11.35593220338983,4.58875,29.011087115256096,4.967333907382171,0.3496733390738217,4.967333907382171
11.35593220338983,4.172499999999999,29.01097939194625,4.970713666618465,0.34970713666618464,4.970713666618465
11.35593220338983,5.005,29.012704085994756,4.96741263698735,0.3496741263698735,4.96741263698735
11.35593220338983,5.42125,29.012740909768485,4.963689927436704,0.34963689927436703,4.963689927436704
11.35593220338983,5.8375,29.012592646386167,4.960558634976792,0.3496055863497679,4.960558634976792
11.35593220338983,6.25375,29.01344319477224,4.963228421939592,0.3496322842193959,4.963228421939592
11.35593220338983,6.67,29.013334253792134,4.960887071504006,0.34960887071504004,4.960887071504006
11.35593220338983,7.08625,29.013317605661033,4.959577077303851,0.3495957707730385,4.959577077303851
11.35593220338983,7.5024999999999995,29.013407050482705,4.957751450160252,0.3495775145016025,4.957751450160252
11.35593220338983,7.91875,29.013599913290513,4.955506828021283,0.3495550682802128,4.955506828021283
11.35593220338983,8.334999999999999,29.013180952418576,4.949766220312579,0.3494976622031258,4.949766220312579
11.35593220338983,8.75125,29.01313492328846,4.945424116173674,0.34945424116173673,4.945424116173674
11.35593220338983,9.58375,29.013469415821273,4.938039806403472,0.3493803980640347,4.938039806403472
11.35593220338983,9.1675,29.01311543052353,4.941670098634626,0.34941670098634625,4.941670098634626
11.35593220338983,10.0,29.014321186054143,4.934583300231893,0.3493458330023189,4.934583300231893
12.627118644067796,0.01,28.923774934836327,4.5745463268674404,0.3457454632686744,4.5745463268674404
12.627118644067796,0.42625,28.92380282755811,4.5706036218732375,0.34570603621873236,4.5706036218732375
12.627118644067796,0.8425,28.924670576384184,4.56946181683996,0.3456946181683996,4.56946181683996
12.627118644067796,1.25875,28.925112441406423,4.567578919772464,0.3456757891977246,4.567578919772464
12.627118644067796,1.675,28.927354415795765,4.567662544227547,0.34567662544227545,4.567662544227547
12.627118644067796,2.0912499999999996,28.927137673612993,4.563474055247601,0.345634740552476,4.563474055247601
12.627118644067796,2.5075,28.927125964301677,4.559131417629281,0.3455913141762928,4.559131417629281
12.627118644067796,2.92375,28.92702769070369,4.554784014105328,0.3455478401410533,4.554784014105328
12.627118644067796,3.34,28.92726240288212,4.547862577475698,0.34547862577475696,4.547862577475698
12.627118644067796,4.172499999999999,28.929028136276987,4.54733180139682,0.3454733180139682,4.54733180139682
12.627118644067796,4.58875,28.929599336759843,4.547333843223483,0.3454733384322348,4.547333843223483
12.627118644067796,3.7562499999999996,28.92817402654202,4.547787281552113,0.3454778728155211,4.547787281552113
12.627118644067796,5.42125,28.931293800087495,4.544771201525083,0.3454477120152508,4.544771201525083
12.627118644067796,5.005,28.93003356292633,4.545339314962948,0.3454533931496295,4.545339314962948
12.627118644067796,5.8375,28.931394201115364,4.542321574283986,0.34542321574283985,4.542321574283986
12.627118644067796,6.67,28.93188633526578,4.541231633323401,0.345412316333234,4.541231633323401
12.627118644067796,6.25375,28.93176815584467,4.542208026938782,0.3454220802693878,4.542208026938782
12.627118644067796,7.08625,28.93222372017623,4.541912595127773,0.3454191259512777,4.541912595127773
12.627118644067796,7.5024999999999995,28.9321043592234,4.539493664022093,0.3453949366402209,4.539493664022093
12.627118644067796,7.91875,28.932353170797956,4.538643828381073,0.3453864382838107,4.538643828381073
12.627118644067796,8.75125,28.932751556490125,4.535764146930093,0.3453576414693009,4.535764146930093
12.627118644067796,8.334999999999999,28.932505506965487,4.538180747021537,0.34538180747021535,4.538180747021537
12.627118644067796,9.1675,28.932811882304396,4.533163510134697,0.34533163510134696,4.533163510134697
12.627118644067796,9.58375,28.93315746717415,4.532159908966932,0.3453215990896693,4.532159908966932
12.627118644067796,10.0,28.93354210384801,4.530671917993861,0.3453067191799386,4.530671917993861
13.898305084745763,0.01,28.856078651200164,4.2170364309741695,0.3421703643097417,4.2170364309741695
13.898305084745763,0.42625,28.85653392094876,4.215513015804417,0.34215513015804416,4.215513015804417
13.898305084745763,1.25875,28.857219175649185,4.209890475653255,0.34209890475653254,4.209890475653255
13.898305084745763,0.8425,28.85670682028833,4.211894734198496,0.34211894734198495,4.211894734198496
13.898305084745763,1.675,28.85954445738862,4.210496334547297,0.34210496334547297,4.210496334547297
13.898305084745763,2.0912499999999996,28.859507804491468,4.208510656172209,0.3420851065617221,4.208510656172209
13.898305084745763,2.5075,28.85988726763023,4.206619463522632,0.3420661946352263,4.206619463522632
13.898305084745763,3.34,28.85993101263505,4.20014932425889,0.3420014932425889,4.20014932425889
13.898305084745763,2.92375,28.860245828443325,4.205248580344801,0.342052485803448,4.205248580344801
13.898305084745763,3.7562499999999996,28.860205464969823,4.194797849303705,0.34194797849303704,4.194797849303705
13.898305084745763,4.172499999999999,28.860984306106545,4.19432388748025,0.3419432388748025,4.19432388748025
13.898305084745763,4.58875,28.861829356920172,4.1942654936082455,0.34194265493608245,4.1942654936082455
13.898305084745763,5.005,28.862325347348886,4.192282907918276,0.34192282907918276,4.192282907918276
13.898305084745763,5.42125,28.862973041466837,4.190496230719532,0.3419049623071953,4.190496230719532
13.898305084745763,5.8375,28.863931142907507,4.189452728310828,0.34189452728310826,4.189452728310828
13.898305084745763,6.25375,28.864207023832645,4.188291844817815,0.34188291844817814,4.188291844817815
13.898305084745763,6.67,28.864323747462787,4.186962369173059,0.3418696236917306,4.186962369173059
13.898305084745763,7.08625,28.864298175998197,4.185200375176656,0.34185200375176655,4.185200375176656
13.898305084745763,7.5024999999999995,28.864701025920336,4.185775538524361,0.3418577553852436,4.185775538524361
13.898305084745763,7.91875,28.864816214162076,4.185266746181754,0.3418526674618175,4.185266746181754
13.898305084745763,8.334999999999999,28.86473119933829,4.183287860436435,0.34183287860436434,4.183287860436435
13.898305084745763,8.75125,28.86499129638755,4.182346934817765,0.34182346934817764,4.182346934817765
13.898305084745763,9.1675,28.86521658631077,4.181862779899631,0.3418186277989963,4.181862779899631
13.898305084745763,9.58375,28.865812329650076,4.181528781894911,0.3418152878189491,4.181528781894911
13.898305084745763,10.0,28.865775258592286,4.178800621837519,0.3417880062183752,4.178800621837519
15.169491525423728,0.01,28.8013344799039,3.922475548801607,0.33922475548801606,3.922475548801607
15.169491525423728,0.42625,28.801810706945762,3.9223616266948866,0.33922361626694886,3.9223616266948866
15.169491525423728,0.8425,28.802138057328,3.920976086690098,0.33920976086690097,3.920976086690098
15.169491525423728,1.25875,28.802750657461242,3.9171811147802105,0.3391718111478021,3.9171811147802105
15.169491525423728,1.675,28.80469140145252,3.9175022282465335,0.3391750222824653,3.9175022282465335
15.169491525423728,2.0912499999999996,28.80480832686742,3.9151648723835253,0.33915164872383524,3.9151648723835253
15.169491525423728,2.5075,28.80516087011228,3.9140085845696113,0.3391400858456961,3.9140085845696113
15.169491525423728,2.92375,28.80492401115614,3.910232945783548,0.33910232945783547,3.910232945783548
15.169491525423728,3.7562499999999996,28.804882916748227,3.9001217162134894,0.3390012171621349,3.9001217162134894
15.169491525423728,3.34,28.804823415742646,3.9060780612403754,0.33906078061240374,3.9060780612403754
15.169491525423728,4.172499999999999,28.805264813503467,3.8967424778151516,0.3389674247781515,3.8967424778151516
15.169491525423728,4.58875,28.80572629816293,3.8956635257610506,0.3389566352576105,3.8956635257610506
15.169491525423728,5.005,28.806743089179218,3.8949503786714637,0.3389495037867146,3.8949503786714637
15.169491525423728,5.42125,28.80739903502403,3.8935960379882726,0.3389359603798827,3.8935960379882726
15.169491525423728,5.8375,28.807827874298862,3.893037743864902,0.338930377438649,3.893037743864902
15.169491525423728,6.25375,28.808483860390826,3.8924418165643013,0.338924418165643,3.8924418165643013
15.169491525423728,6.67,28.80921377804113,3.891083597267647,0.33891083597267646,3.891083597267647
15.169491525423728,7.08625,28.809141170700244,3.889521086265729,0.3388952108626573,3.889521086265729
15.169491525423728,7.91875,28.80899098726922,3.8867329449276236,0.3388673294492762,3.8867329449276236
15.169491525423728,7.5024999999999995,28.809137767147522,3.888620956013611,0.3388862095601361,3.888620956013611
15.169491525423728,8.334999999999999,28.80895669628779,3.8853750958276922,0.3388537509582769,3.8853750958276922
15.169491525423728,8.75125,28.809506621484047,3.88603842638624,0.3388603842638624,3.88603842638624
15.169491525423728,9.1675,28.80990527102239,3.8853077555945417,0.3388530775559454,3.8853077555945417
15.169491525423728,9.58375,28.810162095386126,3.8854428578390445,0.33885442857839043,3.8854428578390445
15.169491525423728,10.0,28.810294849605715,3.883750114212586,0.33883750114212585,3.883750114212586
16.440677966101696,0.01,28.752917264709485,3.652936185910777,0.33652936185910776,3.652936185910777
16.440677966101696,0.42625,28.754056107758082,3.656492080019996,0.33656492080019995,3.656492080019996
16.440677966101696,0.8425,28.754423342692697,3.6553219999004902,0.3365532199990049,3.6553219999004902
16.440677966101696,1.25875,28.75526959845027,3.653708174848125,0.33653708174848124,3.653708174848125
16.440677966101696,1.675,28.756284896456577,3.6504783653019124,0.3365047836530191,3.6504783653019124
16.440677966101696,2.0912499999999996,28.756301687356547,3.648407005519477,0.33648407005519476,3.648407005519477
16.440677966101696,2.5075,28.75604115792719,3.644594341088819,0.3364459434108882,3.644594341088819
16.440677966101696,2.92375,28.75672605507467,3.6448254050366167,0.33644825405036616,3.6448254050366167
16.440677966101696,3.34,28.75631790375452,3.6400752423907665,0.33640075242390766,3.6400752423907665
16.440677966101696,3.7562499999999996,28.75653918675986,3.6388123225635782,0.33638812322563577,3.6388123225635782
16.440677966101696,4.58875,28.758692321180956,3.639061694720469,0.3363906169472047,3.639061694720469
16.440677966101696,4.172499999999999,28.757185281750182,3.6362467728356718,0.3363624677283567,3.6362467728356718
16.440677966101696,5.005,28.759536938591435,3.638245413089347,0.33638245413089346,3.638245413089347
16.440677966101696,5.8375,28.760257672009708,3.6336116454475933,0.3363361164544759,3.6336116454475933
16.440677966101696,5.42125,28.76055827048188,3.6374906486599743,0.33637490648659973,3.6374906486599743
16.440677966101696,6.25375,28.76154367731831,3.6375236130603064,0.33637523613060305,3.6375236130603064
16.440677966101696,6.67,28.762273291494,3.637539911593368,0.33637539911593367,3.637539911593368
16.440677966101696,7.08625,28.762390214961272,3.635381735706983,0.3363538173570698,3.635381735706983
16.440677966101696,7.5024999999999995,28.762729228036513,3.6352701574191904,0.3363527015741919,3.6352701574191904
16.440677966101696,7.91875,28.76297594594307,3.6346622585815282,0.33634662258581527,3.6346622585815282
16.440677966101696,8.334999999999999,28.763298642055258,3.634837804577662,0.3363483780457766,3.634837804577662
16.440677966101696,8.75125,28.763612552219687,3.6349121355072453,0.33634912135507244,3.6349121355072453
16.440677966101696,9.58375,28.763804568339644,3.632589919200513,0.3363258991920051,3.632589919200513
16.440677966101696,9.1675,28.763792722997366,3.6338468887367306,0.3363384688873673,3.6338468887367306
16.440677966101696,10.0,28.763824305990564,3.631707643886317,0.33631707643886316,3.631707643886317
17.71186440677966,0.01,28.713639176470558,3.4259561706461272,0.33425956170646126,3.4259561706461272
17.71186440677966,0.42625,28.71385862077498,3.424808366878146,0.33424808366878145,3.424808366878146
17.71186440677966,0.8425,28.713660695475244,3.421291484233857,0.33421291484233856,3.421291484233857
17.71186440677966,1.25875,28.71442724678564,3.4182041434542674,0.33418204143454266,3.4182041434542674
17.71186440677966,1.675,28.715449133199407,3.4167849377470416,0.3341678493774704,3.4167849377470416
17.71186440677966,2.0912499999999996,28.715005496197318,3.412918251878705,0.33412918251878704,3.412918251878705
17.71186440677966,2.5075,28.715436724222133,3.413291099728444,0.3341329109972844,3.413291099728444
17.71186440677966,2.92375,28.715565794598962,3.4104652669721958,0.33410465266972195,3.4104652669721958
17.71186440677966,3.34,28.715399306118048,3.406861554791912,0.3340686155479191,3.406861554791912
17.71186440677966,4.172499999999999,28.716302134316578,3.4049059593904363,0.33404905959390435,3.4049059593904363
17.71186440677966,3.7562499999999996,28.715692748984914,3.4047667302700866,0.33404766730270086,3.4047667302700866
17.71186440677966,4.58875,28.716695124657672,3.402294048782195,0.33402294048782194,3.402294048782195
17.71186440677966,5.005,28.716931145495266,3.3994959885151887,0.3339949598851519,3.3994959885151887
17.71186440677966,5.42125,28.718076682562888,3.3994373859531968,0.33399437385953196,3.3994373859531968
17.71186440677966,5.8375,28.718706250918313,3.400523695300456,0.33400523695300455,3.400523695300456
17.71186440677966,6.67,28.72000484755459,3.4027165841943763,0.33402716584194375,3.4027165841943763
17.71186440677966,7.08625,28.71986381188484,3.400108642478783,0.3340010864247878,3.400108642478783
17.71186440677966,6.25375,28.719278506398727,3.4014133430272873,0.33401413343027286,3.4014133430272873
17.71186440677966,7.5024999999999995,28.720777490017646,3.4019965133102517,0.3340199651331025,3.4019965133102517
17.71186440677966,7.91875,28.721092031696976,3.400949409619453,0.3340094940961945,3.400949409619453
17.71186440677966,8.334999999999999,28.72151140461239,3.4016734692531636,0.3340167346925316,3.4016734692531636
17.71186440677966,9.1675,28.722342660967183,3.401924421231761,0.3340192442123176,3.401924421231761
17.71186440677966,8.75125,28.72186151904545,3.4010472579682203,0.3340104725796822,3.4010472579682203
17.71186440677966,9.58375,28.722406841002798,3.400942120458894,0.33400942120458893,3.400942120458894
17.71186440677966,10.0,28.7226577629622,3.4001550188334226,0.3340015501883342,3.4001550188334226
18.983050847457626,0.01,28.680723309395777,3.2326285074378127,0.3323262850743781,3.2326285074378127
18.983050847457626,0.42625,28.680934717873114,3.2317611309433616,0.3323176113094336,3.2317611309433616
18.983050847457626,1.25875,28.681673338785544,3.2265460433267834,0.3322654604332678,3.2265460433267834
18.983050847457626,0.8425,28.68059085269719,3.2272866472110637,0.33227286647211063,3.2272866472110637
18.983050847457626,1.675,28.68310388785125,3.226593130765737,0.33226593130765736,3.226593130765737
18.983050847457626,2.0912499999999996,28.683169352003247,3.2239115672172525,0.3322391156721725,3.2239115672172525
18.983050847457626,2.5075,28.683061892454976,3.2223949821093,0.332223949821093,3.2223949821093
18.983050847457626,2.92375,28.68332099017128,3.222183046498789,0.3322218304649879,3.222183046498789
18.983050847457626,3.7562499999999996,28.68300590614553,3.2150775390318573,0.33215077539031856,3.2150775390318573
18.983050847457626,3.34,28.682824243609286,3.217380057166108,0.33217380057166107,3.217380057166108
18.983050847457626,4.172499999999999,28.682974829112297,3.2113035353245776,0.33211303535324577,3.2113035353245776
18.983050847457626,5.005,28.683576648647108,3.2074040111360502,0.3320740401113605,3.2074040111360502
18.983050847457626,4.58875,28.683137385771495,3.2088645849482065,0.33208864584948206,3.2088645849482065
18.983050847457626,5.42125,28.68431051160333,3.2056984506358632,0.3320569845063586,3.2056984506358632
18.983050847457626,6.25375,28.685240106950694,3.2042924960845376,0.33204292496084536,3.2042924960845376
18.983050847457626,5.8375,28.68465188667871,3.2038899015574773,0.33203889901557476,3.2038899015574773
18.983050847457626,6.67,28.685692034184324,3.2030955404711623,0.3320309554047116,3.2030955404711623
18.983050847457626,7.5024999999999995,28.686295646823112,3.2027284115868913,0.3320272841158689,3.2027284115868913
18.983050847457626,7.08625,28.68572759746001,3.202634648022312,0.3320263464802231,3.202634648022312
18.983050847457626,7.91875,28.68649501062433,3.2026827412271643,0.33202682741227163,3.2026827412271643
18.983050847457626,8.334999999999999,28.68682835595791,3.2016539949875633,0.3320165399498756,3.2016539949875633
18.983050847457626,8.75125,28.687102170440706,3.200243332034841,0.3320024333203484,3.200243332034841
18.983050847457626,9.1675,28.687280803439737,3.199714821267108,0.33199714821267107,3.199714821267108
18.983050847457626,10.0,28.688147659657915,3.2017506656934094,0.3320175066569341,3.2017506656934094
18.983050847457626,9.58375,28.68789223959311,3.20153752661641,0.3320153752661641,3.20153752661641
20.25423728813559,0.01,28.65056941700235,3.051595802597251,0.3305159580259725,3.051595802597251
20.25423728813559,0.8425,28.651258090975414,3.048336023846876,0.33048336023846875,3.048336023846876
20.25423728813559,0.42625,28.650260293321978,3.0463385680010946,0.33046338568001093,3.0463385680010946
20.25423728813559,1.25875,28.65211140844215,3.049256858448135,0.33049256858448134,3.049256858448135
20.25423728813559,2.0912499999999996,28.65236836177147,3.042295786130861,0.3304229578613086,3.042295786130861
20.25423728813559,1.675,28.65254819640502,3.046081003550799,0.330460810035508,3.046081003550799
20.25423728813559,2.5075,28.652868362403577,3.0433915125370357,0.33043391512537035,3.0433915125370357
20.25423728813559,2.92375,28.652957774713627,3.041948405569783,0.3304194840556978,3.041948405569783
20.25423728813559,3.34,28.65315062586689,3.0387109870118776,0.33038710987011877,3.0387109870118776
20.25423728813559,3.7562499999999996,28.65331282349485,3.0370354771901473,0.33037035477190146,3.0370354771901473
20.25423728813559,4.172499999999999,28.65329242082447,3.035514572485787,0.33035514572485786,3.035514572485787
20.25423728813559,4.58875,28.653746744150375,3.0338768427984886,0.3303387684279849,3.0338768427984886
20.25423728813559,5.005,28.654571494872993,3.034795881557051,0.3303479588155705,3.034795881557051
20.25423728813559,5.42125,28.654950080014093,3.032607787489755,0.33032607787489754,3.032607787489755
20.25423728813559,5.8375,28.655505336183253,3.0324072205487216,0.3303240722054872,3.0324072205487216
20.25423728813559,6.25375,28.655848222855465,3.0315197433797625,0.3303151974337976,3.0315197433797625
20.25423728813559,6.67,28.656267868574137,3.031854415737112,0.3303185441573711,3.031854415737112
20.25423728813559,7.08625,28.656710018020025,3.031642663452605,0.33031642663452604,3.031642663452605
20.25423728813559,7.5024999999999995,28.656817712717235,3.0312315234509835,0.3303123152345098,3.0312315234509835
20.25423728813559,7.91875,28.6570772607507,3.0314079685412776,0.33031407968541276,3.0314079685412776
20.25423728813559,8.334999999999999,28.65744379076434,3.0304224640146096,0.3303042246401461,3.0304224640146096
20.25423728813559,8.75125,28.657625500180295,3.0295520579968094,0.3302955205799681,3.0295520579968094
20.25423728813559,9.1675,28.658266551785047,3.0292887566996995,0.330292887566997,3.0292887566996995
20.25423728813559,9.58375,28.65854735641181,3.0279718080496396,0.3302797180804964,3.0279718080496396
20.25423728813559,10.0,28.658676513565695,3.02764012509697,0.3302764012509697,3.02764012509697
21.525423728813557,0.01,28.62549551900688,2.895688800692536,0.32895688800692535,2.895688800692536
21.525423728813557,0.42625,28.626584266697407,2.8971878534531372,0.32897187853453136,2.8971878534531372
21.525423728813557,0.8425,28.62662982503364,2.894588173775259,0.3289458817377526,2.894588173775259
21.525423728813557,1.25875,28.627515633792754,2.8964975168161153,0.32896497516816114,2.8964975168161153
21.525423728813557,1.675,28.627686684534808,2.8928756841708037,0.328928756841708,2.8928756841708037
21.525423728813557,2.0912499999999996,28.627731061529328,2.891035725892893,0.3289103572589289,2.891035725892893
21.525423728813557,2.5075,28.62805928283959,2.8893043992715306,0.3288930439927153,2.8893043992715306
21.525423728813557,2.92375,28.628119158201184,2.889025285413388,0.32889025285413387,2.889025285413388
21.525423728813557,3.34,28.62827999899922,2.8873918737985393,0.3288739187379854,2.8873918737985393
21.525423728813557,3.7562499999999996,28.62855869672053,2.886464799762739,0.3288646479976274,2.886464799762739
21.525423728813557,4.172499999999999,28.62863269833986,2.882522559429379,0.3288252255942938,2.882522559429379
21.525423728813557,4.58875,28.629405747751676,2.8838369417469645,0.32883836941746963,2.8838369417469645
21.525423728813557,5.005,28.629783464185227,2.883241882180343,0.3288324188218034,2.883241882180343
21.525423728813557,5.42125,28.629589744285266,2.8771777996088153,0.32877177799608814,2.8771777996088153
21.525423728813557,5.8375,28.63006373513862,2.876271433551075,0.32876271433551074,2.876271433551075
21.525423728813557,6.25375,28.63073632965541,2.87716060138829,0.3287716060138829,2.87716060138829
21.525423728813557,6.67,28.631064033578678,2.8761145322120765,0.32876114532212075,2.8761145322120765
21.525423728813557,7.08625,28.63110183084046,2.8737159204774265,0.32873715920477425,2.8737159204774265
21.525423728813557,7.91875,28.631702110211783,2.873294060089332,0.3287329406008933,2.873294060089332
21.525423728813557,7.5024999999999995,28.631524745061636,2.8737329174746193,0.3287373291747462,2.8737329174746193
21.525423728813557,8.334999999999999,28.63240400400837,2.875188532934736,0.32875188532934735,2.875188532934736
21.525423728813557,8.75125,28.632688650406948,2.874435067975739,0.3287443506797574,2.874435067975739
21.525423728813557,9.1675,28.63295469330221,2.874232301910662,0.3287423230191066,2.874232301910662
21.525423728813557,9.58375,28.633122905726495,2.873270908517883,0.3287327090851788,2.873270908517883
21.525423728813557,10.0,28.633666055853293,2.8734524208099357,0.32873452420809934,2.8734524208099357
22.796610169491526,0.01,28.604644179110945,2.7611674033204747,0.32761167403320474,2.7611674033204747
22.796610169491526,0.42625,28.604516052827467,2.758211382159975,0.32758211382159974,2.758211382159975
22.796610169491526,0.8425,28.604593975905136,2.7567298080414804,0.3275672980804148,2.7567298080414804
22.796610169491526,1.25875,28.604991079624483,2.75632517582633,0.3275632517582633,2.75632517582633
22.796610169491526,1.675,28.605382249074847,2.7548878255279075,0.32754887825527906,2.7548878255279075
22.796610169491526,2.0912499999999996,28.605316237289546,2.751599449679082,0.3275159944967908,2.751599449679082
22.796610169491526,2.5075,28.60627427829373,2.7545386070675693,0.3275453860706757,2.7545386070675693
22.796610169491526,2.92375,28.605890626571853,2.7504689389587442,0.32750468938958743,2.7504689389587442
22.796610169491526,3.34,28.606701033740315,2.7530629475544632,0.3275306294755446,2.7530629475544632
22.796610169491526,3.7562499999999996,28.60706989622088,2.7531671654436876,0.32753167165443686,2.7531671654436876
22.796610169491526,4.172499999999999,28.606932988003365,2.74908288464451,0.3274908288464451,2.74908288464451
22.796610169491526,5.005,28.60742229201943,2.746261906843678,0.32746261906843677,2.746261906843678
22.796610169491526,4.58875,28.607526889433302,2.749767275326337,0.32749767275326336,2.749767275326337
22.796610169491526,5.42125,28.607459163662842,2.7420103942936036,0.327420103942936,2.7420103942936036
22.796610169491526,5.8375,28.607985592330603,2.741345442339499,0.327413454423395,2.741345442339499
22.796610169491526,6.25375,28.607978742003382,2.739624655040057,0.32739624655040056,2.739624655040057
22.796610169491526,6.67,28.608380969300995,2.7396336084254624,0.3273963360842546,2.7396336084254624
22.796610169491526,7.08625,28.608657598925415,2.737789451415967,0.32737789451415966,2.737789451415967
22.796610169491526,7.5024999999999995,28.609429337547553,2.739141672413398,0.32739141672413397,2.739141672413398
22.796610169491526,7.91875,28.609261356343126,2.737469896483946,0.32737469896483945,2.737469896483946
22.796610169491526,8.334999999999999,28.609720524689223,2.7384027497946937,0.32738402749794693,2.7384027497946937
22.796610169491526,8.75125,28.610179437632095,2.739298311834093,0.3273929831183409,2.739298311834093
22.796610169491526,9.1675,28.610374904374044,2.737875737415618,0.32737875737415617,2.737875737415618
22.796610169491526,10.0,28.610606116991992,2.7355330171071666,0.32735533017107166,2.7355330171071666
22.796610169491526,9.58375,28.61053258754786,2.7371428811998113,0.3273714288119981,2.7371428811998113
24.06779661016949,0.01,28.58776339914044,2.641809485178359,0.3264180948517836,2.641809485178359
24.06779661016949,0.8425,28.587451754569578,2.6367513642039544,0.32636751364203953,2.6367513642039544
24.06779661016949,0.42625,28.587611626309158,2.639032867398833,0.3263903286739883,2.639032867398833
24.06779661016949,1.25875,28.58756662597851,2.634439177874859,0.3263443917787486,2.634439177874859
24.06779661016949,1.675,28.587824374171888,2.6342916981102196,0.3263429169811022,2.6342916981102196
24.06779661016949,2.0912499999999996,28.58774500927937,2.631318958099449,0.3263131895809945,2.631318958099449
24.06779661016949,2.5075,28.58849804922933,2.6323866239028826,0.3263238662390288,2.6323866239028826
24.06779661016949,2.92375,28.588699815991745,2.6322400649909317,0.3263224006499093,2.6322400649909317
24.06779661016949,3.34,28.588993367787385,2.632120099374946,0.32632120099374945,2.632120099374946
24.06779661016949,3.7562499999999996,28.588948630766442,2.6302512069218964,0.32630251206921895,2.6302512069218964
24.06779661016949,4.172499999999999,28.58941556679162,2.6299170329492974,0.32629917032949296,2.6299170329492974
24.06779661016949,4.58875,28.58907088532998,2.6255442666463624,0.3262554426664636,2.6255442666463624
24.06779661016949,5.005,28.588941668461477,2.6226103170737702,0.3262261031707377,2.6226103170737702
24.06779661016949,5.42125,28.589132770232514,2.622227730921445,0.32622227730921444,2.622227730921445
24.06779661016949,5.8375,28.589456661477346,2.620061117683176,0.32620061117683175,2.620061117683176
24.06779661016949,6.25375,28.589828039859317,2.6187349746684188,0.3261873497466842,2.6187349746684188
24.06779661016949,6.67,28.590055155801906,2.6179548340003302,0.3261795483400033,2.6179548340003302
24.06779661016949,7.08625,28.59035817450066,2.6173817697831447,0.32617381769783144,2.6173817697831447
24.06779661016949,7.5024999999999995,28.59061228531971,2.616318756392111,0.3261631875639211,2.616318756392111
24.06779661016949,7.91875,28.590942449122203,2.616193829317348,0.32616193829317347,2.616193829317348
24.06779661016949,8.334999999999999,28.591144961427798,2.6156004920559086,0.3261560049205591,2.6156004920559086
24.06779661016949,8.75125,28.591309078294564,2.6155076097306273,0.32615507609730626,2.6155076097306273
24.06779661016949,9.1675,28.591422172423115,2.6148467364648376,0.32614846736464836,2.6148467364648376
24.06779661016949,9.58375,28.59167987293503,2.6149126980885953,0.32614912698088594,2.6149126980885953
24.06779661016949,10.0,28.591969956016946,2.614810726988559,0.3261481072698856,2.614810726988559
25.338983050847457,0.42625,28.57238474745426,2.5284136201724317,0.3252841362017243,2.5284136201724317
25.338983050847457,0.01,28.57214769453245,2.5286747917755257,0.32528674791775525,2.5286747917755257
25.338983050847457,0.8425,28.572317942073944,2.5264968121900266,0.32526496812190026,2.5264968121900266
25.338983050847457,1.675,28.572721016245673,2.5261670200509623,0.3252616702005096,2.5261670200509623
25.338983050847457,1.25875,28.57247309145793,2.5265363146903197,0.3252653631469032,2.5265363146903197
25.338983050847457,2.0912499999999996,28.572687811460987,2.523791976936496,0.32523791976936495,2.523791976936496
25.338983050847457,2.5075,28.573107574046418,2.5230505078985055,0.32523050507898504,2.5230505078985055
25.338983050847457,2.92375,28.57346075242122,2.5235383016029456,0.32523538301602944,2.5235383016029456
25.338983050847457,3.34,28.57359506119515,2.522557700211492,0.3252255770021149,2.522557700211492
25.338983050847457,3.7562499999999996,28.573832847608813,2.5210926695736324,0.3252109266957363,2.5210926695736324
25.338983050847457,4.58875,28.574337812674663,2.5197695098740205,0.3251976950987402,2.5197695098740205
25.338983050847457,4.172499999999999,28.574267846501662,2.5214445072737792,0.3252144450727378,2.5214445072737792
25.338983050847457,5.005,28.574433142965987,2.5175123536828603,0.3251751235368286,2.5175123536828603
25.338983050847457,5.42125,28.574596276362406,2.516699955388674,0.3251669995538867,2.516699955388674
25.338983050847457,5.8375,28.5751420227821,2.515566937280939,0.3251556693728094,2.515566937280939
25.338983050847457,6.25375,28.575232212422907,2.513890081224562,0.3251389008122456,2.513890081224562
25.338983050847457,6.67,28.575257200457365,2.5117409838054385,0.32511740983805437,2.5117409838054385
25.338983050847457,7.08625,28.57573807777301,2.51282294438297,0.3251282294438297,2.51282294438297
25.338983050847457,7.5024999999999995,28.576145808799424,2.5115603853926807,0.3251156038539268,2.5115603853926807
25.338983050847457,7.91875,28.576213036121022,2.510022080950358,0.32510022080950357,2.510022080950358
25.338983050847457,8.334999999999999,28.57700813001763,2.5123479160959916,0.3251234791609599,2.5123479160959916
25.338983050847457,9.1675,28.57735606329474,2.5103663267579956,0.32510366326757995,2.5103663267579956
25.338983050847457,8.75125,28.57703731868523,2.5103783847355787,0.3251037838473558,2.5103783847355787
25.338983050847457,9.58375,28.577773241614626,2.5106899138144625,0.3251068991381446,2.5106899138144625
25.338983050847457,10.0,28.577629334611178,2.508780691623663,0.3250878069162366,2.508780691623663
26.610169491525422,0.01,28.55888024213227,2.4301639677891282,0.3243016396778913,2.4301639677891282
26.610169491525422,0.42625,28.55898171789281,2.4265761872297897,0.3242657618722979,2.4265761872297897
26.610169491525422,0.8425,28.558735347314975,2.4261753915098163,0.32426175391509815,2.4261753915098163
26.610169491525422,1.25875,28.55928225198935,2.425349222009859,0.3242534922200986,2.425349222009859
26.610169491525422,1.675,28.559572506245583,2.4236534054974057,0.32423653405497405,2.4236534054974057
26.610169491525422,2.0912499999999996,28.559870081848757,2.423535037975799,0.324235350379758,2.423535037975799
26.610169491525422,2.5075,28.560064104146505,2.42214217143471,0.3242214217143471,2.42214217143471
26.610169491525422,2.92375,28.560550737415863,2.422380513744854,0.32422380513744853,2.422380513744854
26.610169491525422,3.7562499999999996,28.560970734464426,2.4222360153172753,0.32422236015317274,2.4222360153172753
26.610169491525422,3.34,28.560849917712915,2.422575776706437,0.32422575776706436,2.422575776706437
26.610169491525422,4.172499999999999,28.56145415021157,2.4215059790950564,0.32421505979095055,2.4215059790950564
26.610169491525422,4.58875,28.561800841741217,2.4207950791151234,0.3242079507911512,2.4207950791151234
26.610169491525422,5.005,28.56174470559746,2.4183349208159677,0.32418334920815967,2.4183349208159677
26.610169491525422,5.42125,28.562256147565897,2.4180774114716588,0.3241807741147166,2.4180774114716588
26.610169491525422,5.8375,28.562503229042232,2.4173775962821997,0.324173775962822,2.4173775962821997
26.610169491525422,6.25375,28.562871896777295,2.4171643064862747,0.32417164306486274,2.4171643064862747
26.610169491525422,6.67,28.563017965542993,2.4149967546133464,0.32414996754613346,2.4149967546133464
26.610169491525422,7.08625,28.563096661423515,2.4127507011581564,0.32412750701158155,2.4127507011581564
26.610169491525422,7.5024999999999995,28.563540561998018,2.414705532567668,0.32414705532567667,2.414705532567668
26.610169491525422,7.91875,28.56350434372531,2.4105131625025535,0.3241051316250255,2.4105131625025535
26.610169491525422,8.334999999999999,28.564251764579463,2.412626096630005,0.32412626096630004,2.412626096630005
26.610169491525422,8.75125,28.56418631216036,2.4097276530562817,0.3240972765305628,2.4097276530562817
26.610169491525422,9.1675,28.564903809634476,2.412379458159725,0.32412379458159724,2.412379458159725
26.610169491525422,9.58375,28.564593391458427,2.409621511529414,0.32409621511529413,2.409621511529414
26.610169491525422,10.0,28.5648448344275,2.408955636514526,0.32408955636514525,2.408955636514526
27.881355932203387,0.42625,28.547529528952015,2.334004491523584,0.3233400449152358,2.334004491523584
27.881355932203387,0.01,28.54762606506889,2.3360077156708514,0.3233600771567085,2.3360077156708514
27.881355932203387,0.8425,28.547462216784332,2.3339949603665646,0.32333994960366563,2.3339949603665646
27.881355932203387,1.25875,28.54779798589711,2.3336139818876775,0.32333613981887677,2.3336139818876775
27.881355932203387,1.675,28.547923988087803,2.3325543716015584,0.3233255437160156,2.3325543716015584
27.881355932203387,2.0912499999999996,28.548222155599525,2.3319096042705603,0.3233190960427056,2.3319096042705603
27.881355932203387,2.5075,28.548626819274396,2.331010309511189,0.3233101030951119,2.331010309511189
27.881355932203387,3.7562499999999996,28.54929606234947,2.329928471448506,0.32329928471448505,2.329928471448506
27.881355932203387,2.92375,28.548940000545887,2.331396042923245,0.32331396042923244,2.331396042923245
27.881355932203387,3.34,28.549311181918327,2.3312799979204044,0.32331279997920404,2.3312799979204044
27.881355932203387,4.172499999999999,28.549206427594374,2.3283012010891,0.323283012010891,2.3283012010891
27.881355932203387,4.58875,28.549789325622648,2.3292539233221055,0.32329253923322104,2.3292539233221055
27.881355932203387,5.42125,28.550228898598263,2.3267567163949234,0.3232675671639492,2.3267567163949234
27.881355932203387,5.005,28.550150179424655,2.329154373684145,0.32329154373684144,2.329154373684145
27.881355932203387,5.8375,28.55050591546771,2.326197884934328,0.32326197884934327,2.326197884934328
27.881355932203387,6.67,28.551194211024846,2.323347743854792,0.3232334774385479,2.323347743854792
27.881355932203387,6.25375,28.551022755309187,2.3261271733976296,0.3232612717339763,2.3261271733976296
27.881355932203387,7.08625,28.551641615093793,2.3229643806490063,0.32322964380649005,2.3229643806490063
27.881355932203387,7.5024999999999995,28.551717125676788,2.322551469581713,0.3232255146958171,2.322551469581713
27.881355932203387,8.334999999999999,28.552294483657313,2.3220682362617264,0.32322068236261725,2.3220682362617264
27.881355932203387,7.91875,28.55214931629968,2.3222281061480112,0.3232222810614801,2.3222281061480112
27.881355932203387,8.75125,28.55309279818832,2.3236264248507164,0.32323626424850715,2.3236264248507164
27.881355932203387,9.1675,28.55333473521135,2.3227191119193025,0.323227191119193,2.3227191119193025
27.881355932203387,9.58375,28.553143119041373,2.3217988403438197,0.3232179884034382,2.3217988403438197
27.881355932203387,10.0,28.55369210212964,2.3228006012236735,0.3232280060122367,2.3228006012236735
29.152542372881356,0.01,28.537206272379755,2.2530948542866636,0.3225309485428666,2.2530948542866636
29.152542372881356,0.42625,28.53696082434005,2.2507073300336633,0.3225070733003366,2.2507073300336633
29.152542372881356,0.8425,28.537283213242294,2.251629343348144,0.3225162934334814,2.251629343348144
29.152542372881356,1.25875,28.537057723249262,2.2484859339163163,0.32248485933916315,2.2484859339163163
29.152542372881356,1.675,28.53748611894828,2.248773079384303,0.322487730793843,2.248773079384303
29.152542372881356,2.0912499999999996,28.53786208749731,2.2487690038430266,0.32248769003843025,2.2487690038430266
29.152542372881356,2.5075,28.53837380565059,2.2489519824310964,0.32248951982431096,2.2489519824310964
29.152542372881356,3.34,28.538406638442606,2.246460236510922,0.3224646023651092,2.246460236510922
29.152542372881356,2.92375,28.5384646852518,2.2479741379414553,0.32247974137941454,2.2479741379414553
29.152542372881356,3.7562499999999996,28.538974312058983,2.2477761890174977,0.32247776189017496,2.2477761890174977
29.152542372881356,4.172499999999999,28.538684251621618,2.2447754414268384,0.3224477544142684,2.2447754414268384
29.152542372881356,4.58875,28.53892510222388,2.2445018032542565,0.32244501803254255,2.2445018032542565
29.152542372881356,5.005,28.53962818239678,2.2455736948371663,0.32245573694837165,2.2455736948371663
29.152542372881356,5.42125,28.53970303253322,2.242939069894118,0.32242939069894117,2.242939069894118
29.152542372881356,5.8375,28.540070001784052,2.243108822875306,0.32243108822875305,2.243108822875306
29.152542372881356,6.25375,28.540326294390976,2.242722713767298,0.32242722713767297,2.242722713767298
29.152542372881356,6.67,28.54032980854667,2.2418086010174756,0.32241808601017474,2.2418086010174756
29.152542372881356,7.08625,28.541135624616732,2.241441608963762,0.3224144160896376,2.241441608963762
29.152542372881356,7.91875,28.541495757397936,2.2395240804976844,0.32239524080497683,2.2395240804976844
29.152542372881356,8.334999999999999,28.541808935439935,2.239779454783469,0.3223977945478347,2.239779454783469
29.152542372881356,7.5024999999999995,28.541281629133483,2.2404257032787864,0.32240425703278786,2.2404257032787864
29.152542372881356,8.75125,28.542264920863705,2.240271692412249,0.3224027169241225,2.240271692412249
29.152542372881356,9.1675,28.542193909681664,2.2387391488096045,0.32238739148809603,2.2387391488096045
29.152542372881356,9.58375,28.54289075631342,2.2401140472475323,0.3224011404724753,2.2401140472475323
29.152542372881356,10.0,28.54331625463778,2.2396017576471583,0.32239601757647157,2.2396017576471583
30.423728813559322,0.01,28.527327234344575,2.1761712725307025,0.321761712725307,2.1761712725307025
30.423728813559322,0.42625,28.52766068031054,2.1760339946920726,0.3217603399469207,2.1760339946920726
30.423728813559322,0.8425,28.527466819768534,2.1742238834845775,0.32174223883484576,2.1742238834845775
30.423728813559322,1.25875,28.527204657887587,2.1712093521940368,0.32171209352194036,2.1712093521940368
30.423728813559322,1.675,28.527403531296187,2.170631151431912,0.3217063115143191,2.170631151431912
30.423728813559322,2.5075,28.528442707779114,2.171376568993466,0.32171376568993465,2.171376568993466
30.423728813559322,2.0912499999999996,28.52785155455483,2.170142685741505,0.32170142685741504,2.170142685741505
30.423728813559322,2.92375,28.528524463425594,2.169064118015107,0.32169064118015106,2.169064118015107
30.423728813559322,3.34,28.528616058236153,2.169099493475901,0.321690994934759,2.169099493475901
30.423728813559322,3.7562499999999996,28.528855383622634,2.170477855492231,0.3217047785549223,2.170477855492231
30.423728813559322,4.172499999999999,28.529153053321803,2.16955588319675,0.3216955588319675,2.16955588319675
30.423728813559322,4.58875,28.529301573987116,2.168036586833849,0.3216803658683385,2.168036586833849
30.423728813559322,5.005,28.529698757565086,2.1675236863453073,0.32167523686345306,2.1675236863453073
30.423728813559322,5.42125,28.530318035371373,2.1683229046990435,0.3216832290469904,2.1683229046990435
30.423728813559322,5.8375,28.530289826137267,2.1645231891223693,0.3216452318912237,2.1645231891223693
30.423728813559322,6.25375,28.53036543609954,2.164069374399913,0.3216406937439991,2.164069374399913
30.423728813559322,6.67,28.530980554953352,2.1651209204829214,0.3216512092048292,2.1651209204829214
30.423728813559322,7.91875,28.53160998039075,2.1633992746344255,0.32163399274634424,2.1633992746344255
30.423728813559322,7.5024999999999995,28.531485702901414,2.1640713030667227,0.3216407130306672,2.1640713030667227
30.423728813559322,7.08625,28.531281114872765,2.1642548065216483,0.32164254806521647,2.1642548065216483
30.423728813559322,8.334999999999999,28.531877868587152,2.1627281827881593,0.3216272818278816,2.1627281827881593
30.423728813559322,8.75125,28.53198000202119,2.1624440083703123,0.3216244400837031,2.1624440083703123
30.423728813559322,9.1675,28.532456684957918,2.162907194725683,0.3216290719472568,2.162907194725683
30.423728813559322,9.58375,28.532671054568116,2.1633725162917115,0.3216337251629171,2.1633725162917115
30.423728813559322,10.0,28.53318637754933,2.1632293332616905,0.3216322933326169,2.1632293332616905
31.694915254237287,0.01,28.519559581687904,2.1044361102624642,0.32104436110262463,2.1044361102624642
31.694915254237287,0.42625,28.519466700696274,2.1029619465074423,0.3210296194650744,2.1029619465074423
31.694915254237287,0.8425,28.51964274060414,2.1030547402525466,0.32103054740252546,2.1030547402525466
31.694915254237287,1.25875,28.519606644239186,2.1018252666596515,0.3210182526665965,2.1018252666596515
31.694915254237287,2.5075,28.520218666158545,2.1014511613038134,0.3210145116130381,2.1014511613038134
31.694915254237287,1.675,28.520002138904253,2.1025242903550456,0.32102524290355045,2.1025242903550456
31.694915254237287,2.0912499999999996,28.520048679658814,2.1018882810038884,0.3210188828100389,2.1018882810038884
31.694915254237287,2.92375,28.5203735090441,2.1004558965128037,0.32100455896512803,2.1004558965128037
31.694915254237287,3.34,28.521007752525144,2.1015982929815213,0.3210159829298152,2.1015982929815213
31.694915254237287,3.7562499999999996,28.521128357212522,2.1005573275666323,0.3210055732756663,2.1005573275666323
31.694915254237287,4.172499999999999,28.52140785981468,2.1009556469283375,0.32100955646928336,2.1009556469283375
31.694915254237287,4.58875,28.521593636003832,2.10057039062968,0.3210057039062968,2.10057039062968
31.694915254237287,5.005,28.52170187932191,2.098496271209205,0.32098496271209204,2.098496271209205
31.694915254237287,5.42125,28.52246512172562,2.099235235940383,0.3209923523594038,2.099235235940383
31.694915254237287,5.8375,28.522115638786573,2.096467723567824,0.32096467723567823,2.096467723567824
31.694915254237287,6.25375,28.522368433423615,2.095447936688055,0.32095447936688054,2.095447936688055
31.694915254237287,6.67,28.52263257152962,2.0948313109315055,0.32094831310931504,2.0948313109315055
31.694915254237287,7.08625,28.52279444757086,2.093997531914571,0.3209399753191457,2.093997531914571
31.694915254237287,7.5024999999999995,28.522856315293517,2.0924159690431154,0.32092415969043114,2.0924159690431154
31.694915254237287,7.91875,28.52317154171324,2.093042885024948,0.32093042885024947,2.093042885024948
31.694915254237287,8.334999999999999,28.523522747358893,2.0927597416110775,0.32092759741611077,2.0927597416110775
31.694915254237287,9.1675,28.52387309405699,2.0921225211837537,0.3209212252118375,2.0921225211837537
31.694915254237287,8.75125,28.523706106256235,2.0924023571849415,0.3209240235718494,2.0924023571849415
31.694915254237287,9.58375,28.524025683609963,2.091979278574685,0.32091979278574684,2.091979278574685
31.694915254237287,10.0,28.523959985227915,2.090290965194719,0.3209029096519472,2.090290965194719
32.96610169491525,0.01,28.513030177152423,2.038431828303949,0.3203843182830395,2.038431828303949
32.96610169491525,0.42625,28.51333020622446,2.0391376015889193,0.3203913760158892,2.0391376015889193
32.96610169491525,0.8425,28.51342025509909,2.0391824621901975,0.32039182462190197,2.0391824621901975
32.96610169491525,1.25875,28.513251118416573,2.0373405431977574,0.32037340543197756,2.0373405431977574
32.96610169491525,1.675,28.513513547965708,2.037678406313198,0.32037678406313197,2.037678406313198
32.96610169491525,2.5075,28.51402906144567,2.037341377239632,0.3203734137723963,2.037341377239632
32.96610169491525,2.0912499999999996,28.51364902027804,2.0368680759622224,0.3203686807596222,2.0368680759622224
32.96610169491525,2.92375,28.514077016758453,2.035990218592576,0.32035990218592575,2.035990218592576
32.96610169491525,3.34,28.513976339720344,2.0351693586751263,0.32035169358675125,2.0351693586751263
32.96610169491525,3.7562499999999996,28.51426176014798,2.03524613038234,0.3203524613038234,2.03524613038234
32.96610169491525,4.172499999999999,28.5145493644385,2.0352144591743393,0.3203521445917434,2.0352144591743393
32.96610169491525,4.58875,28.51519861968238,2.0348515298407035,0.320348515298407,2.0348515298407035
32.96610169491525,5.005,28.515312756498172,2.033904462004299,0.320339044620043,2.033904462004299
32.96610169491525,5.42125,28.51580258337478,2.0344834798895817,0.3203448347988958,2.0344834798895817
32.96610169491525,5.8375,28.515984748991745,2.033845292571479,0.3203384529257148,2.033845292571479
32.96610169491525,6.25375,28.51591781630699,2.030341517051265,0.32030341517051264,2.030341517051265
32.96610169491525,7.08625,28.516776465108183,2.0315242928100554,0.32031524292810054,2.0315242928100554
32.96610169491525,6.67,28.51638370070088,2.030560508274426,0.32030560508274425,2.030560508274426
32.96610169491525,7.5024999999999995,28.516828877095456,2.0302542278913482,0.32030254227891347,2.0302542278913482
32.96610169491525,7.91875,28.516888745367527,2.0283746142421846,0.32028374614242183,2.0283746142421846
32.96610169491525,8.75125,28.51707272097206,2.0279135333212404,0.3202791353332124,2.0279135333212404
32.96610169491525,8.334999999999999,28.517504522943355,2.02898295213883,0.3202898295213883,2.02898295213883
32.96610169491525,9.1675,28.517493498516068,2.027086431872238,0.32027086431872237,2.027086431872238
32.96610169491525,9.58375,28.5179854509786,2.027280819003985,0.32027280819003984,2.027280819003985
32.96610169491525,10.0,28.517761873045384,2.02786635412549,0.3202786635412549,2.02786635412549
34.23728813559322,0.01,28.5078768185769,1.9793404553242633,0.3197934045532426,1.9793404553242633
34.23728813559322,0.42625,28.50793618477108,1.977948231320148,0.31977948231320147,1.977948231320148
34.23728813559322,0.8425,28.507989241882132,1.978038870401333,0.3197803887040133,1.978038870401333
34.23728813559322,1.25875,28.508127500547094,1.9774743254196536,0.3197747432541965,1.9774743254196536
34.23728813559322,1.675,28.50833851896214,1.9771277996285974,0.31977127799628596,1.9771277996285974
34.23728813559322,2.0912499999999996,28.508424882888278,1.9770762115986662,0.31977076211598665,1.9770762115986662
34.23728813559322,2.5075,28.508398024027866,1.9761720092613289,0.3197617200926133,1.9761720092613289
34.23728813559322,2.92375,28.509088039581123,1.976809162558002,0.31976809162558,1.976809162558002
34.23728813559322,3.34,28.509160083169526,1.9765386693644527,0.3197653866936445,1.9765386693644527
34.23728813559322,3.7562499999999996,28.509376496597426,1.9757038699374008,0.319757038699374,1.9757038699374008
34.23728813559322,4.172499999999999,28.50957803365905,1.9762198956595256,0.31976219895659524,1.9762198956595256
34.23728813559322,4.58875,28.50999284308666,1.975777985846805,0.31975777985846804,1.975777985846805
34.23728813559322,5.005,28.50982548477019,1.974636697575305,0.31974636697575304,1.974636697575305
34.23728813559322,5.42125,28.51021256001155,1.9750875950853342,0.31975087595085333,1.9750875950853342
34.23728813559322,6.67,28.510951600466235,1.9720720606859088,0.3197207206068591,1.9720720606859088
34.23728813559322,5.8375,28.510703036990105,1.9747564037053578,0.31974756403705357,1.9747564037053578
34.23728813559322,6.25375,28.51035460449459,1.9701224153898522,0.3197012241538985,1.9701224153898522
34.23728813559322,7.08625,28.51078634606341,1.9708419575238223,0.3197084195752382,1.9708419575238223
34.23728813559322,7.5024999999999995,28.510836416189807,1.969714085644536,0.31969714085644535,1.969714085644536
34.23728813559322,7.91875,28.51157733447102,1.9702523296514118,0.3197025232965141,1.9702523296514118
34.23728813559322,8.334999999999999,28.51145612362615,1.9682875576348235,0.3196828755763482,1.9682875576348235
34.23728813559322,8.75125,28.511908520201985,1.9686436482702574,0.31968643648270256,1.9686436482702574
34.23728813559322,9.1675,28.511980336160978,1.9683734120539642,0.31968373412053963,1.9683734120539642
34.23728813559322,9.58375,28.51193220273592,1.967814465741824,0.31967814465741823,1.967814465741824
34.23728813559322,10.0,28.511910373546968,1.966554850249147,0.31966554850249146,1.966554850249147
35.50847457627118,0.01,28.503475461089074,1.9225085294917676,0.31922508529491767,1.9225085294917676
35.50847457627118,0.8425,28.503624266674766,1.9222108710082508,0.3192221087100825,1.9222108710082508
35.50847457627118,1.25875,28.503655557204414,1.9221288659511226,0.3192212886595112,1.9221288659511226
35.50847457627118,0.42625,28.503615775135867,1.9223628458603481,0.31922362845860347,1.9223628458603481
35.50847457627118,1.675,28.503435668560023,1.9204175059238715,0.3192041750592387,1.9204175059238715
35.50847457627118,2.0912499999999996,28.50378570303839,1.9207147917563117,0.3192071479175631,1.9207147917563117
35.50847457627118,2.92375,28.5042492868772,1.920642578194659,0.3192064257819466,1.920642578194659
35.50847457627118,2.5075,28.504063650172387,1.9211499086663197,0.3192114990866632,1.9211499086663197
35.50847457627118,3.34,28.504852275767913,1.9209770177275765,0.31920977017727575,1.9209770177275765
35.50847457627118,3.7562499999999996,28.50472368963094,1.9196175123545267,0.31919617512354526,1.9196175123545267
35.50847457627118,4.172499999999999,28.505130643900912,1.9200700037974194,0.3192007000379742,1.9200700037974194
35.50847457627118,4.58875,28.50560377706474,1.9202340572399834,0.3192023405723998,1.9202340572399834
35.50847457627118,5.005,28.505727236645402,1.92049937624314,0.3192049937624314,1.92049937624314
35.50847457627118,5.8375,28.505620559440096,1.9173336372590444,0.31917333637259043,1.9173336372590444
35.50847457627118,5.42125,28.505815324468923,1.9194674537818535,0.3191946745378185,1.9194674537818535
35.50847457627118,6.25375,28.50639076363021,1.9188342607482367,0.31918834260748236,1.9188342607482367
35.50847457627118,6.67,28.506172215638525,1.9158917348464144,0.31915891734846413,1.9158917348464144
35.50847457627118,7.08625,28.506350217470597,1.9143813402913157,0.31914381340291315,1.9143813402913157
35.50847457627118,7.91875,28.506574726311662,1.91376330640195,0.3191376330640195,1.91376330640195
35.50847457627118,7.5024999999999995,28.50654549690823,1.9143644600650656,0.31914364460065064,1.9143644600650656
35.50847457627118,8.334999999999999,28.506798535960716,1.912073367238365,0.31912073367238364,1.912073367238365
35.50847457627118,8.75125,28.507185544216874,1.9130421247223028,0.319130421247223,1.9130421247223028
35.50847457627118,9.1675,28.507541890801,1.9126969466960742,0.31912696946696073,1.9126969466960742
35.50847457627118,9.58375,28.507838400950693,1.9130688112823147,0.31913068811282314,1.9130688112823147
35.50847457627118,10.0,28.507747226258527,1.9113800280789517,0.3191138002807895,1.9113800280789517
36.77966101694915,1.25875,28.499786532241316,1.86952903012918,0.3186952903012918,1.86952903012918
36.77966101694915,0.01,28.499653124750704,1.8702945850875174,0.31870294585087516,1.8702945850875174
36.77966101694915,0.8425,28.499758102263343,1.8700152590042374,0.31870015259004236,1.8700152590042374
36.77966101694915,0.42625,28.499755590837864,1.8697423088226917,0.3186974230882269,1.8697423088226917
36.77966101694915,1.675,28.499528706803712,1.8683693097249487,0.3186836930972495,1.8683693097249487
36.77966101694915,2.0912499999999996,28.49944552279598,1.8674884488628807,0.3186748844886288,1.8674884488628807
36.77966101694915,2.5075,28.499848734604743,1.8686387302970675,0.31868638730297066,1.8686387302970675
36.77966101694915,2.92375,28.500205466807873,1.867001939355556,0.31867001939355555,1.867001939355556
36.77966101694915,3.34,28.50038310781922,1.8660097943375642,0.31866009794337563,1.8660097943375642
36.77966101694915,3.7562499999999996,28.500727248895583,1.8664017330521587,0.3186640173305216,1.8664017330521587
36.77966101694915,4.172499999999999,28.500779417360047,1.8661806784418866,0.31866180678441886,1.8661806784418866
36.77966101694915,4.58875,28.50127355148572,1.866706012027286,0.31866706012027285,1.866706012027286
36.77966101694915,5.8375,28.501620404205717,1.865076983641123,0.3186507698364112,1.865076983641123
36.77966101694915,5.42125,28.501468152894407,1.8659477310249084,0.3186594773102491,1.8659477310249084
36.77966101694915,5.005,28.501493667282215,1.8669632175514872,0.31866963217551486,1.8669632175514872
36.77966101694915,6.25375,28.50208058555147,1.8649641069305278,0.31864964106930527,1.8649641069305278
36.77966101694915,6.67,28.502311350356536,1.8654199245788372,0.31865419924578836,1.8654199245788372
36.77966101694915,7.08625,28.50205995389598,1.862048192324528,0.31862048192324527,1.862048192324528
36.77966101694915,7.5024999999999995,28.502047994672555,1.8612845413820078,0.31861284541382007,1.8612845413820078
36.77966101694915,7.91875,28.502454281966536,1.8618631429275445,0.31861863142927543,1.8618631429275445
36.77966101694915,8.334999999999999,28.502976118126856,1.8626541243179306,0.3186265412431793,1.8626541243179306
36.77966101694915,8.75125,28.502710676814768,1.86029119355976,0.3186029119355976,1.86029119355976
36.77966101694915,9.1675,28.503234415125878,1.8605679315324142,0.31860567931532413,1.8605679315324142
36.77966101694915,9.58375,28.503442250131226,1.8600281011558029,0.318600281011558,1.8600281011558029
36.77966101694915,10.0,28.50359733748629,1.8599971152567896,0.3185999711525679,1.8599971152567896
38.050847457627114,0.01,28.49549365601169,1.822278264486954,0.31822278264486953,1.822278264486954
38.050847457627114,0.8425,28.495323094502588,1.8206875892675,0.318206875892675,1.8206875892675
38.050847457627114,0.42625,28.495302323358498,1.8206403528513104,0.3182064035285131,1.8206403528513104
38.050847457627114,1.25875,28.495443701700424,1.8206296661352095,0.3182062966613521,1.8206296661352095
38.050847457627114,1.675,28.495491789688856,1.8196323112626922,0.3181963231126269,1.8196323112626922
38.050847457627114,2.0912499999999996,28.49568993992499,1.8197977201153348,0.31819797720115334,1.8197977201153348
38.050847457627114,2.5075,28.49588282640616,1.8198257357025904,0.3181982573570259,1.8198257357025904
38.050847457627114,2.92375,28.496086726144927,1.819078088270737,0.31819078088270736,1.819078088270737
38.050847457627114,3.34,28.496303364170608,1.8190781037490722,0.3181907810374907,1.8190781037490722
38.050847457627114,3.7562499999999996,28.496378340661813,1.817559534118507,0.31817559534118506,1.817559534118507
38.050847457627114,4.172499999999999,28.49689599057468,1.8187563841387977,0.31818756384138797,1.8187563841387977
38.050847457627114,4.58875,28.49722712398625,1.8187033463360036,0.31818703346336,1.8187033463360036
38.050847457627114,5.42125,28.49715365156118,1.8165470340204326,0.3181654703402043,1.8165470340204326
38.050847457627114,5.005,28.49745182660116,1.8188674065524713,0.3181886740655247,1.8188674065524713
38.050847457627114,5.8375,28.497528633170894,1.8161864690490026,0.31816186469049,1.8161864690490026
38.050847457627114,6.25375,28.497564763332097,1.8164392551910047,0.31816439255191004,1.8164392551910047
38.050847457627114,6.67,28.497908433384644,1.8156742814153082,0.31815674281415307,1.8156742814153082
38.050847457627114,7.08625,28.49815979243832,1.8128339927830806,0.3181283399278308,1.8128339927830806
38.050847457627114,7.5024999999999995,28.498395491899863,1.8141138169251114,0.3181411381692511,1.8141138169251114
38.050847457627114,7.91875,28.498226942879402,1.8134024739622001,0.318134024739622,1.8134024739622001
38.050847457627114,8.334999999999999,28.498374453127276,1.8127586750438907,0.3181275867504389,1.8127586750438907
38.050847457627114,8.75125,28.498537323915166,1.8120791165816552,0.31812079116581654,1.8120791165816552
38.050847457627114,9.1675,28.498553179100966,1.810874992477135,0.31810874992477134,1.810874992477135
38.050847457627114,9.58375,28.498856057881778,1.8116173741704655,0.31811617374170464,1.8116173741704655
39.32203389830509,0.01,28.490918588293848,1.775200023313156,0.31775200023313155,1.775200023313156
38.050847457627114,10.0,28.499282460711772,1.8114350843061067,0.31811435084306106,1.8114350843061067
39.32203389830509,0.42625,28.49120189163706,1.7749539886837473,0.31774953988683746,1.7749539886837473
39.32203389830509,0.8425,28.4911060507781,1.7744848339857122,0.3177448483398571,1.7744848339857122
39.32203389830509,1.25875,28.491258017201567,1.775101085079528,0.31775101085079527,1.775101085079528
39.32203389830509,2.0912499999999996,28.491145445304284,1.7739118780991714,0.3177391187809917,1.7739118780991714
39.32203389830509,1.675,28.491154583867473,1.7738686581424856,0.31773868658142485,1.7738686581424856
39.32203389830509,2.5075,28.491274106698903,1.7725570383905043,0.31772557038390503,1.7725570383905043
39.32203389830509,2.92375,28.491727179701044,1.7731674868057157,0.31773167486805715,1.7731674868057157
39.32203389830509,3.34,28.491930977165897,1.7720590627419375,0.31772059062741936,1.7720590627419375
39.32203389830509,3.7562499999999996,28.491837169965972,1.7720687470204943,0.31772068747020493,1.7720687470204943
39.32203389830509,4.172499999999999,28.492178752400644,1.772765076060373,0.3177276507606037,1.772765076060373
39.32203389830509,5.005,28.493228720700348,1.7730518062867018,0.317730518062867,1.7730518062867018
39.32203389830509,4.58875,28.492373946978358,1.7725635970115228,0.3177256359701152,1.7725635970115228
39.32203389830509,5.42125,28.49317735019077,1.7726487243162836,0.3177264872431628,1.7726487243162836
39.32203389830509,5.8375,28.493203082284005,1.771055520326037,0.31771055520326036,1.771055520326037
39.32203389830509,6.25375,28.49331987491533,1.7704408005583205,0.3177044080055832,1.7704408005583205
39.32203389830509,6.67,28.493722918392567,1.768836157633008,0.31768836157633007,1.768836157633008
39.32203389830509,7.08625,28.494148796454713,1.7702563318488018,0.317702563318488,1.7702563318488018
39.32203389830509,7.5024999999999995,28.49414031338663,1.7677955874224827,0.3176779558742248,1.7677955874224827
39.32203389830509,7.91875,28.494338200814905,1.76726634962725,0.3176726634962725,1.76726634962725
39.32203389830509,8.334999999999999,28.494333686749826,1.7670977602380622,0.3176709776023806,1.7670977602380622
39.32203389830509,8.75125,28.494811889915947,1.7676717895953875,0.31767671789595386,1.7676717895953875
39.32203389830509,9.1675,28.494838095543617,1.766198545598896,0.31766198545598895,1.766198545598896
39.32203389830509,10.0,28.494843877513024,1.7640312142221726,0.3176403121422217,1.7640312142221726
39.32203389830509,9.58375,28.495102570742066,1.76632647052542,0.3176632647052542,1.76632647052542
40.59322033898305,0.01,28.487838355535615,1.7318738814181611,0.3173187388141816,1.7318738814181611
40.59322033898305,0.42625,28.488164993721046,1.731258795763857,0.31731258795763856,1.731258795763857
40.59322033898305,0.8425,28.48811349796872,1.732232084411861,0.3173223208441186,1.732232084411861
40.59322033898305,1.675,28.48823968779533,1.7308851148495896,0.3173088511484959,1.7308851148495896
40.59322033898305,1.25875,28.48816335519447,1.7317477363452793,0.3173174773634528,1.7317477363452793
40.59322033898305,2.0912499999999996,28.48847112082526,1.7305212613781429,0.3173052126137814,1.7305212613781429
40.59322033898305,2.5075,28.48854600517983,1.7303066635882547,0.31730306663588254,1.7303066635882547
40.59322033898305,2.92375,28.488513207915187,1.7301796139328696,0.3173017961393287,1.7301796139328696
40.59322033898305,3.34,28.488948532836496,1.7298771735080543,0.31729877173508053,1.7298771735080543
40.59322033898305,3.7562499999999996,28.489323716901414,1.7298754336026123,0.3172987543360261,1.7298754336026123
40.59322033898305,4.172499999999999,28.48927489622896,1.7287618409175698,0.3172876184091757,1.7287618409175698
40.59322033898305,4.58875,28.489422036407756,1.7287864941414488,0.3172878649414145,1.7287864941414488
40.59322033898305,5.005,28.48984739079658,1.7288008306677094,0.3172880083066771,1.7288008306677094
40.59322033898305,5.42125,28.490103132114307,1.7281733916953812,0.3172817339169538,1.7281733916953812
40.59322033898305,5.8375,28.49034590789129,1.7290070427904314,0.3172900704279043,1.7290070427904314
40.59322033898305,6.25375,28.490441770543853,1.727560824826807,0.31727560824826806,1.727560824826807
40.59322033898305,6.67,28.490724929779883,1.7280284242419675,0.31728028424241966,1.7280284242419675
40.59322033898305,7.08625,28.490684127403263,1.7263353234897028,0.317263353234897,1.7263353234897028
40.59322033898305,7.5024999999999995,28.49058488394671,1.7240143366718697,0.3172401433667187,1.7240143366718697
40.59322033898305,7.91875,28.49050986205829,1.7234236909514145,0.31723423690951413,1.7234236909514145
40.59322033898305,8.334999999999999,28.49067039329897,1.7247790040251232,0.3172477900402512,1.7247790040251232
40.59322033898305,8.75125,28.490798969477805,1.7236308635173114,0.3172363086351731,1.7236308635173114
40.59322033898305,9.1675,28.49131751502995,1.725112794763145,0.31725112794763144,1.725112794763145
40.59322033898305,9.58375,28.491191035044466,1.7219698204315237,0.3172196982043152,1.7219698204315237
40.59322033898305,10.0,28.491728052364486,1.723175146794792,0.3172317514679479,1.723175146794792
41.86440677966102,0.01,28.486018370943917,1.6922045067780278,0.31692204506778027,1.6922045067780278
41.86440677966102,0.42625,28.486390923111948,1.69206810002816,0.3169206810002816,1.69206810002816
41.86440677966102,0.8425,28.48642228745082,1.6915005798115779,0.31691500579811577,1.6915005798115779
41.86440677966102,1.25875,28.486470224935974,1.6921541267436335,0.3169215412674363,1.6921541267436335
41.86440677966102,1.675,28.486238114163964,1.6903692431931017,0.316903692431931,1.6903692431931017
41.86440677966102,2.0912499999999996,28.486169507184258,1.689496242870936,0.31689496242870935,1.689496242870936
41.86440677966102,2.5075,28.486975156953903,1.691079624244629,0.3169107962424463,1.691079624244629
41.86440677966102,2.92375,28.486942868699227,1.691122327820166,0.31691122327820165,1.691122327820166
41.86440677966102,3.34,28.486761366086135,1.6906147238516855,0.31690614723851684,1.6906147238516855
41.86440677966102,3.7562499999999996,28.487105056706504,1.6886901318112546,0.31688690131811253,1.6886901318112546
41.86440677966102,4.58875,28.487707274257307,1.689605791111809,0.3168960579111181,1.689605791111809
41.86440677966102,4.172499999999999,28.487330949909524,1.688469610636345,0.31688469610636344,1.688469610636345
41.86440677966102,5.005,28.488028519511143,1.6896471059553164,0.31689647105955315,1.6896471059553164
41.86440677966102,5.42125,28.488207802458607,1.6891928467085593,0.3168919284670856,1.6891928467085593
41.86440677966102,5.8375,28.488073241089438,1.6884365797727563,0.31688436579772755,1.6884365797727563
41.86440677966102,6.25375,28.488345539720722,1.6883076483141524,0.3168830764831415,1.6883076483141524
41.86440677966102,6.67,28.48850186502331,1.6877536565090334,0.3168775365650903,1.6877536565090334
41.86440677966102,7.08625,28.488848517519983,1.6874849154686011,0.316874849154686,1.6874849154686011
41.86440677966102,7.5024999999999995,28.4887981867964,1.6866355619258144,0.31686635561925813,1.6866355619258144
41.86440677966102,7.91875,28.488607119822813,1.6837938387838425,0.3168379383878384,1.6837938387838425
41.86440677966102,8.334999999999999,28.489051459684838,1.6852593042720299,0.3168525930427203,1.6852593042720299
41.86440677966102,8.75125,28.488914112360256,1.6835503618184533,0.3168355036181845,1.6835503618184533
41.86440677966102,9.58375,28.489331947518423,1.6839542630765758,0.31683954263076575,1.6839542630765758
41.86440677966102,9.1675,28.48927171977893,1.6842313719082291,0.3168423137190823,1.6842313719082291
41.86440677966102,10.0,28.48920737264562,1.6823922908266897,0.3168239229082669,1.6823922908266897
43.13559322033898,0.01,28.484475688289955,1.6519979931973572,0.31651997993197356,1.6519979931973572
43.13559322033898,0.42625,28.484617210378715,1.6517142659064898,0.3165171426590649,1.6517142659064898
43.13559322033898,0.8425,28.48454030020277,1.6516638823243612,0.3165166388232436,1.6516638823243612
43.13559322033898,1.25875,28.484765707031553,1.6517864327825815,0.3165178643278258,1.6517864327825815
43.13559322033898,1.675,28.484717847385827,1.6507656079351452,0.31650765607935144,1.6507656079351452
43.13559322033898,2.0912499999999996,28.485145979367182,1.6512261118533489,0.3165122611185335,1.6512261118533489
43.13559322033898,2.5075,28.4848801244779,1.6506249160433084,0.3165062491604331,1.6506249160433084
43.13559322033898,2.92375,28.484908392296497,1.6511852217709955,0.31651185221770994,1.6511852217709955
43.13559322033898,3.7562499999999996,28.485644833132,1.6508064646886145,0.31650806464688613,1.6508064646886145
43.13559322033898,3.34,28.485437516166666,1.6508970322507588,0.3165089703225076,1.6508970322507588
43.13559322033898,4.172499999999999,28.485560434481794,1.6505547889308414,0.3165055478893084,1.6505547889308414
43.13559322033898,4.58875,28.48569069320117,1.6501359163124452,0.31650135916312444,1.6501359163124452
43.13559322033898,5.005,28.48587032521519,1.6510225697364767,0.31651022569736476,1.6510225697364767
43.13559322033898,5.42125,28.48588869273176,1.6498617712008834,0.3164986177120088,1.6498617712008834
43.13559322033898,5.8375,28.486171885288847,1.6500963806998281,0.31650096380699827,1.6500963806998281
43.13559322033898,6.25375,28.486035235969283,1.6490579252679494,0.3164905792526795,1.6490579252679494
43.13559322033898,6.67,28.486391451126586,1.6494798202625782,0.31649479820262577,1.6494798202625782
43.13559322033898,7.08625,28.486802387060827,1.6496628156869697,0.3164966281568697,1.6496628156869697
43.13559322033898,7.5024999999999995,28.48682626867809,1.6495620544982104,0.3164956205449821,1.6495620544982104
43.13559322033898,7.91875,28.486680575439173,1.6469105230934311,0.3164691052309343,1.6469105230934311
43.13559322033898,8.334999999999999,28.486879207654656,1.6460331132299333,0.3164603311322993,1.6460331132299333
43.13559322033898,8.75125,28.487372229085356,1.6474445447771047,0.31647444544777104,1.6474445447771047
43.13559322033898,9.1675,28.487579820134147,1.646907171246681,0.3164690717124668,1.646907171246681
43.13559322033898,9.58375,28.48767322185402,1.647329983805923,0.3164732998380592,1.647329983805923
43.13559322033898,10.0,28.487865794443337,1.646395507180859,0.3164639550718086,1.646395507180859
44.40677966101695,0.01,28.483203590822374,1.617312111536956,0.31617312111536955,1.617312111536956
44.40677966101695,0.42625,28.48311675353729,1.615459325840296,0.31615459325840295,1.615459325840296
44.40677966101695,0.8425,28.48327486502057,1.6166718800910584,0.3161667188009106,1.6166718800910584
44.40677966101695,1.25875,28.48314873831236,1.6158509292590384,0.3161585092925904,1.6158509292590384
44.40677966101695,1.675,28.48328694860085,1.6152553305682327,0.3161525533056823,1.6152553305682327
44.40677966101695,2.0912499999999996,28.48351886875269,1.615513811732161,0.3161551381173216,1.615513811732161
44.40677966101695,2.5075,28.483460161957915,1.6143174031522933,0.3161431740315229,1.6143174031522933
44.40677966101695,2.92375,28.48343634905863,1.6139639365966074,0.31613963936596606,1.6139639365966074
44.40677966101695,3.34,28.483515851310894,1.614673533537242,0.3161467353353724,1.614673533537242
44.40677966101695,3.7562499999999996,28.48378860255233,1.614383904701333,0.3161438390470133,1.614383904701333
44.40677966101695,4.172499999999999,28.4836263648864,1.6135274551588752,0.31613527455158874,1.6135274551588752
44.40677966101695,4.58875,28.483560032297852,1.6132911203401379,0.31613291120340137,1.6132911203401379
44.40677966101695,5.005,28.484108238841785,1.6134116111460095,0.3161341161114601,1.6134116111460095
44.40677966101695,5.42125,28.484147211466837,1.61296346490159,0.3161296346490159,1.61296346490159
44.40677966101695,5.8375,28.48397933240076,1.6135735053867784,0.3161357350538678,1.6135735053867784
44.40677966101695,6.25375,28.48433192763311,1.6134152098761623,0.3161341520987616,1.6134152098761623
44.40677966101695,6.67,28.484140878732614,1.6118589930977978,0.31611858993097797,1.6118589930977978
44.40677966101695,7.08625,28.48415476067901,1.6106311992999278,0.31610631199299927,1.6106311992999278
44.40677966101695,7.5024999999999995,28.484458417374583,1.6108999684898595,0.3161089996848986,1.6108999684898595
44.40677966101695,7.91875,28.48460939711192,1.6110073367163247,0.31611007336716324,1.6110073367163247
44.40677966101695,8.334999999999999,28.48436010128045,1.6087117324875777,0.31608711732487577,1.6087117324875777
44.40677966101695,8.75125,28.48459560052097,1.608494569010055,0.31608494569010054,1.608494569010055
44.40677966101695,9.1675,28.484953569304615,1.6086922901025702,0.3160869229010257,1.6086922901025702
44.40677966101695,9.58375,28.48510145293675,1.6084662696842889,0.3160846626968429,1.6084662696842889
44.40677966101695,10.0,28.48472361306326,1.6082327249610784,0.3160823272496108,1.6082327249610784
45.67796610169491,0.01,28.480373385934477,1.5812683911031467,0.31581268391103146,1.5812683911031467
45.67796610169491,0.42625,28.480928726708743,1.5821704968649153,0.31582170496864914,1.5821704968649153
45.67796610169491,0.8425,28.48100408898193,1.5818653756110412,0.3158186537561104,1.5818653756110412
45.67796610169491,1.25875,28.48113778178853,1.581823145527439,0.3158182314552744,1.581823145527439
45.67796610169491,1.675,28.481244911278424,1.5811490268941297,0.3158114902689413,1.5811490268941297
45.67796610169491,2.5075,28.481261420594606,1.5806816367835097,0.3158068163678351,1.5806816367835097
45.67796610169491,2.0912499999999996,28.481215502185584,1.5808321657074575,0.31580832165707456,1.5808321657074575
45.67796610169491,2.92375,28.481366422637233,1.5803261539089342,0.31580326153908933,1.5803261539089342
45.67796610169491,3.34,28.481472184970702,1.5809014876778826,0.3158090148767788,1.5809014876778826
45.67796610169491,3.7562499999999996,28.48142401106375,1.5805478719814081,0.31580547871981407,1.5805478719814081
45.67796610169491,4.172499999999999,28.48178365397561,1.5802401523853482,0.31580240152385347,1.5802401523853482
45.67796610169491,4.58875,28.481719107274447,1.5793315842208333,0.3157933158422083,1.5793315842208333
45.67796610169491,5.005,28.48206796615466,1.5799512286306217,0.3157995122863062,1.5799512286306217
45.67796610169491,5.42125,28.481857446136637,1.5788891065838473,0.31578889106583846,1.5788891065838473
45.67796610169491,5.8375,28.482432144342088,1.5800152897730568,0.31580015289773056,1.5800152897730568
45.67796610169491,6.25375,28.481916791208096,1.5774300682483033,0.315774300682483,1.5774300682483033
45.67796610169491,6.67,28.4825285923873,1.5772566860832504,0.3157725668608325,1.5772566860832504
45.67796610169491,7.91875,28.483218922189323,1.5778266118990192,0.3157782661189902,1.5778266118990192
45.67796610169491,7.08625,28.48308026857704,1.5777938519197565,0.31577793851919755,1.5777938519197565
45.67796610169491,7.5024999999999995,28.48309080964848,1.5780282305769944,0.31578028230576993,1.5780282305769944
45.67796610169491,8.334999999999999,28.482689513492176,1.573848070485695,0.31573848070485694,1.573848070485695
45.67796610169491,8.75125,28.483398877755835,1.5747557664391287,0.3157475576643913,1.5747557664391287
45.67796610169491,9.1675,28.483072800327626,1.5737585705398127,0.3157375857053981,1.5737585705398127
45.67796610169491,9.58375,28.483773939309746,1.5749480805825722,0.3157494808058257,1.5749480805825722
45.67796610169491,10.0,28.484060809443672,1.57516925819835,0.3157516925819835,1.57516925819835
46.94915254237288,0.01,28.478660891187907,1.5489207327553656,0.31548920732755364,1.5489207327553656
46.94915254237288,0.42625,28.478518191619575,1.5474562402197078,0.31547456240219707,1.5474562402197078
46.94915254237288,0.8425,28.478753899946444,1.548680818082604,0.31548680818082603,1.548680818082604
46.94915254237288,1.25875,28.47866356422984,1.5490678796649782,0.31549067879664977,1.5490678796649782
46.94915254237288,1.675,28.478703764702402,1.5479390628398093,0.3154793906283981,1.5479390628398093
46.94915254237288,2.5075,28.478565325104103,1.5476932772697183,0.31547693277269717,1.5476932772697183
46.94915254237288,2.0912499999999996,28.478915312494305,1.5490557526579962,0.31549055752657995,1.5490557526579962
46.94915254237288,2.92375,28.47866240577314,1.5471745673676929,0.3154717456736769,1.5471745673676929
46.94915254237288,3.34,28.479254931696314,1.548568855718807,0.31548568855718806,1.548568855718807
46.94915254237288,4.172499999999999,28.479295823290123,1.5477495153985443,0.31547749515398543,1.5477495153985443
46.94915254237288,3.7562499999999996,28.479372651575364,1.5486717596594757,0.31548671759659475,1.5486717596594757
46.94915254237288,4.58875,28.47932010410686,1.5459172308155578,0.31545917230815557,1.5459172308155578
46.94915254237288,5.005,28.479361357392154,1.5465459439600593,0.3154654594396006,1.5465459439600593
46.94915254237288,5.42125,28.479639973818237,1.5465016814735388,0.3154650168147354,1.5465016814735388
46.94915254237288,5.8375,28.48062832831164,1.5473121976186388,0.3154731219761864,1.5473121976186388
46.94915254237288,6.25375,28.480304322475927,1.545611087346127,0.31545611087346126,1.545611087346127
46.94915254237288,6.67,28.480282592166393,1.5443406694058692,0.3154434066940587,1.5443406694058692
46.94915254237288,7.5024999999999995,28.481116504439555,1.5448120366856832,0.3154481203668568,1.5448120366856832
46.94915254237288,7.08625,28.480756136666056,1.5452172023890876,0.31545217202389086,1.5452172023890876
46.94915254237288,7.91875,28.481453434775336,1.5453814017907797,0.3154538140179078,1.5453814017907797
46.94915254237288,8.334999999999999,28.4814747713512,1.5452585203305447,0.31545258520330544,1.5452585203305447
46.94915254237288,8.75125,28.481144542794187,1.5416990953683207,0.3154169909536832,1.5416990953683207
46.94915254237288,9.1675,28.48120991185838,1.5415133179090768,0.31541513317909076,1.5415133179090768
46.94915254237288,9.58375,28.48114094364961,1.5406474041354978,0.31540647404135497,1.5406474041354978
46.94915254237288,10.0,28.48141427262065,1.5413455929567943,0.31541345592956793,1.5413455929567943
48.220338983050844,0.01,28.476967679089526,1.5174997912265453,0.31517499791226544,1.5174997912265453
48.220338983050844,0.8425,28.476938463250562,1.5168511292025233,0.3151685112920252,1.5168511292025233
48.220338983050844,0.42625,28.476897014766863,1.5167917495215288,0.3151679174952153,1.5167917495215288
48.220338983050844,1.25875,28.476742531815326,1.5166814498656256,0.31516681449865624,1.5166814498656256
48.220338983050844,1.675,28.4768375974174,1.5162430594518772,0.31516243059451876,1.5162430594518772
48.220338983050844,2.0912499999999996,28.476899221823725,1.5156116229481154,0.31515611622948114,1.5156116229481154
48.220338983050844,2.5075,28.476810357092845,1.515421534393957,0.31515421534393956,1.515421534393957
48.220338983050844,2.92375,28.476773017122046,1.5146460165332665,0.31514646016533265,1.5146460165332665
48.220338983050844,3.34,28.476908158551797,1.516004523781539,0.3151600452378154,1.516004523781539
48.220338983050844,4.172499999999999,28.477296831605724,1.514200323584547,0.31514200323584546,1.514200323584547
48.220338983050844,3.7562499999999996,28.47727639023563,1.515965286692117,0.31515965286692116,1.515965286692117
48.220338983050844,4.58875,28.477485497620787,1.513212103673045,0.31513212103673044,1.513212103673045
48.220338983050844,5.005,28.477638827218062,1.5141331905306143,0.31514133190530613,1.5141331905306143
48.220338983050844,5.42125,28.478076400787668,1.5135990088905538,0.3151359900889055,1.5135990088905538
48.220338983050844,5.8375,28.478218006903788,1.5136613023590928,0.3151366130235909,1.5136613023590928
48.220338983050844,6.25375,28.478350110833595,1.513516811908583,0.3151351681190858,1.513516811908583
48.220338983050844,6.67,28.478630849207544,1.5142926429519143,0.31514292642951913,1.5142926429519143
48.220338983050844,7.08625,28.478377764769707,1.5127109992663035,0.315127109992663,1.5127109992663035
48.220338983050844,7.5024999999999995,28.47850327219573,1.5114829931937968,0.31511482993193796,1.5114829931937968
48.220338983050844,7.91875,28.478898853329863,1.5128873787531583,0.31512887378753157,1.5128873787531583
48.220338983050844,8.334999999999999,28.478828290945884,1.5112899713366823,0.3151128997133668,1.5112899713366823
48.220338983050844,9.1675,28.478767719562548,1.5087162849680757,0.31508716284968075,1.5087162849680757
48.220338983050844,8.75125,28.47900450585001,1.511122661982306,0.31511122661982305,1.511122661982306
48.220338983050844,9.58375,28.4791637272946,1.5098659626263944,0.31509865962626393,1.5098659626263944
48.220338983050844,10.0,28.479073637839814,1.5081301038840422,0.3150813010388404,1.5081301038840422
49.49152542372881,0.01,28.476175396254558,1.4876444593985239,0.3148764445939852,1.4876444593985239
49.49152542372881,0.42625,28.476248282195577,1.4872272021637822,0.3148722720216378,1.4872272021637822
49.49152542372881,1.25875,28.476409086365603,1.488062391238093,0.3148806239123809,1.488062391238093
49.49152542372881,0.8425,28.47653458072441,1.488948434194537,0.31488948434194536,1.488948434194537
49.49152542372881,2.0912499999999996,28.476347202795605,1.4865165577701955,0.31486516557770194,1.4865165577701955
49.49152542372881,1.675,28.476455494205208,1.4875557604149159,0.31487555760414915,1.4875557604149159
49.49152542372881,2.5075,28.4765724798736,1.4874054259630176,0.31487405425963017,1.4874054259630176
49.49152542372881,2.92375,28.476373375597653,1.4863278885308084,0.3148632788853081,1.4863278885308084
49.49152542372881,3.34,28.476368746541183,1.4866069141398597,0.3148660691413986,1.4866069141398597
49.49152542372881,3.7562499999999996,28.476526172577067,1.486222660325831,0.3148622266032583,1.486222660325831
49.49152542372881,4.172499999999999,28.47671053125587,1.486876043717228,0.31486876043717227,1.486876043717228
49.49152542372881,4.58875,28.476742151734655,1.4858264347032912,0.3148582643470329,1.4858264347032912
49.49152542372881,5.005,28.476665617547713,1.4850888447970834,0.3148508884479708,1.4850888447970834
49.49152542372881,5.42125,28.477227156727956,1.4861672064720999,0.314861672064721,1.4861672064720999
49.49152542372881,5.8375,28.47692186977979,1.4853966581080735,0.3148539665810807,1.4853966581080735
49.49152542372881,6.25375,28.47724322117144,1.484969812043757,0.31484969812043756,1.484969812043757
49.49152542372881,6.67,28.477398396614458,1.4848212856439003,0.314848212856439,1.4848212856439003
49.49152542372881,7.08625,28.477139897120992,1.4834421716328483,0.31483442171632847,1.4834421716328483
49.49152542372881,7.5024999999999995,28.477651769386217,1.4839538183760215,0.3148395381837602,1.4839538183760215
49.49152542372881,7.91875,28.477638560379013,1.4831130088864164,0.31483113008886415,1.4831130088864164
49.49152542372881,8.334999999999999,28.477944806403844,1.4840918509655965,0.31484091850965595,1.4840918509655965
49.49152542372881,8.75125,28.47804419040224,1.4829104399172566,0.31482910439917255,1.4829104399172566
49.49152542372881,9.1675,28.478031983116338,1.479969776927842,0.3147996977692784,1.479969776927842
49.49152542372881,9.58375,28.47840042819118,1.481413591506009,0.3148141359150601,1.481413591506009
49.49152542372881,10.0,28.478378929291978,1.4800695331789515,0.3148006953317895,1.4800695331789515
50.762711864406775,0.01,28.475890708005014,1.4614399770820297,0.3146143997708203,1.4614399770820297
50.762711864406775,0.42625,28.475968929555755,1.461071177943768,0.31461071177943767,1.461071177943768
50.762711864406775,0.8425,28.476115574719866,1.4604687471829025,0.314604687471829,1.4604687471829025
50.762711864406775,1.25875,28.476163844510918,1.4603118404193427,0.3146031184041934,1.4603118404193427
50.762711864406775,1.675,28.47616686761517,1.4596977647978238,0.3145969776479782,1.4596977647978238
50.762711864406775,2.0912499999999996,28.476370750990704,1.4587921625998312,0.3145879216259983,1.4587921625998312
50.762711864406775,2.5075,28.47668293938743,1.4599759474202834,0.3145997594742028,1.4599759474202834
50.762711864406775,2.92375,28.476651917050766,1.4602107458286273,0.31460210745828626,1.4602107458286273
50.762711864406775,3.34,28.476317456702223,1.4582982929407573,0.31458298292940756,1.4582982929407573
50.762711864406775,3.7562499999999996,28.47665151058942,1.4600036553522155,0.31460003655352214,1.4600036553522155
50.762711864406775,4.172499999999999,28.476654267893736,1.4593672332063767,0.31459367233206376,1.4593672332063767
50.762711864406775,4.58875,28.476717835896494,1.4584388101506307,0.3145843881015063,1.4584388101506307
50.762711864406775,5.005,28.47686409273376,1.4588998967472955,0.31458899896747294,1.4588998967472955
50.762711864406775,5.8375,28.4770605440603,1.458509558419907,0.31458509558419906,1.458509558419907
50.762711864406775,5.42125,28.47694134805672,1.458730210263115,0.31458730210263114,1.458730210263115
50.762711864406775,6.25375,28.477274370398938,1.4587794177390867,0.31458779417739086,1.4587794177390867
50.762711864406775,6.67,28.477338272199177,1.4572610599453695,0.3145726105994537,1.4572610599453695
50.762711864406775,7.08625,28.477301403486386,1.4570818694643273,0.31457081869464326,1.4570818694643273
50.762711864406775,7.5024999999999995,28.477393639606145,1.4574009489292106,0.3145740094892921,1.4574009489292106
50.762711864406775,7.91875,28.477648272463025,1.4560515439770383,0.31456051543977037,1.4560515439770383
50.762711864406775,8.334999999999999,28.477859704372342,1.4562835329613333,0.3145628353296133,1.4562835329613333
50.762711864406775,8.75125,28.478221710340886,1.456035147248319,0.3145603514724832,1.456035147248319
50.762711864406775,9.1675,28.47841256104058,1.4556997877741396,0.3145569978777414,1.4556997877741396
50.762711864406775,9.58375,28.47803727487898,1.4532487896223023,0.314532487896223,1.4532487896223023
50.762711864406775,10.0,28.478130510499952,1.4526509600274795,0.3145265096002748,1.4526509600274795
52.03389830508474,0.01,28.474859473245473,1.4343352298619494,0.3143433522986195,1.4343352298619494
52.03389830508474,0.42625,28.474705767655934,1.4324753255870737,0.3143247532558707,1.4324753255870737
52.03389830508474,0.8425,28.47489608803474,1.432624243661268,0.31432624243661267,1.432624243661268
52.03389830508474,1.25875,28.47497081138964,1.4328010233148225,0.3143280102331482,1.4328010233148225
52.03389830508474,1.675,28.47524480164946,1.4332489596539155,0.31433248959653914,1.4332489596539155
52.03389830508474,2.0912499999999996,28.475224620094426,1.4327758961355797,0.3143277589613558,1.4327758961355797
52.03389830508474,2.5075,28.47523999292335,1.4327745121495872,0.31432774512149586,1.4327745121495872
52.03389830508474,2.92375,28.475019812864666,1.4321134071931363,0.31432113407193135,1.4321134071931363
52.03389830508474,3.34,28.475058425575448,1.432128194722665,0.31432128194722664,1.432128194722665
52.03389830508474,3.7562499999999996,28.475091420416206,1.4317502396870185,0.3143175023968702,1.4317502396870185
52.03389830508474,4.172499999999999,28.475337929637398,1.4313538733955744,0.31431353873395573,1.4313538733955744
52.03389830508474,4.58875,28.47549663774147,1.4317802832921556,0.31431780283292154,1.4317802832921556
52.03389830508474,5.005,28.47572290005876,1.4321548376469928,0.3143215483764699,1.4321548376469928
52.03389830508474,5.42125,28.4758496088784,1.4318413630650118,0.3143184136306501,1.4318413630650118
52.03389830508474,5.8375,28.475954469026725,1.4316956247968526,0.3143169562479685,1.4316956247968526
52.03389830508474,6.25375,28.476138925225808,1.432137253843968,0.31432137253843967,1.432137253843968
52.03389830508474,6.67,28.476601051424016,1.4310128200341499,0.3143101282003415,1.4310128200341499
52.03389830508474,7.08625,28.476675629543617,1.4308333022080622,0.3143083330220806,1.4308333022080622
52.03389830508474,7.5024999999999995,28.476606313633035,1.430033095341826,0.31430033095341825,1.430033095341826
52.03389830508474,7.91875,28.47702447637987,1.4299364045398777,0.31429936404539877,1.4299364045398777
52.03389830508474,8.334999999999999,28.477115804096254,1.4299868069906352,0.31429986806990634,1.4299868069906352
52.03389830508474,8.75125,28.47727798685045,1.4299332981239643,0.31429933298123963,1.4299332981239643
52.03389830508474,9.1675,28.477356382058144,1.4300959006209035,0.314300959006209,1.4300959006209035
52.03389830508474,9.58375,28.477361241992487,1.427405216580141,0.3142740521658014,1.427405216580141
52.03389830508474,10.0,28.477001002467922,1.4260320699791385,0.3142603206997914,1.4260320699791385
53.30508474576271,0.01,28.47421755709124,1.4091132460762323,0.3140911324607623,1.4091132460762323
53.30508474576271,0.42625,28.474373755217005,1.4082337762747033,0.314082337762747,1.4082337762747033
53.30508474576271,0.8425,28.474203933278172,1.4072878792122268,0.31407287879212226,1.4072878792122268
53.30508474576271,1.25875,28.474257176612024,1.4071971424254037,0.314071971424254,1.4071971424254037
53.30508474576271,1.675,28.474603092013446,1.4087987163524662,0.31408798716352465,1.4087987163524662
53.30508474576271,2.0912499999999996,28.474082533285372,1.4059102768803955,0.31405910276880394,1.4059102768803955
53.30508474576271,2.5075,28.474631521590556,1.4077917677564777,0.31407791767756477,1.4077917677564777
53.30508474576271,2.92375,28.474578048298767,1.406810721855195,0.31406810721855194,1.406810721855195
53.30508474576271,3.34,28.474602312356794,1.4064738929741805,0.3140647389297418,1.4064738929741805
53.30508474576271,3.7562499999999996,28.474571245780645,1.4060230406066632,0.3140602304060666,1.4060230406066632
53.30508474576271,4.172499999999999,28.474774356063115,1.4066108500523977,0.31406610850052397,1.4066108500523977
53.30508474576271,4.58875,28.47494732553995,1.40647689062679,0.3140647689062679,1.40647689062679
53.30508474576271,5.005,28.47509449496123,1.4055386315739105,0.3140553863157391,1.4055386315739105
53.30508474576271,5.42125,28.475296679268588,1.4051769400067249,0.31405176940006724,1.4051769400067249
53.30508474576271,5.8375,28.47512831548708,1.404648937381986,0.31404648937381985,1.404648937381986
53.30508474576271,6.25375,28.475216779184162,1.4047728131065973,0.31404772813106596,1.4047728131065973
53.30508474576271,6.67,28.47561562551605,1.4043813903137026,0.314043813903137,1.4043813903137026
53.30508474576271,7.08625,28.47581487092889,1.4041156250676423,0.3140411562506764,1.4041156250676423
53.30508474576271,7.5024999999999995,28.47595937899255,1.4038126947121587,0.3140381269471216,1.4038126947121587
53.30508474576271,7.91875,28.475989311159807,1.404135595119893,0.3140413559511989,1.404135595119893
53.30508474576271,8.334999999999999,28.475983856805193,1.4024679268850149,0.31402467926885014,1.4024679268850149
53.30508474576271,8.75125,28.47631344143783,1.4040682105781854,0.31404068210578184,1.4040682105781854
53.30508474576271,9.1675,28.476053328870094,1.402163060433742,0.3140216306043374,1.402163060433742
53.30508474576271,9.58375,28.47650769636994,1.4026484364421499,0.3140264843644215,1.4026484364421499
54.57627118644068,0.01,28.473754146752384,1.3835417938552919,0.3138354179385529,1.3835417938552919
53.30508474576271,10.0,28.47621987880632,1.4000107160207276,0.31400010716020726,1.4000107160207276
54.57627118644068,0.42625,28.473762171498244,1.3834196543082933,0.3138341965430829,1.3834196543082933
54.57627118644068,0.8425,28.473368528981414,1.3817699327160649,0.31381769932716064,1.3817699327160649
54.57627118644068,1.25875,28.473572109434514,1.3825317089548428,0.3138253170895484,1.3825317089548428
54.57627118644068,1.675,28.4733528687578,1.3814241616011635,0.3138142416160116,1.3814241616011635
54.57627118644068,2.0912499999999996,28.47339542821941,1.3804999972119703,0.3138049999721197,1.3804999972119703
54.57627118644068,2.5075,28.47368546637218,1.3818942755296826,0.3138189427552968,1.3818942755296826
54.57627118644068,2.92375,28.473406998759188,1.3802259127515426,0.3138022591275154,1.3802259127515426
54.57627118644068,3.34,28.473845836461212,1.3815099132559239,0.3138150991325592,1.3815099132559239
54.57627118644068,3.7562499999999996,28.47394079701441,1.3811917169874954,0.31381191716987494,1.3811917169874954
54.57627118644068,4.172499999999999,28.473848692238747,1.3810887026326268,0.31381088702632626,1.3810887026326268
54.57627118644068,4.58875,28.474211264312824,1.3814196224007425,0.3138141962240074,1.3814196224007425
54.57627118644068,5.005,28.474263626017816,1.3808887065646702,0.3138088870656467,1.3808887065646702
54.57627118644068,5.42125,28.47461521653409,1.3816737315355543,0.31381673731535553,1.3816737315355543
54.57627118644068,5.8375,28.47434306676216,1.3797814888263427,0.3137978148882634,1.3797814888263427
54.57627118644068,6.25375,28.474596256411537,1.3799077552361372,0.31379907755236136,1.3799077552361372
54.57627118644068,6.67,28.475137053177907,1.3816945567820205,0.3138169455678202,1.3816945567820205
54.57627118644068,7.08625,28.475231318799743,1.3810108382688258,0.31381010838268825,1.3810108382688258
54.57627118644068,7.5024999999999995,28.475255835939024,1.3807478614069557,0.31380747861406955,1.3807478614069557
54.57627118644068,7.91875,28.475261201088014,1.3793642495635527,0.3137936424956355,1.3793642495635527
54.57627118644068,8.334999999999999,28.475771809134656,1.3793955587169004,0.313793955587169,1.3793955587169004
54.57627118644068,8.75125,28.475627677532092,1.3790944488897727,0.3137909444888977,1.3790944488897727
54.57627118644068,9.1675,28.476117621077133,1.3796602530226798,0.3137966025302268,1.3796602530226798
54.57627118644068,9.58375,28.476268635895458,1.3806211977878569,0.31380621197787856,1.3806211977878569
54.57627118644068,10.0,28.475962345242042,1.376810428244346,0.31376810428244345,1.376810428244346
55.847457627118644,0.01,28.47324348995175,1.359806839536415,0.31359806839536414,1.359806839536415
55.847457627118644,0.42625,28.47323961851603,1.3595491108502833,0.3135954911085028,1.3595491108502833
55.847457627118644,0.8425,28.47297452772122,1.3596170758474302,0.3135961707584743,1.3596170758474302
55.847457627118644,1.25875,28.473078258852038,1.3601889396120337,0.3136018893961203,1.3601889396120337
55.847457627118644,1.675,28.47313326679328,1.3587946876253476,0.31358794687625346,1.3587946876253476
55.847457627118644,2.0912499999999996,28.473180462172635,1.357809306093588,0.31357809306093587,1.357809306093588
55.847457627118644,2.92375,28.473002979450953,1.3576348600090549,0.31357634860009054,1.3576348600090549
55.847457627118644,2.5075,28.472918301952383,1.3578161824871093,0.3135781618248711,1.3578161824871093
55.847457627118644,3.34,28.47321504163892,1.3579777192232967,0.31357977719223296,1.3579777192232967
55.847457627118644,3.7562499999999996,28.47337448357035,1.3576495616129336,0.3135764956161293,1.3576495616129336
55.847457627118644,4.172499999999999,28.47355796253842,1.3591390688688365,0.31359139068868835,1.3591390688688365
55.847457627118644,4.58875,28.473438042145506,1.3591379487041144,0.31359137948704113,1.3591379487041144
55.847457627118644,5.005,28.473447824502625,1.3569550194188151,0.31356955019418814,1.3569550194188151
55.847457627118644,5.42125,28.473567538649846,1.3565706039802339,0.3135657060398023,1.3565706039802339
55.847457627118644,5.8375,28.473870156043926,1.3573278474356965,0.31357327847435695,1.3573278474356965
55.847457627118644,6.25375,28.47412791082162,1.3563308377910421,0.3135633083779104,1.3563308377910421
55.847457627118644,6.67,28.474645144206864,1.3579061591277308,0.3135790615912773,1.3579061591277308
55.847457627118644,7.08625,28.474386533943395,1.3558449128105554,0.31355844912810554,1.3558449128105554
55.847457627118644,7.5024999999999995,28.474692924609755,1.3571610114111787,0.3135716101141118,1.3571610114111787
55.847457627118644,7.91875,28.474727235913452,1.3563083350581207,0.3135630833505812,1.3563083350581207
55.847457627118644,8.334999999999999,28.474818519253848,1.355891442290691,0.3135589144229069,1.355891442290691
55.847457627118644,8.75125,28.47496885214612,1.3542642900799429,0.3135426429007994,1.3542642900799429
55.847457627118644,9.58375,28.47575240993568,1.3558663537081905,0.3135586635370819,1.3558663537081905
55.847457627118644,9.1675,28.47542378693031,1.3560916523426725,0.3135609165234267,1.3560916523426725
55.847457627118644,10.0,28.475470683870004,1.3545889576048742,0.31354588957604873,1.3545889576048742
57.11864406779661,0.01,28.471671997863666,1.3372369243690063,0.31337236924369005,1.3372369243690063
57.11864406779661,0.42625,28.472186722552195,1.3367260051865226,0.3133672600518652,1.3367260051865226
57.11864406779661,0.8425,28.47210493594796,1.3365107462601944,0.31336510746260193,1.3365107462601944
57.11864406779661,1.25875,28.47235410021659,1.3376066967345057,0.31337606696734505,1.3376066967345057
57.11864406779661,1.675,28.472409619961702,1.3365316398266658,0.31336531639826665,1.3365316398266658
57.11864406779661,2.0912499999999996,28.472433264657873,1.336361957130544,0.31336361957130543,1.336361957130544
57.11864406779661,2.5075,28.4724692854077,1.3362023516063581,0.31336202351606357,1.3362023516063581
57.11864406779661,2.92375,28.472458129527087,1.336609396606131,0.3133660939660613,1.336609396606131
57.11864406779661,3.34,28.472468281730162,1.3360127974691327,0.3133601279746913,1.3360127974691327
57.11864406779661,3.7562499999999996,28.472561461288368,1.3357040062479064,0.31335704006247905,1.3357040062479064
57.11864406779661,4.172499999999999,28.47254215859017,1.336651468150446,0.31336651468150445,1.336651468150446
57.11864406779661,5.005,28.473003490805006,1.3362195687665057,0.31336219568766505,1.3362195687665057
57.11864406779661,4.58875,28.472793564423746,1.3363200242793194,0.3133632002427932,1.3363200242793194
57.11864406779661,5.42125,28.472972415067932,1.3357860096655239,0.3133578600966552,1.3357860096655239
57.11864406779661,5.8375,28.4734064452866,1.3359682089317537,0.3133596820893175,1.3359682089317537
57.11864406779661,6.25375,28.473314536985313,1.3354501021030418,0.3133545010210304,1.3354501021030418
57.11864406779661,6.67,28.473307769871496,1.3347345872635752,0.31334734587263574,1.3347345872635752
57.11864406779661,7.08625,28.473665463109437,1.3350409323054258,0.31335040932305425,1.3350409323054258
57.11864406779661,7.5024999999999995,28.474071577517382,1.3344532507513052,0.31334453250751304,1.3344532507513052
57.11864406779661,7.91875,28.47440160911334,1.3348724063833861,0.31334872406383385,1.3348724063833861
57.11864406779661,8.334999999999999,28.474045428339707,1.3329197815571125,0.3133291978155711,1.3329197815571125
57.11864406779661,8.75125,28.474146204660585,1.3324878233727522,0.3133248782337275,1.3324878233727522
57.11864406779661,9.1675,28.474337457943157,1.3334039955630428,0.3133340399556304,1.3334039955630428
57.11864406779661,9.58375,28.474360530506477,1.3333292742610192,0.3133332927426102,1.3333292742610192
57.11864406779661,10.0,28.474393835939296,1.3330004751489155,0.31333000475148914,1.3330004751489155
58.389830508474574,0.01,28.4715872269612,1.3152597730898496,0.3131525977308985,1.3152597730898496
58.389830508474574,0.42625,28.47192418659041,1.3158365091029744,0.31315836509102973,1.3158365091029744
58.389830508474574,0.8425,28.47150349791473,1.315314006573326,0.31315314006573325,1.315314006573326
58.389830508474574,1.25875,28.47171620833901,1.3160338903925484,0.3131603389039255,1.3160338903925484
58.389830508474574,1.675,28.471703929662873,1.3154185740981428,0.3131541857409814,1.3154185740981428
58.389830508474574,2.0912499999999996,28.471516624226343,1.314026419538472,0.3131402641953847,1.314026419538472
58.389830508474574,2.5075,28.471676935690805,1.3141778000509696,0.3131417780005097,1.3141778000509696
58.389830508474574,2.92375,28.47176566501911,1.3141736606674892,0.3131417366066749,1.3141736606674892
58.389830508474574,3.34,28.471930222223392,1.3144138467381494,0.3131441384673815,1.3144138467381494
58.389830508474574,3.7562499999999996,28.472202681954123,1.3149622651357218,0.3131496226513572,1.3149622651357218
58.389830508474574,4.172499999999999,28.47196305179663,1.3137548759205642,0.31313754875920563,1.3137548759205642
58.389830508474574,4.58875,28.472418540321836,1.3140286446802263,0.31314028644680225,1.3140286446802263
58.389830508474574,5.005,28.47230434282397,1.3147124311098435,0.3131471243110984,1.3147124311098435
58.389830508474574,5.42125,28.472815861009973,1.3131531277566277,0.31313153127756627,1.3131531277566277
58.389830508474574,5.8375,28.47305217853419,1.3139135958275427,0.3131391359582754,1.3139135958275427
58.389830508474574,6.25375,28.472737899442947,1.3145393324804855,0.31314539332480484,1.3145393324804855
58.389830508474574,6.67,28.47278645263568,1.3124168118876067,0.31312416811887606,1.3124168118876067
58.389830508474574,7.08625,28.473094809493496,1.3133492823650672,0.31313349282365066,1.3133492823650672
58.389830508474574,7.5024999999999995,28.47299091098796,1.3133537922731253,0.31313353792273124,1.3133537922731253
58.389830508474574,7.91875,28.47350679829677,1.3129475925690082,0.31312947592569007,1.3129475925690082
58.389830508474574,8.334999999999999,28.473372737014824,1.3121130049189356,0.31312113004918934,1.3121130049189356
58.389830508474574,8.75125,28.473546869588095,1.3105701194805308,0.3131057011948053,1.3105701194805308
58.389830508474574,9.1675,28.47403217413058,1.3109415339725816,0.3131094153397258,1.3109415339725816
58.389830508474574,9.58375,28.47380973070551,1.310848103496276,0.31310848103496275,1.310848103496276
58.389830508474574,10.0,28.47391444638997,1.310932860820041,0.3131093286082004,1.310932860820041
59.66101694915254,0.01,28.471818639432485,1.29513199771778,0.3129513199771778,1.29513199771778
59.66101694915254,0.42625,28.471284249403087,1.293506339773648,0.31293506339773647,1.293506339773648
59.66101694915254,0.8425,28.471374429284886,1.293796596416763,0.3129379659641676,1.293796596416763
59.66101694915254,1.25875,28.47149133273048,1.294505490249237,0.31294505490249236,1.294505490249237
59.66101694915254,1.675,28.47131444898174,1.2940740323520439,0.3129407403235204,1.2940740323520439
59.66101694915254,2.0912499999999996,28.47174918739551,1.2941598105247365,0.31294159810524735,1.2941598105247365
59.66101694915254,2.5075,28.471589919703206,1.2928024580180164,0.31292802458018015,1.2928024580180164
59.66101694915254,2.92375,28.471403380824846,1.2929788550588905,0.3129297885505889,1.2929788550588905
59.66101694915254,3.34,28.47164667804129,1.2934951737743894,0.3129349517377439,1.2934951737743894
59.66101694915254,3.7562499999999996,28.471444306734323,1.293468070487519,0.3129346807048752,1.293468070487519
59.66101694915254,4.172499999999999,28.47211627280312,1.2935631298467365,0.31293563129846735,1.2935631298467365
59.66101694915254,4.58875,28.472273840633896,1.2934432597369594,0.3129344325973696,1.2934432597369594
59.66101694915254,5.005,28.472215407032312,1.2926767263782668,0.31292676726378266,1.2926767263782668
59.66101694915254,5.42125,28.472087292738948,1.291988957926421,0.3129198895792642,1.291988957926421
59.66101694915254,5.8375,28.47235348138792,1.2914989124872323,0.3129149891248723,1.2914989124872323
59.66101694915254,6.25375,28.47244792028096,1.2915906875098582,0.31291590687509857,1.2915906875098582
59.66101694915254,6.67,28.472426459174823,1.2911547856403804,0.3129115478564038,1.2911547856403804
59.66101694915254,7.08625,28.472518333819576,1.2913589888219945,0.31291358988821993,1.2913589888219945
59.66101694915254,7.5024999999999995,28.472502517868527,1.2912154522138508,0.3129121545221385,1.2912154522138508
59.66101694915254,7.91875,28.472841212352943,1.2917217039929596,0.3129172170399296,1.2917217039929596
59.66101694915254,8.334999999999999,28.47283831206984,1.2906280133532344,0.31290628013353233,1.2906280133532344
59.66101694915254,8.75125,28.473343766948435,1.291313730261101,0.312913137302611,1.291313730261101
59.66101694915254,9.1675,28.473528279400714,1.2905534746610325,0.3129055347466103,1.2905534746610325
59.66101694915254,9.58375,28.473421736584587,1.2902396856562692,0.3129023968565627,1.2902396856562692
59.66101694915254,10.0,28.47384590373861,1.2902709675569835,0.3129027096755698,1.2902709675569835
60.932203389830505,0.01,28.471184636540013,1.274059395245769,0.3127405939524577,1.274059395245769
60.932203389830505,0.42625,28.471462191879485,1.2740862223186766,0.31274086222318676,1.2740862223186766
60.932203389830505,0.8425,28.471422670660477,1.2734604112878356,0.31273460411287834,1.2734604112878356
60.932203389830505,1.25875,28.4713243579404,1.2724269516370845,0.31272426951637083,1.2724269516370845
60.932203389830505,1.675,28.471586223766298,1.2735300669267757,0.31273530066926775,1.2735300669267757
60.932203389830505,2.0912499999999996,28.471868763962647,1.27373550356209,0.3127373550356209,1.27373550356209
60.932203389830505,2.5075,28.471553522048605,1.2723987368088552,0.31272398736808854,1.2723987368088552
60.932203389830505,2.92375,28.471751428758065,1.2724489171537567,0.31272448917153756,1.2724489171537567
60.932203389830505,3.34,28.471939673403092,1.27399314639563,0.3127399314639563,1.27399314639563
60.932203389830505,3.7562499999999996,28.471588971857106,1.2723889346732853,0.31272388934673284,1.2723889346732853
60.932203389830505,4.172499999999999,28.471916769203432,1.2736534421807388,0.3127365344218074,1.2736534421807388
60.932203389830505,4.58875,28.472094937614514,1.2723208859973023,0.312723208859973,1.2723208859973023
60.932203389830505,5.005,28.47227524555192,1.273114030076844,0.31273114030076843,1.273114030076844
60.932203389830505,5.42125,28.472159239211422,1.2719802351435106,0.3127198023514351,1.2719802351435106
60.932203389830505,5.8375,28.47249553779045,1.2725903005713801,0.3127259030057138,1.2725903005713801
60.932203389830505,6.25375,28.472490757264428,1.2716635407881705,0.3127166354078817,1.2716635407881705
60.932203389830505,6.67,28.47232896370583,1.271311741451453,0.3127131174145145,1.271311741451453
60.932203389830505,7.08625,28.47313674524426,1.2715952255740737,0.3127159522557407,1.2715952255740737
60.932203389830505,7.5024999999999995,28.47285536990965,1.2709278115628109,0.3127092781156281,1.2709278115628109
60.932203389830505,7.91875,28.472944533021284,1.270907242184488,0.31270907242184487,1.270907242184488
60.932203389830505,8.334999999999999,28.473259060845436,1.2711186476984881,0.31271118647698487,1.2711186476984881
60.932203389830505,8.75125,28.47342599668253,1.271296393488408,0.31271296393488407,1.271296393488408
60.932203389830505,9.1675,28.473402411955142,1.2694321681348208,0.3126943216813482,1.2694321681348208
60.932203389830505,9.58375,28.473695664357276,1.2697488802583312,0.3126974888025833,1.2697488802583312
60.932203389830505,10.0,28.47365354528201,1.2693725477580353,0.31269372547758034,1.2693725477580353
62.20338983050847,0.01,28.47095405929145,1.2536426375184373,0.31253642637518436,1.2536426375184373
62.20338983050847,0.42625,28.471329137322584,1.2531584594262568,0.31253158459426256,1.2531584594262568
62.20338983050847,0.8425,28.471023122029578,1.2532869473968478,0.31253286947396847,1.2532869473968478
62.20338983050847,1.25875,28.47085434910598,1.2521071202825418,0.3125210712028254,1.2521071202825418
62.20338983050847,1.675,28.470999609387793,1.251697164907306,0.31251697164907305,1.251697164907306
62.20338983050847,2.0912499999999996,28.471494969938007,1.2517621156195147,0.31251762115619514,1.2517621156195147
62.20338983050847,2.5075,28.470898752639766,1.2514202422074294,0.3125142024220743,1.2514202422074294
62.20338983050847,2.92375,28.471274585932054,1.2520342447408461,0.31252034244740845,1.2520342447408461
62.20338983050847,3.34,28.471115080384358,1.251167047818491,0.3125116704781849,1.251167047818491
62.20338983050847,3.7562499999999996,28.470994560585112,1.2510798618803665,0.31251079861880365,1.2510798618803665
62.20338983050847,4.172499999999999,28.47129277897702,1.2512143883410154,0.31251214388341014,1.2512143883410154
62.20338983050847,4.58875,28.471188067418673,1.2509774850950062,0.31250977485095005,1.2509774850950062
62.20338983050847,5.005,28.47125464262023,1.2511356816615138,0.3125113568166151,1.2511356816615138
62.20338983050847,5.42125,28.471514705297547,1.2506862978256483,0.31250686297825647,1.2506862978256483
62.20338983050847,5.8375,28.471472227103284,1.2497819097866514,0.3124978190978665,1.2497819097866514
62.20338983050847,6.25375,28.47186891369071,1.2496341530521426,0.3124963415305214,1.2496341530521426
62.20338983050847,6.67,28.472108997651144,1.2496283282594889,0.3124962832825949,1.2496283282594889
62.20338983050847,7.08625,28.472403302622908,1.2494902819088494,0.3124949028190885,1.2494902819088494
62.20338983050847,7.5024999999999995,28.47264009842022,1.2492667089833875,0.31249266708983386,1.2492667089833875
62.20338983050847,7.91875,28.473167856217795,1.2504803096759554,0.31250480309675954,1.2504803096759554
62.20338983050847,8.334999999999999,28.472589180104126,1.2494629397599155,0.31249462939759914,1.2494629397599155
62.20338983050847,8.75125,28.473512352470973,1.250410819859954,0.31250410819859953,1.250410819859954
62.20338983050847,9.1675,28.473094328861983,1.2476380687581168,0.31247638068758116,1.2476380687581168
62.20338983050847,9.58375,28.47379292701829,1.2492596458561211,0.3124925964585612,1.2492596458561211
62.20338983050847,10.0,28.473616653065076,1.2482134589799354,0.31248213458979934,1.2482134589799354
63.474576271186436,0.01,28.470572342147534,1.2347446204505619,0.3123474462045056,1.2347446204505619
63.474576271186436,0.42625,28.470578670993547,1.2333812923228937,0.3123338129232289,1.2333812923228937
63.474576271186436,0.8425,28.4705419850918,1.2329735689671217,0.3123297356896712,1.2329735689671217
63.474576271186436,1.25875,28.4705190290015,1.2341179695046889,0.3123411796950469,1.2341179695046889
63.474576271186436,1.675,28.47039331279421,1.2327918287375228,0.3123279182873752,1.2327918287375228
63.474576271186436,2.0912499999999996,28.47093774011939,1.2331537628867573,0.31233153762886756,1.2331537628867573
63.474576271186436,2.5075,28.47072348761157,1.2321358128405013,0.312321358128405,1.2321358128405013
63.474576271186436,2.92375,28.470894992117767,1.2321606996686552,0.31232160699668654,1.2321606996686552
63.474576271186436,3.34,28.470497067291678,1.23168911555403,0.3123168911555403,1.23168911555403
63.474576271186436,3.7562499999999996,28.47028868179756,1.2320452768857681,0.31232045276885767,1.2320452768857681
63.474576271186436,4.172499999999999,28.470620724711704,1.2320570036486567,0.31232057003648656,1.2320570036486567
63.474576271186436,4.58875,28.47061075645271,1.2323391226059854,0.31232339122605984,1.2323391226059854
63.474576271186436,5.005,28.4706806280628,1.2322971992374532,0.3123229719923745,1.2322971992374532
63.474576271186436,5.42125,28.47098200398221,1.2321260852308336,0.3123212608523083,1.2321260852308336
63.474576271186436,5.8375,28.471123932957205,1.2318490529910742,0.31231849052991073,1.2318490529910742
63.474576271186436,6.25375,28.471503119599102,1.231634886360805,0.31231634886360804,1.231634886360805
63.474576271186436,6.67,28.47179187324759,1.2313212455488776,0.31231321245548876,1.2313212455488776
63.474576271186436,7.08625,28.471866169335506,1.231726025666724,0.31231726025666723,1.231726025666724
63.474576271186436,7.5024999999999995,28.471891364621612,1.231160788024277,0.31231160788024276,1.231160788024277
63.474576271186436,7.91875,28.472211427156207,1.2310162982264783,0.31231016298226477,1.2310162982264783
63.474576271186436,8.334999999999999,28.473000084080784,1.2316034638047868,0.31231603463804786,1.2316034638047868
63.474576271186436,8.75125,28.472949342361623,1.2315160659987057,0.31231516065998705,1.2315160659987057
63.474576271186436,9.1675,28.472873179246413,1.2296566655629781,0.31229656665562977,1.2296566655629781
63.474576271186436,9.58375,28.473276560638077,1.2312075457440619,0.3123120754574406,1.2312075457440619
63.474576271186436,10.0,28.47366586074756,1.2313830241727275,0.31231383024172726,1.2313830241727275
64.7457627118644,0.01,28.47134281098296,1.2168225415670086,0.3121682254156701,1.2168225415670086
64.7457627118644,0.8425,28.471591700934198,1.2182099875858998,0.312182099875859,1.2182099875858998
64.7457627118644,0.42625,28.471614099309445,1.2180040089092903,0.3121800400890929,1.2180040089092903
64.7457627118644,1.25875,28.47165791598996,1.218219779975499,0.312182197799755,1.218219779975499
64.7457627118644,1.675,28.471455235257018,1.2182865245142838,0.3121828652451428,1.2182865245142838
64.7457627118644,2.0912499999999996,28.471563812383476,1.2180232346003628,0.3121802323460036,1.2180232346003628
64.7457627118644,2.5075,28.471440835155967,1.2168446262785682,0.31216844626278567,1.2168446262785682
64.7457627118644,2.92375,28.471512899638288,1.2165533811822171,0.31216553381182216,1.2165533811822171
64.7457627118644,3.34,28.471396959153523,1.2150210177617249,0.31215021017761724,1.2150210177617249
64.7457627118644,3.7562499999999996,28.47116370472484,1.2149311929218976,0.31214931192921896,1.2149311929218976
64.7457627118644,4.172499999999999,28.47116292077903,1.2148105358684158,0.31214810535868415,1.2148105358684158
64.7457627118644,4.58875,28.471631053003527,1.2161954597686986,0.312161954597687,1.2161954597686986
64.7457627118644,5.005,28.471645253523683,1.2160063078314187,0.3121600630783142,1.2160063078314187
64.7457627118644,5.42125,28.47154490624609,1.216293453825723,0.3121629345382572,1.216293453825723
64.7457627118644,5.8375,28.47183713300947,1.2152469729588777,0.31215246972958877,1.2152469729588777
64.7457627118644,6.25375,28.47213813059923,1.2153487447350175,0.31215348744735016,1.2153487447350175
64.7457627118644,6.67,28.47183950802541,1.2132641742514494,0.3121326417425145,1.2132641742514494
64.7457627118644,7.08625,28.471998833813583,1.2148955758875035,0.312148955758875,1.2148955758875035
64.7457627118644,7.5024999999999995,28.471872888502034,1.213314258888032,0.3121331425888803,1.213314258888032
64.7457627118644,7.91875,28.47239769208281,1.213433279307341,0.3121343327930734,1.213433279307341
64.7457627118644,8.334999999999999,28.47225686622723,1.2117953389854552,0.31211795338985454,1.2117953389854552
64.7457627118644,8.75125,28.472536055306367,1.2130898306911775,0.31213089830691176,1.2130898306911775
64.7457627118644,9.1675,28.472646028616353,1.2119752895215052,0.31211975289521504,1.2119752895215052
64.7457627118644,9.58375,28.47296125663089,1.2129677192794952,0.31212967719279494,1.2129677192794952
64.7457627118644,10.0,28.472857126088453,1.2119768167566158,0.31211976816756615,1.2119768167566158
66.01694915254237,0.01,28.47268221516016,1.1998715085426048,0.31199871508542604,1.1998715085426048
66.01694915254237,0.42625,28.472517412379105,1.2000155580675187,0.3120001555806752,1.2000155580675187
66.01694915254237,0.8425,28.472760695201497,1.1998952402979934,0.3119989524029799,1.1998952402979934
66.01694915254237,1.25875,28.472695280269683,1.2002604360803526,0.3120026043608035,1.2002604360803526
66.01694915254237,1.675,28.472444154149965,1.1999578333130034,0.31199957833313,1.1999578333130034
66.01694915254237,2.0912499999999996,28.47237357772175,1.2001109008579647,0.31200110900857964,1.2001109008579647
66.01694915254237,2.5075,28.472466347989883,1.1988425661425939,0.3119884256614259,1.1988425661425939
66.01694915254237,2.92375,28.472462987183558,1.1987014203097501,0.3119870142030975,1.1987014203097501
66.01694915254237,3.34,28.472157551015194,1.1985083219708703,0.3119850832197087,1.1985083219708703
66.01694915254237,3.7562499999999996,28.472447415579122,1.1983418083053199,0.3119834180830532,1.1983418083053199
66.01694915254237,4.172499999999999,28.47260428017156,1.198244105825158,0.31198244105825157,1.198244105825158
66.01694915254237,4.58875,28.472715589316138,1.1982058729939071,0.31198205872993906,1.1982058729939071
66.01694915254237,5.005,28.472804772405354,1.1986900728927719,0.3119869007289277,1.1986900728927719
66.01694915254237,5.42125,28.473175712177717,1.198444064255899,0.311984440642559,1.198444064255899
66.01694915254237,5.8375,28.472933811081948,1.197229487078233,0.3119722948707823,1.197229487078233
66.01694915254237,6.25375,28.473462042934667,1.1974532909724889,0.3119745329097249,1.1974532909724889
66.01694915254237,6.67,28.473336847542804,1.196345379290814,0.31196345379290813,1.196345379290814
66.01694915254237,7.08625,28.473386519152754,1.1967866799217797,0.3119678667992178,1.1967866799217797
66.01694915254237,7.5024999999999995,28.473516889528536,1.1971130838157096,0.3119711308381571,1.1971130838157096
66.01694915254237,7.91875,28.47377400820533,1.19719716944659,0.3119719716944659,1.19719716944659
66.01694915254237,8.334999999999999,28.473818336973352,1.1970491663363503,0.3119704916633635,1.1970491663363503
66.01694915254237,8.75125,28.47381082416888,1.1970778488795908,0.3119707784887959,1.1970778488795908
66.01694915254237,9.1675,28.47361140234233,1.1962800433370557,0.31196280043337055,1.1962800433370557
66.01694915254237,9.58375,28.47382555237651,1.1965464340203236,0.3119654643402032,1.1965464340203236
66.01694915254237,10.0,28.47416247396275,1.1961555206113805,0.3119615552061138,1.1961555206113805
67.28813559322035,0.01,28.47339603217659,1.182764277709314,0.31182764277709313,1.182764277709314
67.28813559322035,0.42625,28.473571717811193,1.1831779102514595,0.3118317791025146,1.1831779102514595
67.28813559322035,0.8425,28.473237078484594,1.182655374850422,0.3118265537485042,1.182655374850422
67.28813559322035,1.25875,28.473316497683022,1.1822706626621104,0.3118227066266211,1.1822706626621104
67.28813559322035,1.675,28.473476196293863,1.182828669222763,0.3118282866922276,1.182828669222763
67.28813559322035,2.0912499999999996,28.473382374589107,1.182317383256709,0.3118231738325671,1.182317383256709
67.28813559322035,2.5075,28.473183984589312,1.1808817706794594,0.3118088177067946,1.1808817706794594
67.28813559322035,2.92375,28.47341666122153,1.1813160221215813,0.3118131602212158,1.1813160221215813
67.28813559322035,3.7562499999999996,28.473458674424815,1.181047009836067,0.31181047009836066,1.181047009836067
67.28813559322035,3.34,28.47332765760823,1.1802306734550128,0.3118023067345501,1.1802306734550128
67.28813559322035,4.172499999999999,28.473459474657282,1.1802878291643393,0.3118028782916434,1.1802878291643393
67.28813559322035,4.58875,28.473459931340933,1.1799792520642005,0.311799792520642,1.1799792520642005
67.28813559322035,5.005,28.473580892305293,1.1805121154806086,0.3118051211548061,1.1805121154806086
67.28813559322035,5.42125,28.473623273660756,1.1804066588567808,0.3118040665885678,1.1804066588567808
67.28813559322035,5.8375,28.473745963122475,1.180709078463077,0.31180709078463076,1.180709078463077
67.28813559322035,6.25375,28.47384893620841,1.1794874956615353,0.31179487495661534,1.1794874956615353
67.28813559322035,6.67,28.474133543848584,1.1791418257203035,0.311791418257203,1.1791418257203035
67.28813559322035,7.5024999999999995,28.47426807136978,1.1785923798947884,0.3117859237989479,1.1785923798947884
67.28813559322035,7.08625,28.473976727046978,1.1790230417744296,0.3117902304177443,1.1790230417744296
67.28813559322035,7.91875,28.474252236803103,1.17874176682079,0.3117874176682079,1.17874176682079
67.28813559322035,8.334999999999999,28.474256339989086,1.1775280676597,0.311775280676597,1.1775280676597
67.28813559322035,8.75125,28.474588163995467,1.1784787614699865,0.31178478761469985,1.1784787614699865
67.28813559322035,9.1675,28.474659024225964,1.1774909009718004,0.311774909009718,1.1774909009718004
67.28813559322035,9.58375,28.47492915860418,1.1788005759113207,0.3117880057591132,1.1788005759113207
67.28813559322035,10.0,28.474784977504587,1.1782493164492702,0.3117824931644927,1.1782493164492702
68.5593220338983,0.01,28.47429887635939,1.1672323630192383,0.31167232363019237,1.1672323630192383
68.5593220338983,0.42625,28.474661313622274,1.167634257251876,0.31167634257251875,1.167634257251876
68.5593220338983,0.8425,28.474168920936965,1.1656822547948031,0.311656822547948,1.1656822547948031
68.5593220338983,1.25875,28.474441894677504,1.1662895020305208,0.3116628950203052,1.1662895020305208
68.5593220338983,1.675,28.47417731993813,1.166280502699757,0.31166280502699756,1.166280502699757
68.5593220338983,2.0912499999999996,28.474884999681517,1.1674256069203914,0.3116742560692039,1.1674256069203914
68.5593220338983,2.5075,28.474642513251005,1.16590261312019,0.3116590261312019,1.16590261312019
68.5593220338983,2.92375,28.474768910171523,1.1659661032492885,0.3116596610324929,1.1659661032492885
68.5593220338983,3.34,28.47497986154067,1.1658731115017695,0.3116587311150177,1.1658731115017695
68.5593220338983,3.7562499999999996,28.474604212856807,1.1650460976778687,0.3116504609767787,1.1650460976778687
68.5593220338983,4.172499999999999,28.474644674247372,1.1642706858633167,0.31164270685863316,1.1642706858633167
68.5593220338983,5.005,28.47461510192086,1.164689472789887,0.31164689472789886,1.164689472789887
68.5593220338983,4.58875,28.474660527965202,1.1646201665036326,0.3116462016650363,1.1646201665036326
68.5593220338983,5.42125,28.474669122488855,1.1646758204376662,0.31164675820437665,1.1646758204376662
68.5593220338983,5.8375,28.474719880985255,1.1640510960747419,0.3116405109607474,1.1640510960747419
68.5593220338983,6.25375,28.474797383461922,1.1632151248906153,0.31163215124890614,1.1632151248906153
68.5593220338983,6.67,28.47506635565072,1.1636982693148057,0.31163698269314805,1.1636982693148057
68.5593220338983,7.08625,28.47528372253302,1.1634383732261833,0.3116343837322618,1.1634383732261833
68.5593220338983,7.5024999999999995,28.47576341319863,1.1630540759589136,0.3116305407595891,1.1630540759589136
68.5593220338983,7.91875,28.475715390882986,1.1626940426270105,0.3116269404262701,1.1626940426270105
68.5593220338983,8.334999999999999,28.47604002187908,1.1633937291817997,0.311633937291818,1.1633937291817997
68.5593220338983,8.75125,28.476173439695298,1.162883684034205,0.31162883684034204,1.162883684034205
68.5593220338983,9.1675,28.47611674001532,1.1626657607232527,0.3116266576072325,1.1626657607232527
68.5593220338983,9.58375,28.476362711086505,1.1624765274406978,0.31162476527440697,1.1624765274406978
68.5593220338983,10.0,28.4759952315768,1.1613469479457683,0.31161346947945767,1.1613469479457683
69.83050847457626,0.01,28.47569299984243,1.1522637692311266,0.31152263769231126,1.1522637692311266
69.83050847457626,0.42625,28.47605865348683,1.1517905673921247,0.31151790567392124,1.1517905673921247
69.83050847457626,0.8425,28.475905584072166,1.1515536982460828,0.3115155369824608,1.1515536982460828
69.83050847457626,1.675,28.475815585232024,1.1513091450770896,0.3115130914507709,1.1513091450770896
69.83050847457626,1.25875,28.47585279885535,1.1513307512964255,0.31151330751296424,1.1513307512964255
69.83050847457626,2.0912499999999996,28.476055557904633,1.151932025683916,0.31151932025683915,1.151932025683916
69.83050847457626,2.5075,28.475625930057777,1.1496845959635071,0.31149684595963506,1.1496845959635071
69.83050847457626,2.92375,28.47621479263023,1.1513272176414013,0.311513272176414,1.1513272176414013
69.83050847457626,3.34,28.475520620697434,1.1486367507248185,0.3114863675072482,1.1486367507248185
69.83050847457626,3.7562499999999996,28.47560144290568,1.1500711296046795,0.3115007112960468,1.1500711296046795
69.83050847457626,4.172499999999999,28.476153002991563,1.150290860794967,0.31150290860794966,1.150290860794967
69.83050847457626,4.58875,28.475881333584507,1.1503507796500334,0.3115035077965003,1.1503507796500334
69.83050847457626,5.005,28.47587557384307,1.1489015535526892,0.3114890155355269,1.1489015535526892
69.83050847457626,5.42125,28.47633033803091,1.1502137451873173,0.31150213745187316,1.1502137451873173
69.83050847457626,5.8375,28.476379696082823,1.1503600741503528,0.3115036007415035,1.1503600741503528
69.83050847457626,6.67,28.47627296395087,1.1478546780608556,0.31147854678060855,1.1478546780608556
69.83050847457626,6.25375,28.47617811364909,1.1487716308880846,0.31148771630888084,1.1487716308880846
69.83050847457626,7.08625,28.47676302014863,1.1491910436060238,0.3114919104360602,1.1491910436060238
69.83050847457626,7.5024999999999995,28.476562748289023,1.1486981235574456,0.31148698123557444,1.1486981235574456
69.83050847457626,7.91875,28.47713216215969,1.1492301496501767,0.31149230149650176,1.1492301496501767
69.83050847457626,8.334999999999999,28.476853131124518,1.1490021312615395,0.3114900213126154,1.1490021312615395
69.83050847457626,8.75125,28.47731667411037,1.1484781306259129,0.3114847813062591,1.1484781306259129
69.83050847457626,9.1675,28.47697390233949,1.1469024188201726,0.3114690241882017,1.1469024188201726
69.83050847457626,9.58375,28.477569133916518,1.1470938465613756,0.31147093846561374,1.1470938465613756
69.83050847457626,10.0,28.477553776852602,1.1466701835975923,0.3114667018359759,1.1466701835975923
71.10169491525423,0.01,28.477495894869076,1.1364271612974264,0.31136427161297425,1.1364271612974264
71.10169491525423,0.42625,28.477740946742436,1.1368046324203074,0.31136804632420306,1.1368046324203074
71.10169491525423,0.8425,28.477619096257445,1.1371642356129585,0.3113716423561296,1.1371642356129585
71.10169491525423,1.25875,28.477652617306,1.1369563440814467,0.31136956344081446,1.1369563440814467
71.10169491525423,1.675,28.477645030379428,1.1370357609285175,0.31137035760928516,1.1370357609285175
71.10169491525423,2.0912499999999996,28.47702029547129,1.1356603802016085,0.3113566038020161,1.1356603802016085
71.10169491525423,2.5075,28.477637020949782,1.1364531862217975,0.31136453186221796,1.1364531862217975
71.10169491525423,2.92375,28.477691941616765,1.1361886494664686,0.3113618864946647,1.1361886494664686
71.10169491525423,3.34,28.477297110937563,1.134590777141864,0.31134590777141863,1.134590777141864
71.10169491525423,3.7562499999999996,28.47745987350887,1.1355594224974397,0.3113555942249744,1.1355594224974397
71.10169491525423,4.172499999999999,28.477285501449533,1.1345523422201131,0.3113455234222011,1.1345523422201131
71.10169491525423,4.58875,28.477507448194324,1.1351121243894258,0.31135112124389425,1.1351121243894258
71.10169491525423,5.005,28.477769525735475,1.135285058328095,0.31135285058328094,1.135285058328095
71.10169491525423,5.42125,28.477713487163747,1.1352814967311886,0.3113528149673119,1.1352814967311886
71.10169491525423,5.8375,28.477500069083565,1.134780458432394,0.31134780458432393,1.134780458432394
71.10169491525423,6.25375,28.477793356270023,1.1338119907036648,0.31133811990703664,1.1338119907036648
71.10169491525423,6.67,28.47780695996214,1.1330568756471482,0.31133056875647147,1.1330568756471482
71.10169491525423,7.08625,28.477726392728297,1.1323954439760808,0.3113239544397608,1.1323954439760808
71.10169491525423,7.5024999999999995,28.478398061243386,1.133359147610502,0.311333591476105,1.133359147610502
71.10169491525423,7.91875,28.47839330729633,1.133948454181244,0.31133948454181243,1.133948454181244
71.10169491525423,8.334999999999999,28.47853609697155,1.133580077772739,0.3113358007777274,1.133580077772739
71.10169491525423,8.75125,28.478244106718286,1.1324779853983002,0.311324779853983,1.1324779853983002
71.10169491525423,9.1675,28.478495309213855,1.1323524688551634,0.3113235246885516,1.1323524688551634
71.10169491525423,9.58375,28.478617120288284,1.132411271217998,0.31132411271217997,1.132411271217998
71.10169491525423,10.0,28.47850783116993,1.1311944171047195,0.3113119441710472,1.1311944171047195
72.3728813559322,0.01,28.47933657308284,1.1227632497759044,0.31122763249775903,1.1227632497759044
72.3728813559322,0.42625,28.479301502730532,1.1223520202150783,0.31122352020215077,1.1223520202150783
72.3728813559322,0.8425,28.47929200662621,1.1223772412955246,0.31122377241295524,1.1223772412955246
72.3728813559322,1.25875,28.47908559887803,1.122846960746593,0.3112284696074659,1.122846960746593
72.3728813559322,1.675,28.479159097497625,1.122967377461337,0.31122967377461336,1.122967377461337
72.3728813559322,2.0912499999999996,28.479395581171445,1.1232835976322075,0.31123283597632206,1.1232835976322075
72.3728813559322,2.5075,28.479169843386252,1.1214564852216335,0.3112145648522163,1.1214564852216335
72.3728813559322,2.92375,28.478899936794047,1.120506103958091,0.3112050610395809,1.120506103958091
72.3728813559322,3.34,28.47912545268019,1.121501584187068,0.31121501584187067,1.121501584187068
72.3728813559322,4.172499999999999,28.479163900955122,1.1202083559872122,0.3112020835598721,1.1202083559872122
72.3728813559322,3.7562499999999996,28.478918874096536,1.12019025914743,0.3112019025914743,1.12019025914743
72.3728813559322,4.58875,28.479291116374455,1.1201222762659335,0.3112012227626593,1.1201222762659335
72.3728813559322,5.005,28.479463808386395,1.1218872605954666,0.31121887260595466,1.1218872605954666
72.3728813559322,5.42125,28.47955404171404,1.121782442567093,0.3112178244256709,1.121782442567093
72.3728813559322,5.8375,28.479151233871235,1.1202856758380508,0.3112028567583805,1.1202856758380508
72.3728813559322,6.25375,28.479331086133566,1.1218331495157274,0.31121833149515726,1.1218331495157274
72.3728813559322,6.67,28.479016456729376,1.118754046028586,0.31118754046028585,1.118754046028586
72.3728813559322,7.08625,28.479520779672434,1.120625144434989,0.3112062514443499,1.120625144434989
72.3728813559322,7.5024999999999995,28.47946769865877,1.1188975729257422,0.3111889757292574,1.1188975729257422
72.3728813559322,7.91875,28.479734221857303,1.1202298272492694,0.3112022982724927,1.1202298272492694
72.3728813559322,8.334999999999999,28.480065891569783,1.1199806215608732,0.3111998062156087,1.1199806215608732
72.3728813559322,8.75125,28.480237424582164,1.1200207299850662,0.31120020729985065,1.1200207299850662
72.3728813559322,9.1675,28.480435763071693,1.120261053327748,0.31120261053327747,1.120261053327748
72.3728813559322,10.0,28.48066728777663,1.1200478371555966,0.31120047837155596,1.1200478371555966
72.3728813559322,9.58375,28.48024147287512,1.1185023784915205,0.3111850237849152,1.1185023784915205
73.64406779661017,0.01,28.480445634653375,1.1114147226198245,0.31111414722619823,1.1114147226198245
73.64406779661017,0.42625,28.480552601127084,1.1119196167812206,0.3111191961678122,1.1119196167812206
73.64406779661017,0.8425,28.48031737564169,1.1110825458993112,0.3111108254589931,1.1110825458993112
73.64406779661017,1.25875,28.48051925223008,1.111769466668755,0.31111769466668754,1.111769466668755
73.64406779661017,1.675,28.480434223028784,1.110790807713824,0.31110790807713823,1.110790807713824
73.64406779661017,2.0912499999999996,28.480567677810097,1.1105280118570593,0.3111052801185706,1.1105280118570593
73.64406779661017,2.5075,28.48029704210895,1.110180680429701,0.311101806804297,1.110180680429701
73.64406779661017,2.92375,28.480633294510373,1.1095214503709483,0.31109521450370947,1.1095214503709483
73.64406779661017,3.34,28.480713685130794,1.109280032177501,0.311092800321775,1.109280032177501
73.64406779661017,3.7562499999999996,28.480283777906177,1.109209414375284,0.31109209414375283,1.109209414375284
73.64406779661017,4.172499999999999,28.480724477048597,1.1094082935977245,0.31109408293597723,1.1094082935977245
73.64406779661017,4.58875,28.480344057335063,1.1084507053101433,0.3110845070531014,1.1084507053101433
73.64406779661017,5.005,28.48079765875766,1.109164706248278,0.31109164706248277,1.109164706248278
73.64406779661017,5.42125,28.48060783789372,1.1095663298206548,0.31109566329820654,1.1095663298206548
73.64406779661017,5.8375,28.480529398936724,1.1095649718471656,0.31109564971847165,1.1095649718471656
73.64406779661017,6.25375,28.480857767181295,1.109590741261568,0.31109590741261567,1.109590741261568
73.64406779661017,6.67,28.481064299314454,1.1080760037919801,0.3110807600379198,1.1080760037919801
73.64406779661017,7.08625,28.48103122914651,1.1081250702899559,0.31108125070289955,1.1081250702899559
73.64406779661017,7.5024999999999995,28.481397383117677,1.1076735525814674,0.31107673552581466,1.1076735525814674
73.64406779661017,7.91875,28.481373696445903,1.1075257151394235,0.3110752571513942,1.1075257151394235
73.64406779661017,8.334999999999999,28.481382735731074,1.1075426386024656,0.31107542638602464,1.1075426386024656
73.64406779661017,8.75125,28.48170893153818,1.1070410689463461,0.31107041068946345,1.1070410689463461
73.64406779661017,9.1675,28.481983284601714,1.106786012866573,0.3110678601286657,1.106786012866573
73.64406779661017,9.58375,28.481929026672006,1.1065210542652637,0.3110652105426526,1.1065210542652637
73.64406779661017,10.0,28.48227272668714,1.1069166214541404,0.3110691662145414,1.1069166214541404
74.91525423728814,0.01,28.48277104613402,1.0992426989637594,0.3109924269896376,1.0992426989637594
74.91525423728814,0.42625,28.48255848535255,1.0981778599650605,0.3109817785996506,1.0981778599650605
74.91525423728814,0.8425,28.48261757109461,1.0983751572515965,0.31098375157251595,1.0983751572515965
74.91525423728814,1.25875,28.482506912448823,1.097475174210516,0.31097475174210515,1.097475174210516
74.91525423728814,1.675,28.482522507548076,1.0985050462137158,0.31098505046213715,1.0985050462137158
74.91525423728814,2.0912499999999996,28.4827373935263,1.0973620532286954,0.31097362053228694,1.0973620532286954
74.91525423728814,2.5075,28.482728671775757,1.0973709846267055,0.31097370984626704,1.0973709846267055
74.91525423728814,2.92375,28.48257111141617,1.096245149693753,0.3109624514969375,1.096245149693753
74.91525423728814,3.34,28.482662905221723,1.0963377371777883,0.31096337737177787,1.0963377371777883
74.91525423728814,3.7562499999999996,28.482686960701876,1.0969824888229618,0.3109698248882296,1.0969824888229618
74.91525423728814,4.172499999999999,28.48251832604697,1.096229123143605,0.31096229123143604,1.096229123143605
74.91525423728814,4.58875,28.482715959062563,1.0963975820714622,0.3109639758207146,1.0963975820714622
74.91525423728814,5.005,28.48266600736732,1.0967333534433021,0.310967333534433,1.0967333534433021
74.91525423728814,5.42125,28.482671698295622,1.0963124608085184,0.3109631246080852,1.0963124608085184
74.91525423728814,5.8375,28.48278955675967,1.0962376183465516,0.3109623761834655,1.0962376183465516
74.91525423728814,6.25375,28.482688763001978,1.0960046504353949,0.31096004650435394,1.0960046504353949
74.91525423728814,6.67,28.48261395883062,1.0946181878807526,0.3109461818788075,1.0946181878807526
74.91525423728814,7.08625,28.48260791223339,1.0941642620844017,0.310941642620844,1.0941642620844017
74.91525423728814,7.5024999999999995,28.483129224476233,1.0943744213946949,0.31094374421394694,1.0943744213946949
74.91525423728814,7.91875,28.483172532091906,1.094393054351206,0.31094393054351205,1.094393054351206
74.91525423728814,9.1675,28.483597317845366,1.0941233506041426,0.3109412335060414,1.0941233506041426
74.91525423728814,8.334999999999999,28.483672667174147,1.0947886289982223,0.3109478862899822,1.0947886289982223
74.91525423728814,8.75125,28.483870678384587,1.0947858897270957,0.31094785889727095,1.0947858897270957
74.91525423728814,9.58375,28.483675828935997,1.0950899752304455,0.31095089975230444,1.0950899752304455
74.91525423728814,10.0,28.48404743895047,1.0937500526262578,0.31093750052626257,1.0937500526262578
76.1864406779661,0.01,28.483795286435786,1.0861063192145803,0.3108610631921458,1.0861063192145803
76.1864406779661,0.42625,28.484332614032827,1.0858149036728548,0.31085814903672854,1.0858149036728548
76.1864406779661,0.8425,28.484062352853314,1.0862331664497182,0.31086233166449717,1.0862331664497182
76.1864406779661,1.25875,28.484608357258352,1.0867885537450606,0.3108678855374506,1.0867885537450606
76.1864406779661,1.675,28.48358333102449,1.0863807419456473,0.31086380741945646,1.0863807419456473
76.1864406779661,2.0912499999999996,28.48356160962785,1.0850021487088857,0.31085002148708885,1.0850021487088857
76.1864406779661,2.5075,28.48362023494481,1.0850991589600567,0.31085099158960056,1.0850991589600567
76.1864406779661,2.92375,28.483602262788743,1.0840153752017911,0.3108401537520179,1.0840153752017911
76.1864406779661,3.34,28.48351266593092,1.0837405652108667,0.31083740565210866,1.0837405652108667
76.1864406779661,3.7562499999999996,28.483971200969723,1.0825900577056125,0.3108259005770561,1.0825900577056125
76.1864406779661,4.172499999999999,28.484025251340555,1.082753880563414,0.31082753880563413,1.082753880563414
76.1864406779661,4.58875,28.484142159455825,1.0829324064114187,0.3108293240641142,1.0829324064114187
76.1864406779661,5.005,28.483651050766113,1.0836204549637296,0.3108362045496373,1.0836204549637296
76.1864406779661,5.42125,28.48441288688649,1.083666156680907,0.31083666156680906,1.083666156680907
76.1864406779661,5.8375,28.483912646237922,1.083736915707273,0.3108373691570727,1.083736915707273
76.1864406779661,6.25375,28.48449452673553,1.0835004748953658,0.31083500474895365,1.0835004748953658
76.1864406779661,6.67,28.484466713198504,1.081838456499945,0.31081838456499944,1.081838456499945
76.1864406779661,7.08625,28.48470684488999,1.0818625350129563,0.31081862535012955,1.0818625350129563
76.1864406779661,7.5024999999999995,28.48479528706659,1.081626978722755,0.31081626978722754,1.081626978722755
76.1864406779661,8.75125,28.485556608312784,1.0817197233688292,0.3108171972336883,1.0817197233688292
76.1864406779661,7.91875,28.48472901901779,1.0818801468755468,0.31081880146875546,1.0818801468755468
76.1864406779661,8.334999999999999,28.484922893305985,1.0814688509394876,0.31081468850939487,1.0814688509394876
76.1864406779661,9.1675,28.48561111102264,1.0810776138307,0.310810776138307,1.0810776138307
76.1864406779661,9.58375,28.48559590912086,1.0818160116901732,0.3108181601169017,1.0818160116901732
76.1864406779661,10.0,28.48556171473617,1.0812267565719846,0.31081226756571984,1.0812267565719846
77.45762711864407,0.01,28.48587659123164,1.0743646705120125,0.3107436467051201,1.0743646705120125
77.45762711864407,0.42625,28.486021286922785,1.074584252405858,0.31074584252405857,1.074584252405858
77.45762711864407,0.8425,28.485382874950623,1.07261109595439,0.3107261109595439,1.07261109595439
77.45762711864407,1.25875,28.485436636094164,1.0727807415998547,0.31072780741599854,1.0727807415998547
77.45762711864407,1.675,28.485838691222387,1.0740775815699932,0.3107407758156999,1.0740775815699932
77.45762711864407,2.0912499999999996,28.485918549502824,1.073789470565506,0.31073789470565505,1.073789470565506
77.45762711864407,2.5075,28.485671039834045,1.073619643096435,0.31073619643096434,1.073619643096435
77.45762711864407,2.92375,28.48551500026587,1.0726539656147616,0.3107265396561476,1.0726539656147616
77.45762711864407,3.34,28.485573791146777,1.0726113991263497,0.3107261139912635,1.0726113991263497
77.45762711864407,3.7562499999999996,28.485483778220242,1.0715216891131196,0.3107152168911312,1.0715216891131196
77.45762711864407,4.172499999999999,28.48554029962002,1.0716114807368005,0.310716114807368,1.0716114807368005
77.45762711864407,4.58875,28.48536299442488,1.0713417568559536,0.3107134175685595,1.0713417568559536
77.45762711864407,5.005,28.485449004693823,1.071261592712941,0.3107126159271294,1.071261592712941
77.45762711864407,5.42125,28.48532074560992,1.071065427933543,0.3107106542793354,1.071065427933543
77.45762711864407,5.8375,28.48551112189133,1.0720286647227018,0.310720286647227,1.0720286647227018
77.45762711864407,6.25375,28.48566350532149,1.07146969433784,0.3107146969433784,1.07146969433784
77.45762711864407,7.08625,28.485661345284413,1.0702476428223695,0.3107024764282237,1.0702476428223695
77.45762711864407,6.67,28.485566568149615,1.0707151210612331,0.3107071512106123,1.0707151210612331
77.45762711864407,7.5024999999999995,28.485630510925034,1.0694700972604554,0.31069470097260454,1.0694700972604554
77.45762711864407,7.91875,28.485947304884515,1.0709062856199991,0.3107090628562,1.0709062856199991
77.45762711864407,8.334999999999999,28.486046702496292,1.070642664535476,0.31070642664535475,1.070642664535476
77.45762711864407,8.75125,28.48601656703706,1.0698381110333388,0.3106983811103334,1.0698381110333388
77.45762711864407,9.1675,28.486175003237655,1.0698995041781845,0.31069899504178183,1.0698995041781845
77.45762711864407,9.58375,28.48590311822653,1.0696298441976448,0.31069629844197644,1.0696298441976448
77.45762711864407,10.0,28.486406244368176,1.0695241844700443,0.31069524184470043,1.0695241844700443
78.72881355932203,0.01,28.48610869910395,1.059443354118611,0.3105944335411861,1.059443354118611
78.72881355932203,0.42625,28.485991358173678,1.0591780376457138,0.3105917803764571,1.0591780376457138
78.72881355932203,0.8425,28.486159870334394,1.0597463961745046,0.31059746396174504,1.0597463961745046
78.72881355932203,1.675,28.48547930019908,1.059271696901548,0.31059271696901547,1.059271696901548
78.72881355932203,1.25875,28.486000376987622,1.0597657947530759,0.31059765794753075,1.0597657947530759
78.72881355932203,2.0912499999999996,28.485594240633713,1.058883116808229,0.3105888311680823,1.058883116808229
78.72881355932203,2.5075,28.48649448858627,1.059624613598975,0.31059624613598974,1.059624613598975
78.72881355932203,2.92375,28.486152919153113,1.0582884417706995,0.310582884417707,1.0582884417706995
78.72881355932203,3.34,28.48643146860543,1.0591084096278736,0.3105910840962787,1.0591084096278736
78.72881355932203,3.7562499999999996,28.48592170690533,1.0577615880921432,0.3105776158809214,1.0577615880921432
78.72881355932203,4.172499999999999,28.485965095746884,1.0572165624194996,0.310572165624195,1.0572165624194996
78.72881355932203,4.58875,28.48605312575993,1.0570297752587832,0.3105702977525878,1.0570297752587832
78.72881355932203,5.005,28.486154296675398,1.0571755040214625,0.3105717550402146,1.0571755040214625
78.72881355932203,5.42125,28.48610776992558,1.0570314635119482,0.31057031463511947,1.0570314635119482
78.72881355932203,5.8375,28.48598715771631,1.0567519417703175,0.31056751941770316,1.0567519417703175
78.72881355932203,6.25375,28.4861878892783,1.0567908615137567,0.31056790861513756,1.0567908615137567
78.72881355932203,6.67,28.486057766894227,1.0564162528604149,0.31056416252860414,1.0564162528604149
78.72881355932203,7.08625,28.486527771272026,1.0555290058998135,0.3105552900589981,1.0555290058998135
78.72881355932203,7.5024999999999995,28.486640689473354,1.056970370728555,0.31056970370728554,1.056970370728555
78.72881355932203,7.91875,28.486465759720133,1.0561660628705172,0.31056166062870516,1.0561660628705172
78.72881355932203,8.334999999999999,28.486576106082758,1.05586122203834,0.3105586122203834,1.05586122203834
78.72881355932203,8.75125,28.487140466207354,1.0563963247756936,0.3105639632477569,1.0563963247756936
78.72881355932203,9.1675,28.487003631114256,1.0556641483824125,0.3105566414838241,1.0556641483824125
78.72881355932203,9.58375,28.48718127744579,1.0568621237575848,0.31056862123757584,1.0568621237575848
78.72881355932203,10.0,28.486915972639547,1.0558470116916852,0.31055847011691684,1.0558470116916852
80.0,0.01,28.486468401507917,1.0477400040087292,0.3104774000400873,1.0477400040087292
80.0,0.42625,28.48675686440844,1.0481402776416793,0.3104814027764168,1.0481402776416793
80.0,0.8425,28.48675895480785,1.0470730430873154,0.31047073043087314,1.0470730430873154
80.0,1.25875,28.48667963927548,1.047108157626675,0.31047108157626674,1.047108157626675
80.0,1.675,28.48678341016145,1.0481971504160525,0.3104819715041605,1.0481971504160525
80.0,2.0912499999999996,28.48633360519172,1.0469922889784544,0.31046992288978453,1.0469922889784544
80.0,2.5075,28.486592933230693,1.046767178506408,0.31046767178506407,1.046767178506408
80.0,3.34,28.486054802336945,1.0459714420022914,0.3104597144200229,1.0459714420022914
80.0,2.92375,28.48614940539002,1.0458533128138603,0.3104585331281386,1.0458533128138603
80.0,3.7562499999999996,28.486152438153784,1.0461321486466224,0.3104613214864662,1.0461321486466224
80.0,4.172499999999999,28.486232435083565,1.0460587675662547,0.31046058767566254,1.0460587675662547
80.0,4.58875,28.486032482238674,1.045977126752401,0.310459771267524,1.045977126752401
80.0,5.005,28.486337204214212,1.0459166287677346,0.31045916628767734,1.0459166287677346
80.0,5.42125,28.486485406586915,1.0454729632805027,0.310454729632805,1.0454729632805027
80.0,5.8375,28.48662093190897,1.0452402845003983,0.31045240284500397,1.0452402845003983
80.0,6.25375,28.486785028922494,1.0451859578358647,0.31045185957835864,1.0451859578358647
80.0,6.67,28.486744949239732,1.0452214086450529,0.3104522140864505,1.0452214086450529
80.0,7.08625,28.486926033363016,1.0439743288419845,0.31043974328841983,1.0439743288419845
80.0,7.5024999999999995,28.48740140874002,1.045522712045499,0.310455227120455,1.045522712045499
80.0,8.334999999999999,28.48747253882156,1.0446990483198582,0.31044699048319857,1.0446990483198582
80.0,7.91875,28.487431464236522,1.0455763191281608,0.3104557631912816,1.0455763191281608
80.0,8.75125,28.487784150630112,1.043711458867197,0.31043711458867196,1.043711458867197
80.0,9.1675,28.487769080904098,1.0439661859924232,0.3104396618599242,1.0439661859924232
80.0,9.58375,28.487712150337416,1.043461663504608,0.31043461663504607,1.043461663504608
80.0,10.0,28.487883215017725,1.0442642052864937,0.3104426420528649,1.0442642052864937
