kp_dis,kp_chg,fuel,dev
5.0,0.01,27.912345442990347,6.513929524204082
5.0,0.13458333333333333,27.93941119316617,6.482783657047836
5.0,0.25916666666666666,27.94188318765116,6.453404076461322
5.0,0.38375000000000004,27.942864866481834,6.4353336166713735
5.0,0.5083333333333333,27.945466930490568,6.435212000051488
5.0,0.6329166666666667,27.94549649998609,6.428317280509144
5.0,0.7575000000000001,27.94717051003864,6.427179221162094
5.0,0.8820833333333333,27.94853247887593,6.424337868882551
5.0,1.0066666666666666,27.950014055425942,6.4247741625266865
5.0,1.13125,27.951627488253564,6.4236836281095835
5.0,1.2558333333333334,27.95220516797831,6.418604636504305
5.0,1.3804166666666666,27.95319020376683,6.407917724062894
5.0,1.5050000000000001,27.955180421585705,6.4083057711634694
5.0,1.6295833333333334,27.957157326009348,6.408170841299471
5.0,1.7541666666666667,27.958658012478143,6.403547912580349
5.0,1.8787500000000001,27.960448448312537,6.402278443248033
5.0,2.0033333333333334,27.96206465142466,6.4023174489085015
5.0,2.1279166666666667,27.962126867400585,6.393742544535996
5.0,2.2525,27.96374771193001,6.391073961289201
5.0,2.377083333333333,27.965391688834323,6.391111106697384
5.0,2.5016666666666665,27.966547601232403,6.388087501339451
5.0,2.6262499999999998,27.9680756313631,6.387331446540695
5.0,2.750833333333333,27.968618113311823,6.382508937247461
5.0,2.8754166666666667,27.969993454081138,6.379169630043413
5.0,3.0,27.97149953416101,6.380100072721062
5.555555555555555,0.01,27.796562533328828,5.937646111063688
5.555555555555555,0.13458333333333333,27.824011869648935,5.912614547997702
5.555555555555555,0.25916666666666666,27.82732981720866,5.892954567803965
5.555555555555555,0.38375000000000004,27.827454030917373,5.8694254689149625
5.555555555555555,0.5083333333333333,27.82966935638056,5.864265957232834
5.555555555555555,0.6329166666666667,27.830333776902293,5.8586018710944545
5.555555555555555,0.7575000000000001,27.831295228791568,5.8565880629258436
5.555555555555555,0.8820833333333333,27.83254023684626,5.853820963143008
5.555555555555555,1.0066666666666666,27.834063433082765,5.8533041774914025
5.555555555555555,1.13125,27.833845771944965,5.847062477927683
5.555555555555555,1.2558333333333334,27.836223376847265,5.851201925656058
5.555555555555555,1.3804166666666666,27.83859217336645,5.850070695170001
5.555555555555555,1.5050000000000001,27.839129865025082,5.841734267720883
5.555555555555555,1.6295833333333334,27.84012042416479,5.839037803075053
5.555555555555555,1.7541666666666667,27.842022636430407,5.839619345241415
5.555555555555555,1.8787500000000001,27.844391978939008,5.838689367078226
5.555555555555555,2.0033333333333334,27.8459743407934,5.836571464658374
5.555555555555555,2.1279166666666667,27.846309000675955,5.831359871670899
5.555555555555555,2.2525,27.846931256304714,5.829878642984382
5.555555555555555,2.377083333333333,27.850298177526085,5.8355873703240855
5.555555555555555,2.5016666666666665,27.852392689780164,5.8341305564023
5.555555555555555,2.6262499999999998,27.853580610374873,5.833411849400005
5.555555555555555,2.750833333333333,27.854830324337495,5.833132125177343
5.555555555555555,2.8754166666666667,27.856021071743925,5.831501743613343
5.555555555555555,3.0,27.855317766332476,5.819688046668753
6.111111111111111,0.01,27.701176843176277,5.459231010503562
6.111111111111111,0.13458333333333333,27.730883131773542,5.4447317948598695
6.111111111111111,0.25916666666666666,27.73345267854418,5.425795245734727
6.111111111111111,0.38375000000000004,27.732475161327006,5.396804637914471
6.111111111111111,0.5083333333333333,27.73394574666063,5.39171670049437
6.111111111111111,0.6329166666666667,27.736462916506927,5.394670579587735
6.111111111111111,0.7575000000000001,27.73506155251798,5.383520128186642
6.111111111111111,0.8820833333333333,27.737038045625276,5.383032660292425
6.111111111111111,1.0066666666666666,27.73792909047817,5.38020834508216
6.111111111111111,1.13125,27.738222819510927,5.376018326437176
6.111111111111111,1.2558333333333334,27.73965002085337,5.376091527869603
6.111111111111111,1.3804166666666666,27.742463922486145,5.378970228106378
6.111111111111111,1.5050000000000001,27.743878479638674,5.378995600630404
6.111111111111111,1.6295833333333334,27.745111087130546,5.377190624166628
6.111111111111111,1.7541666666666667,27.746556156197574,5.377293518677701
6.111111111111111,1.8787500000000001,27.74783937566214,5.374202064279132
6.111111111111111,2.0033333333333334,27.7512035130063,5.3763536587521195
6.111111111111111,2.1279166666666667,27.75226415329423,5.371883201670352
6.111111111111111,2.2525,27.753935355530093,5.372166674552171
6.111111111111111,2.377083333333333,27.75422529239509,5.36660168458064
6.111111111111111,2.5016666666666665,27.756292901366834,5.367366829216941
6.111111111111111,2.6262499999999998,27.757548366895833,5.3670751294204235
6.111111111111111,2.750833333333333,27.75864572918035,5.362288679412819
6.111111111111111,2.8754166666666667,27.760127318260135,5.3611043693903735
6.111111111111111,3.0,27.761153943606047,5.361283645501769
6.666666666666667,0.01,27.62519588841718,5.076019919536417
6.666666666666667,0.13458333333333333,27.651723820442736,5.053664076327458
6.666666666666667,0.25916666666666666,27.65456166381754,5.036349312953659
6.666666666666667,0.38375000000000004,27.654023634488432,5.00729839895352
6.666666666666667,0.5083333333333333,27.65570499423898,5.0027981610432875
6.666666666666667,0.6329166666666667,27.656698874491703,4.996925500336513
6.666666666666667,0.7575000000000001,27.65712970628351,4.992879267344097
6.666666666666667,0.8820833333333333,27.658347851008124,4.992663937030578
6.666666666666667,1.0066666666666666,27.6595880665906,4.992333602556132
6.666666666666667,1.13125,27.661103058878698,4.991386549192811
6.666666666666667,1.2558333333333334,27.66278230418494,4.99196048473679
6.666666666666667,1.3804166666666666,27.663664008502675,4.988591572060147
6.666666666666667,1.5050000000000001,27.664964897426536,4.986415130002964
6.666666666666667,1.6295833333333334,27.66589111856166,4.984529463622228
6.666666666666667,1.7541666666666667,27.667521166456144,4.984502464711133
6.666666666666667,1.8787500000000001,27.66829662532553,4.982981485442661
6.666666666666667,2.0033333333333334,27.669882346668256,4.981229210767829
6.666666666666667,2.1279166666666667,27.67156581069878,4.980946778625617
6.666666666666667,2.2525,27.674022559863623,4.980808784739055
6.666666666666667,2.377083333333333,27.67434744549147,4.976948140874965
6.666666666666667,2.5016666666666665,27.675900414863268,4.97835167676392
6.666666666666667,2.6262499999999998,27.676859741816333,4.977810927046223
6.666666666666667,2.750833333333333,27.676905291932933,4.969467949228329
6.666666666666667,2.8754166666666667,27.67830560642702,4.967713935482992
6.666666666666667,3.0,27.67974607829331,4.9659830895478265
7.222222222222222,0.01,27.558299482097794,4.739000740921101
7.222222222222222,0.13458333333333333,27.586800035807467,4.727643191442726
7.222222222222222,0.25916666666666666,27.59074788719648,4.717074228905521
7.222222222222222,0.38375000000000004,27.59028614655227,4.687857605221568
7.222222222222222,0.5083333333333333,27.59037275207763,4.675464039090016
7.222222222222222,0.6329166666666667,27.592157904767447,4.6725373880194985
7.222222222222222,0.7575000000000001,27.592165937025747,4.6659318735257695
7.222222222222222,0.8820833333333333,27.593997399501045,4.66810793673928
7.222222222222222,1.0066666666666666,27.59490603529444,4.666598779754649
7.222222222222222,1.13125,27.595085243419035,4.662047073910836
7.222222222222222,1.2558333333333334,27.59637412813285,4.660640764055735
7.222222222222222,1.3804166666666666,27.59783596520243,4.6591167037774825
7.222222222222222,1.5050000000000001,27.59826193802952,4.655961795990182
7.222222222222222,1.6295833333333334,27.60008122035364,4.657112014748344
7.222222222222222,1.7541666666666667,27.601248567425063,4.6565062766555645
7.222222222222222,1.8787500000000001,27.60165935084687,4.653831480785109
7.222222222222222,2.0033333333333334,27.602686338692713,4.653927883819914
7.222222222222222,2.1279166666666667,27.60450300406691,4.653365004562909
7.222222222222222,2.2525,27.606461321463172,4.6530182556799025
7.222222222222222,2.377083333333333,27.608265171257344,4.652815148245992
7.222222222222222,2.5016666666666665,27.609435288312746,4.649662498522023
7.222222222222222,2.6262499999999998,27.608772532789153,4.640727657788036
7.222222222222222,2.750833333333333,27.611631874097213,4.647722152087347
7.222222222222222,2.8754166666666667,27.61141424870014,4.640554146772441
7.222222222222222,3.0,27.612113338079343,4.636556088554389
7.777777777777778,0.01,27.502662962075416,4.450467407818593
7.777777777777778,0.13458333333333333,27.5292678387546,4.4343687094765
7.777777777777778,0.25916666666666666,27.53425172228259,4.42874983540516
7.777777777777778,0.38375000000000004,27.535799634044,4.407888272281002
7.777777777777778,0.5083333333333333,27.534160106239423,4.389141045857681
7.777777777777778,0.6329166666666667,27.5357666839353,4.387122762047568
7.777777777777778,0.7575000000000001,27.537609246259173,4.387360622664993
7.777777777777778,0.8820833333333333,27.53759978418782,4.382600151528887
7.777777777777778,1.0066666666666666,27.538196710054393,4.381121262302084
7.777777777777778,1.13125,27.539409043634826,4.379380620751972
7.777777777777778,1.2558333333333334,27.54124497866395,4.379272338703482
7.777777777777778,1.3804166666666666,27.54274267281639,4.3795147115111455
7.777777777777778,1.5050000000000001,27.54228343936833,4.374557976522375
7.777777777777778,1.6295833333333334,27.54365563590342,4.373760720888392
7.777777777777778,1.7541666666666667,27.544906756596387,4.374149751135742
7.777777777777778,1.8787500000000001,27.545579297650285,4.371967512859326
7.777777777777778,2.0033333333333334,27.54729302755264,4.374169750042395
7.777777777777778,2.1279166666666667,27.548175056269,4.372974369796168
7.777777777777778,2.2525,27.549111499134174,4.371778295225148
7.777777777777778,2.377083333333333,27.550400043933237,4.368470852793754
7.777777777777778,2.5016666666666665,27.55273857204178,4.370261504646717
7.777777777777778,2.6262499999999998,27.554179182556254,4.36766119636528
7.777777777777778,2.750833333333333,27.55482267549107,4.36728797821595
7.777777777777778,2.8754166666666667,27.555931561851924,4.3656968337949635
7.777777777777778,3.0,27.556740438873373,4.3656614778590725
8.333333333333334,0.01,27.455483392116605,4.201257970753625
8.333333333333334,0.13458333333333333,27.478845540864633,4.186866804172973
8.333333333333334,0.25916666666666666,27.484934579084598,4.175451990131079
8.333333333333334,0.38375000000000004,27.48686196884992,4.160752344428753
8.333333333333334,0.5083333333333333,27.486871537656718,4.146687031549678
8.333333333333334,0.6329166666666667,27.48880287653855,4.145855302818924
8.333333333333334,0.7575000000000001,27.490564013632433,4.144522173948328
8.333333333333334,0.8820833333333333,27.491093232305715,4.138117244126505
8.333333333333334,1.0066666666666666,27.49197939048203,4.1384324555362175
8.333333333333334,1.13125,27.49331591692149,4.137674463530139
8.333333333333334,1.2558333333333334,27.494807076798654,4.1375370467392365
8.333333333333334,1.3804166666666666,27.495164976799096,4.1332720399863465
8.333333333333334,1.5050000000000001,27.495624583772226,4.13274343231439
8.333333333333334,1.6295833333333334,27.496472597946834,4.131736226767291
8.333333333333334,1.7541666666666667,27.49819013655723,4.133657421011994
8.333333333333334,1.8787500000000001,27.498947315487822,4.1334056142923234
8.333333333333334,2.0033333333333334,27.5001602105751,4.132367666980608
8.333333333333334,2.1279166666666667,27.499708711903256,4.12836113317292
8.333333333333334,2.2525,27.500657615879373,4.127742725985117
8.333333333333334,2.377083333333333,27.502228528917936,4.131157457321294
8.333333333333334,2.5016666666666665,27.50388230320693,4.128236032869531
8.333333333333334,2.6262499999999998,27.50556403356895,4.126248015036555
8.333333333333334,2.750833333333333,27.508690381241216,4.130542860002123
8.333333333333334,2.8754166666666667,27.509060450143856,4.128034473697212
8.333333333333334,3.0,27.50861697887349,4.123056471382225
8.88888888888889,0.01,27.416536991952725,3.989764710712873
8.88888888888889,0.13458333333333333,27.435504873620726,3.9752862060096983
8.88888888888889,0.25916666666666666,27.44555865117253,3.96762162014771
8.88888888888889,0.38375000000000004,27.447545793717406,3.9531140970318237
8.88888888888889,0.5083333333333333,27.446108235046466,3.9311563951273722
8.88888888888889,0.6329166666666667,27.448144841527025,3.928410775945351
8.88888888888889,0.7575000000000001,27.44847915833731,3.923222025523232
8.88888888888889,0.8820833333333333,27.449995262961906,3.921851855485181
8.88888888888889,1.0066666666666666,27.450092593423232,3.918348230237345
8.88888888888889,1.13125,27.451574137765704,3.919066500652985
8.88888888888889,1.2558333333333334,27.453207006564405,3.9171014358675036
8.88888888888889,1.3804166666666666,27.453464692830718,3.915328464958473
8.88888888888889,1.5050000000000001,27.45432972670769,3.915066048539262
8.88888888888889,1.6295833333333334,27.4547339863394,3.9146312377147385
8.88888888888889,1.7541666666666667,27.456130177077323,3.9162380952913356
8.88888888888889,1.8787500000000001,27.456575754556358,3.912705066426514
8.88888888888889,2.0033333333333334,27.457612545336946,3.9141260950422474
8.88888888888889,2.1279166666666667,27.458206872910825,3.912166544838691
8.88888888888889,2.2525,27.459409089207085,3.9146815315562247
8.88888888888889,2.377083333333333,27.46016434472868,3.9147625716987378
8.88888888888889,2.5016666666666665,27.46102440574382,3.910872435734347
8.88888888888889,2.6262499999999998,27.463330539370318,3.9124021690684074
8.88888888888889,2.750833333333333,27.46543980387225,3.9140742384154326
8.88888888888889,2.8754166666666667,27.46682479499947,3.9113992023228628
8.88888888888889,3.0,27.467534099221066,3.9099324112796543
9.444444444444445,0.01,27.380212042102514,3.7920114365020465
9.444444444444445,0.13458333333333333,27.395347717210505,3.7855510269719006
9.444444444444445,0.25916666666666666,27.410498718784627,3.7772686695415114
9.444444444444445,0.38375000000000004,27.412160535841554,3.764149135988321
9.444444444444445,0.5083333333333333,27.412879497301315,3.752883896441822
9.444444444444445,0.6329166666666667,27.4126457517934,3.740263176927666
9.444444444444445,0.7575000000000001,27.41438401525156,3.740522302268534
9.444444444444445,0.8820833333333333,27.4150421569082,3.7356618497415175
9.444444444444445,1.0066666666666666,27.415305989835037,3.732888440521326
9.444444444444445,1.13125,27.41676963586972,3.7347576497774426
9.444444444444445,1.2558333333333334,27.418274646880068,3.7340688911006223
9.444444444444445,1.3804166666666666,27.41867324717657,3.7320279766419384
9.444444444444445,1.5050000000000001,27.419193050977032,3.7310900153195545
9.444444444444445,1.6295833333333334,27.419704210324575,3.7317792036562105
9.444444444444445,1.7541666666666667,27.420777482595255,3.7315831194386915
9.444444444444445,1.8787500000000001,27.421880210389,3.730312824224985
9.444444444444445,2.0033333333333334,27.422854353233397,3.731001382364502
9.444444444444445,2.1279166666666667,27.423187852711834,3.7309935251283233
9.444444444444445,2.2525,27.424152923592157,3.7299146596260546
9.444444444444445,2.377083333333333,27.42475504665753,3.72599940773618
9.444444444444445,2.5016666666666665,27.425648837915965,3.727529622001419
9.444444444444445,2.6262499999999998,27.42652949878916,3.7273846167007796
9.444444444444445,2.750833333333333,27.429224424988245,3.725493370976568
9.444444444444445,2.8754166666666667,27.430334094449954,3.7249486154960154
9.444444444444445,3.0,27.432073608651315,3.7242561580524134
10.0,0.01,27.348995821479512,3.620570409511675
10.0,0.13458333333333333,27.362430603711186,3.6137827627346466
10.0,0.25916666666666666,27.378007956361156,3.600191056894586
10.0,0.38375000000000004,27.380159296789927,3.5915111454924986
10.0,0.5083333333333333,27.380288843080578,3.5758468255537244
10.0,0.6329166666666667,27.379710444918985,3.56340444528489
10.0,0.7575000000000001,27.381402884443492,3.5640918992739135
10.0,0.8820833333333333,27.382069212934745,3.5587652234982006
10.0,1.0066666666666666,27.38263846606947,3.558176544699043
10.0,1.13125,27.383970149606593,3.5575350326224333
10.0,1.2558333333333334,27.385349322797026,3.5576252961771084
10.0,1.3804166666666666,27.38615074452176,3.5568936128233197
10.0,1.5050000000000001,27.38631713019772,3.5570227722559746
10.0,1.6295833333333334,27.386876357526624,3.5552400130274053
10.0,1.7541666666666667,27.38768905357649,3.5557301394218923
10.0,1.8787500000000001,27.38842322884404,3.555824740530084
10.0,2.0033333333333334,27.3891986646716,3.555554164069885
10.0,2.1279166666666667,27.389444548502354,3.5530962235949315
10.0,2.2525,27.390390785202367,3.554556660572983
10.0,2.377083333333333,27.391004702473623,3.553807096581613
10.0,2.5016666666666665,27.391870714855433,3.55315624137908
10.0,2.6262499999999998,27.392638950187454,3.55245507660773
10.0,2.750833333333333,27.393751799518185,3.5504322348767214
10.0,2.8754166666666667,27.396535281809182,3.5518577836710366
10.0,3.0,27.397763867586676,3.5523873660467773
10.555555555555555,0.01,27.32083173059045,3.466720724814709
10.555555555555555,0.13458333333333333,27.332925216377966,3.461884895850109
10.555555555555555,0.25916666666666666,27.351740119177165,3.4552763226937397
10.555555555555555,0.38375000000000004,27.352449949184926,3.439450332234295
10.555555555555555,0.5083333333333333,27.35246583215906,3.4251880532925547
10.555555555555555,0.6329166666666667,27.351940451345122,3.4117432833020933
10.555555555555555,0.7575000000000001,27.353439595463694,3.410868804414874
10.555555555555555,0.8820833333333333,27.354738048408844,3.411746913483343
10.555555555555555,1.0066666666666666,27.35504533356118,3.407115282049533
10.555555555555555,1.13125,27.356047520020816,3.405905215850946
10.555555555555555,1.2558333333333334,27.357162405026134,3.405501179182008
10.555555555555555,1.3804166666666666,27.357451094729594,3.403391051665289
10.555555555555555,1.5050000000000001,27.357749553058273,3.403119688676121
10.555555555555555,1.6295833333333334,27.358819211834053,3.4023836165064547
10.555555555555555,1.7541666666666667,27.3586854459261,3.401466897768418
10.555555555555555,1.8787500000000001,27.35943150465321,3.4026218463607205
10.555555555555555,2.0033333333333334,27.360158146521314,3.401273435952895
10.555555555555555,2.1279166666666667,27.36088689350566,3.4001972214204033
10.555555555555555,2.2525,27.361775907788655,3.400324956243206
10.555555555555555,2.377083333333333,27.36275220322817,3.4007857679330233
10.555555555555555,2.5016666666666665,27.36273122673277,3.398403681018336
10.555555555555555,2.6262499999999998,27.362802243536258,3.396220303113273
10.555555555555555,2.750833333333333,27.363935756945914,3.3960205353115116
10.555555555555555,2.8754166666666667,27.365685027976912,3.394618788515258
10.555555555555555,3.0,27.368142331287267,3.395244535083386
11.11111111111111,0.01,27.29659121078945,3.3347345518413896
11.11111111111111,0.13458333333333333,27.306696855011403,3.3256647116630345
11.11111111111111,0.25916666666666666,27.326411761430375,3.3186010537537447
11.11111111111111,0.38375000000000004,27.327916851021158,3.3077761852463308
11.11111111111111,0.5083333333333333,27.328089483577717,3.293735341056281
11.11111111111111,0.6329166666666667,27.327437620036566,3.277159051628553
11.11111111111111,0.7575000000000001,27.329106793492965,3.27822775782759
11.11111111111111,0.8820833333333333,27.33004291315335,3.275185112376766
11.11111111111111,1.0066666666666666,27.33063458904838,3.2730544147433926
11.11111111111111,1.13125,27.331799250009155,3.271921414761525
11.11111111111111,1.2558333333333334,27.332773684454562,3.2728705290907323
11.11111111111111,1.3804166666666666,27.333432510066157,3.2706699437922984
11.11111111111111,1.5050000000000001,27.33337985123633,3.268772656783736
11.11111111111111,1.6295833333333334,27.33333993253768,3.2670342752025796
11.11111111111111,1.7541666666666667,27.334489791295574,3.268293285782714
11.11111111111111,1.8787500000000001,27.33450169445976,3.2657303218165734
11.11111111111111,2.0033333333333334,27.33480274820703,3.265061571223715
11.11111111111111,2.1279166666666667,27.335769578770396,3.2643637440238793
11.11111111111111,2.2525,27.336183102197396,3.2623685036363037
11.11111111111111,2.377083333333333,27.337152055283397,3.262019645047859
11.11111111111111,2.5016666666666665,27.337893588103753,3.2638579035845883
11.11111111111111,2.6262499999999998,27.337859867830034,3.261012258605478
11.11111111111111,2.750833333333333,27.33875231256466,3.259482536173924
11.11111111111111,2.8754166666666667,27.340333893152792,3.259202494430208
11.11111111111111,3.0,27.341447443188883,3.259197651405543
11.666666666666668,0.01,27.273892916775544,3.2073266281096635
11.666666666666668,0.13458333333333333,27.284165670405162,3.199420519347168
11.666666666666668,0.25916666666666666,27.30420194167414,3.1939669626208533
11.666666666666668,0.38375000000000004,27.3064230657229,3.188637160040347
11.666666666666668,0.5083333333333333,27.30680049747208,3.173769411382038
11.666666666666668,0.6329166666666667,27.30725210807175,3.1657778709348716
11.666666666666668,0.7575000000000001,27.307068444276172,3.1537162513783024
11.666666666666668,0.8820833333333333,27.30765406389175,3.152355907955134
11.666666666666668,1.0066666666666666,27.308432649416517,3.1495084385707193
11.666666666666668,1.13125,27.309053828631598,3.1457534057299954
11.666666666666668,1.2558333333333334,27.309796008180115,3.1463701232041896
11.666666666666668,1.3804166666666666,27.31020783751804,3.1461986675228983
11.666666666666668,1.5050000000000001,27.31024326956571,3.144276023859205
11.666666666666668,1.6295833333333334,27.31075866390111,3.1428956453863233
11.666666666666668,1.7541666666666667,27.311465505323074,3.14494403182084
11.666666666666668,1.8787500000000001,27.312024048293544,3.140916275966643
11.666666666666668,2.0033333333333334,27.31322803245555,3.1428297745204894
11.666666666666668,2.1279166666666667,27.313997212684214,3.1438162111714463
11.666666666666668,2.2525,27.314412349979374,3.1419853957732613
11.666666666666668,2.377083333333333,27.314332710439114,3.138454999819562
11.666666666666668,2.5016666666666665,27.31536483817783,3.1395464313568877
11.666666666666668,2.6262499999999998,27.316545334533238,3.1396069962472293
11.666666666666668,2.750833333333333,27.31680573199792,3.139171786703648
11.666666666666668,2.8754166666666667,27.31732473366046,3.1367923795720563
11.666666666666668,3.0,27.318907867248285,3.136265332210675
12.222222222222221,0.01,27.251814140504237,3.0820512193131924
12.222222222222221,0.13458333333333333,27.262144588421368,3.0758316962214147
12.222222222222221,0.25916666666666666,27.28211550572935,3.071602129964335
12.222222222222221,0.38375000000000004,27.284928564334216,3.0665313469549815
12.222222222222221,0.5083333333333333,27.286772078577343,3.0604349230332337
12.222222222222221,0.6329166666666667,27.28693909621032,3.050943267428363
12.222222222222221,0.7575000000000001,27.286582662999862,3.040487562843597
12.222222222222221,0.8820833333333333,27.287833662377952,3.039800335569409
12.222222222222221,1.0066666666666666,27.288118839195448,3.0342911119468132
12.222222222222221,1.13125,27.28976045201459,3.035465659928571
12.222222222222221,1.2558333333333334,27.28974405867661,3.032002300257913
12.222222222222221,1.3804166666666666,27.29041400546528,3.0325545203197137
12.222222222222221,1.5050000000000001,27.29143193146691,3.0348692379980555
12.222222222222221,1.6295833333333334,27.291984476561836,3.033559885198228
12.222222222222221,1.7541666666666667,27.292290229984353,3.032576262256165
12.222222222222221,1.8787500000000001,27.292895832609812,3.032674381785144
12.222222222222221,2.0033333333333334,27.293548920648885,3.032990665465646
12.222222222222221,2.1279166666666667,27.293422704692556,3.0304736773404004
12.222222222222221,2.2525,27.294732525957738,3.033490721179505
12.222222222222221,2.377083333333333,27.294894847589706,3.0300660548721217
12.222222222222221,2.5016666666666665,27.295811445020355,3.0325916453656507
12.222222222222221,2.6262499999999998,27.296109788142246,3.029048598099621
12.222222222222221,2.750833333333333,27.297400568881734,3.0314863508607734
12.222222222222221,2.8754166666666667,27.298123926202525,3.0310781515359766
12.222222222222221,3.0,27.298735386415608,3.028278843618104
12.777777777777779,0.01,27.233023180827352,2.9737729020803014
12.777777777777779,0.13458333333333333,27.243457568880814,2.970438522258556
12.777777777777779,0.25916666666666666,27.26226161019342,2.9588815920130243
12.777777777777779,0.38375000000000004,27.26412044897456,2.9508042190077632
12.777777777777779,0.5083333333333333,27.266265644597585,2.94521337019808
12.777777777777779,0.6329166666666667,27.267709139696542,2.940238142755974
12.777777777777779,0.7575000000000001,27.267501970822064,2.931223111656134
12.777777777777779,0.8820833333333333,27.26839055518787,2.928364993714405
12.777777777777779,1.0066666666666666,27.26860502091172,2.9239138730048184
12.777777777777779,1.13125,27.26944795601861,2.9236428110883503
12.777777777777779,1.2558333333333334,27.270567935193966,2.9262690771580777
12.777777777777779,1.3804166666666666,27.270899774357098,2.9222148364862868
12.777777777777779,1.5050000000000001,27.271601988465015,2.9245108605134185
12.777777777777779,1.6295833333333334,27.27205147685308,2.9250179753384398
12.777777777777779,1.7541666666666667,27.272350349693944,2.923994989617701
12.777777777777779,1.8787500000000001,27.272875353599076,2.924024025286026
12.777777777777779,2.0033333333333334,27.27300389744867,2.921533710138741
12.777777777777779,2.1279166666666667,27.272967648259943,2.9202079349109344
12.777777777777779,2.2525,27.273549046065188,2.920906393078171
12.777777777777779,2.377083333333333,27.27444814570107,2.919965043606915
12.777777777777779,2.5016666666666665,27.274933570896327,2.919633659369353
12.777777777777779,2.6262499999999998,27.275939697591316,2.920980007428925
12.777777777777779,2.750833333333333,27.276436807658143,2.9209821500565614
12.777777777777779,2.8754166666666667,27.277314376417,2.920758221548886
12.777777777777779,3.0,27.27819257104961,2.919698429252077
13.333333333333334,0.01,27.216447704241784,2.879863811303135
13.333333333333334,0.13458333333333333,27.225345308021588,2.870028677793285
13.333333333333334,0.25916666666666666,27.24494496881406,2.862398811778716
13.333333333333334,0.38375000000000004,27.24705482106346,2.8552017624183303
13.333333333333334,0.5083333333333333,27.248216886260792,2.8441092459913886
13.333333333333334,0.6329166666666667,27.248502954433704,2.8355283654030563
13.333333333333334,0.7575000000000001,27.248113126188887,2.824162708082023
13.333333333333334,0.8820833333333333,27.24965371525494,2.8234540671667583
13.333333333333334,1.0066666666666666,27.250024406139186,2.8206179572111467
13.333333333333334,1.13125,27.251214898269858,2.820402297055713
13.333333333333334,1.2558333333333334,27.252056901534605,2.820922462825526
13.333333333333334,1.3804166666666666,27.25246968226882,2.8207310195320523
13.333333333333334,1.5050000000000001,27.252601065720846,2.819609304830567
13.333333333333334,1.6295833333333334,27.253443002558345,2.819832536027289
13.333333333333334,1.7541666666666667,27.253749633941634,2.8198833346674332
13.333333333333334,1.8787500000000001,27.25384548886929,2.8191522649779976
13.333333333333334,2.0033333333333334,27.254174015508102,2.8182301414537703
13.333333333333334,2.1279166666666667,27.25486202793699,2.8179085164087514
13.333333333333334,2.2525,27.255537179113503,2.817466425599263
13.333333333333334,2.377083333333333,27.256089536468526,2.8168996736223475
13.333333333333334,2.5016666666666665,27.256353138888656,2.816850116495462
13.333333333333334,2.6262499999999998,27.2573316442909,2.817536977495183
13.333333333333334,2.750833333333333,27.258111877539438,2.816943112407583
13.333333333333334,2.8754166666666667,27.258636119088,2.8162689876392033
13.333333333333334,3.0,27.259650878691136,2.8164981587635864
13.88888888888889,0.01,27.20129266382542,2.7940505737467705
13.88888888888889,0.13458333333333333,27.210881868579154,2.785768509626285
13.88888888888889,0.25916666666666666,27.229799115968156,2.773365211833112
13.88888888888889,0.38375000000000004,27.231828869102724,2.768310406134744
13.88888888888889,0.5083333333333333,27.23308425557026,2.756787361144586
13.88888888888889,0.6329166666666667,27.23282442068311,2.745320762389941
13.88888888888889,0.7575000000000001,27.232164798264474,2.7343268820336775
13.88888888888889,0.8820833333333333,27.233780408702213,2.731008197494372
13.88888888888889,1.0066666666666666,27.23351388651798,2.7264864560897717
13.88888888888889,1.13125,27.234350806398158,2.7245985252101033
13.88888888888889,1.2558333333333334,27.234732657986047,2.7230531228236323
13.88888888888889,1.3804166666666666,27.23556955884835,2.7240227612697563
13.88888888888889,1.5050000000000001,27.236008505153528,2.723562704012039
13.88888888888889,1.6295833333333334,27.236710439248093,2.7258892233334384
13.88888888888889,1.7541666666666667,27.23726247017511,2.7248174151187077
13.88888888888889,1.8787500000000001,27.23720542897117,2.7238609004812675
13.88888888888889,2.0033333333333334,27.237469322349497,2.7231072446364135
13.88888888888889,2.1279166666666667,27.23761736801684,2.7207551695835996
13.88888888888889,2.2525,27.237578137500897,2.719969932338906
13.88888888888889,2.377083333333333,27.23892648438019,2.7235211679461746
13.88888888888889,2.5016666666666665,27.239524025313123,2.722311536790972
13.88888888888889,2.6262499999999998,27.240138910819102,2.7227165586823032
13.88888888888889,2.750833333333333,27.240409023497648,2.721721938749461
13.88888888888889,2.8754166666666667,27.241267565828327,2.721842429314542
13.88888888888889,3.0,27.241856469644308,2.720724923506185
14.444444444444445,0.01,27.188692406163725,2.715419606258557
14.444444444444445,0.13458333333333333,27.198549475558732,2.710339148371993
14.444444444444445,0.25916666666666666,27.21748826238696,2.698877023869567
14.444444444444445,0.38375000000000004,27.219297856052417,2.6926790164783387
14.444444444444445,0.5083333333333333,27.21955210398572,2.6820208623953237
14.444444444444445,0.6329166666666667,27.21897433892642,2.668696971431345
14.444444444444445,0.7575000000000001,27.21947939042667,2.6618391952884513
14.444444444444445,0.8820833333333333,27.219414219950366,2.6509732246046247
14.444444444444445,1.0066666666666666,27.220020783384484,2.648507441125375
14.444444444444445,1.13125,27.220537196068424,2.645429898162871
14.444444444444445,1.2558333333333334,27.221036390674907,2.6454547770362713
14.444444444444445,1.3804166666666666,27.22172141282731,2.645056382738259
14.444444444444445,1.5050000000000001,27.22219577004786,2.6435926855378766
14.444444444444445,1.6295833333333334,27.222522849588984,2.644565052729569
14.444444444444445,1.7541666666666667,27.223211720355263,2.644192263202477
14.444444444444445,1.8787500000000001,27.22331724201328,2.6428750142972355
14.444444444444445,2.0033333333333334,27.223533065605885,2.6429196736722558
14.444444444444445,2.1279166666666667,27.224291794608245,2.6427943583320346
14.444444444444445,2.2525,27.224948017979028,2.641656701866235
14.444444444444445,2.377083333333333,27.225015402935252,2.641464457332238
14.444444444444445,2.5016666666666665,27.225458691711303,2.641802887257194
14.444444444444445,2.6262499999999998,27.225472796208884,2.6398761882783672
14.444444444444445,2.750833333333333,27.22621689104507,2.6409218720057304
14.444444444444445,2.8754166666666667,27.22710895168382,2.6412382456463988
14.444444444444445,3.0,27.22756484052329,2.6401279273327862
15.0,0.01,27.176096198976026,2.6335603254716347
15.0,0.13458333333333333,27.184135814019154,2.6269886769792583
15.0,0.25916666666666666,27.203758010038705,2.6218304177716645
15.0,0.38375000000000004,27.205676154761292,2.6156786555221077
15.0,0.5083333333333333,27.206931513811327,2.6075138539759566
15.0,0.6329166666666667,27.205738333319598,2.5932703253010168
15.0,0.7575000000000001,27.205809751855746,2.583034122611827
15.0,0.8820833333333333,27.2055231930454,2.574170482403665
15.0,1.0066666666666666,27.206238975308302,2.5720808225697
15.0,1.13125,27.206772292971575,2.5691312783921614
15.0,1.2558333333333334,27.207384836706506,2.568788102896513
15.0,1.3804166666666666,27.208280186282327,2.5692366880206654
15.0,1.5050000000000001,27.208514956443466,2.5681630137093183
15.0,1.6295833333333334,27.209257262057598,2.567841468206822
15.0,1.7541666666666667,27.209451116535266,2.5680410394076203
15.0,1.8787500000000001,27.21009271245715,2.568598287928231
15.0,2.0033333333333334,27.21055217904076,2.5663909930027096
15.0,2.1279166666666667,27.210985767514714,2.5663573480505963
15.0,2.2525,27.211542032436995,2.565165585643464
15.0,2.377083333333333,27.211810418111643,2.5654211425283737
15.0,2.5016666666666665,27.212026692431106,2.564398702187898
15.0,2.6262499999999998,27.213193846923282,2.5662281486456386
15.0,2.750833333333333,27.213252107304616,2.5653915971011854
15.0,2.8754166666666667,27.21408804964021,2.565541978964897
15.0,3.0,27.214570171299428,2.564616420857341
15.555555555555555,0.01,27.164575279920417,2.5607069176566464
15.555555555555555,0.13458333333333333,27.172115262866697,2.5549713066130075
15.555555555555555,0.25916666666666666,27.190824079197334,2.5465043327500823
15.555555555555555,0.38375000000000004,27.191956939495427,2.5375090296198834
15.555555555555555,0.5083333333333333,27.193699599869426,2.532678345104833
15.555555555555555,0.6329166666666667,27.19469937731869,2.5265866942773494
15.555555555555555,0.7575000000000001,27.193971523286514,2.515413593747673
15.555555555555555,0.8820833333333333,27.193081816753086,2.503523310273353
15.555555555555555,1.0066666666666666,27.1941466559551,2.5021290342748137
15.555555555555555,1.13125,27.194193256207186,2.496704438511471
15.555555555555555,1.2558333333333334,27.195387505908123,2.4985790293340413
15.555555555555555,1.3804166666666666,27.19602042530886,2.4984404731438814
15.555555555555555,1.5050000000000001,27.196545560494926,2.498553882648152
15.555555555555555,1.6295833333333334,27.196831882790832,2.497690800440555
15.555555555555555,1.7541666666666667,27.19735752497835,2.496960019719202
15.555555555555555,1.8787500000000001,27.197606299518075,2.496696266257359
15.555555555555555,2.0033333333333334,27.19781969981882,2.4950040560549667
15.555555555555555,2.1279166666666667,27.198151287157067,2.4945870017243355
15.555555555555555,2.2525,27.19856829071073,2.4939740965696897
15.555555555555555,2.377083333333333,27.199195689832006,2.493163790402575
15.555555555555555,2.5016666666666665,27.199576430920633,2.4931580211322304
15.555555555555555,2.6262499999999998,27.19954777390046,2.4915694022916437
15.555555555555555,2.750833333333333,27.200761968905642,2.494004601023386
15.555555555555555,2.8754166666666667,27.201529883639257,2.4943135295809826
15.555555555555555,3.0,27.20172309456471,2.4936684675736953
16.11111111111111,0.01,27.153799862195115,2.493209155166054
16.11111111111111,0.13458333333333333,27.16074586262157,2.488079126732229
16.11111111111111,0.25916666666666666,27.179137306875162,2.47994818709798
16.11111111111111,0.38375000000000004,27.18057159644225,2.4725000867685476
16.11111111111111,0.5083333333333333,27.18099840559737,2.463464845511576
16.11111111111111,0.6329166666666667,27.181751479692288,2.455068853769876
16.11111111111111,0.7575000000000001,27.180826457954378,2.44337837306336
16.11111111111111,0.8820833333333333,27.179749285756102,2.4297130078543616
16.11111111111111,1.0066666666666666,27.18144462084813,2.4300140519046662
16.11111111111111,1.13125,27.181483578861155,2.426030737915391
16.11111111111111,1.2558333333333334,27.182681933715067,2.4272538067489857
16.11111111111111,1.3804166666666666,27.18360595462169,2.425802606712868
16.11111111111111,1.5050000000000001,27.184063331017573,2.425605708850076
16.11111111111111,1.6295833333333334,27.184385534859967,2.4262465737778127
16.11111111111111,1.7541666666666667,27.1846422459798,2.4257214495207178
16.11111111111111,1.8787500000000001,27.184971548034945,2.4254067960122527
16.11111111111111,2.0033333333333334,27.18574719585206,2.4255009601593325
16.11111111111111,2.1279166666666667,27.185844191840076,2.4244828388367834
16.11111111111111,2.2525,27.18657716204162,2.4249895298826205
16.11111111111111,2.377083333333333,27.186829968760936,2.423797049944554
16.11111111111111,2.5016666666666665,27.187154751233304,2.4228073384511664
16.11111111111111,2.6262499999999998,27.187983392586492,2.4222187958406027
16.11111111111111,2.750833333333333,27.188501327841074,2.422964706349501
16.11111111111111,2.8754166666666667,27.189404214660918,2.423420631615264
16.11111111111111,3.0,27.1894990535096,2.422178350763049
16.666666666666668,0.01,27.143947413592937,2.4261954131689967
16.666666666666668,0.13458333333333333,27.15070814945783,2.4244990917590026
16.666666666666668,0.25916666666666666,27.16763120523662,2.417268012942114
16.666666666666668,0.38375000000000004,27.17029566130264,2.411874489032262
16.666666666666668,0.5083333333333333,27.17158122277239,2.4032620213864933
16.666666666666668,0.6329166666666667,27.172220240421957,2.3951358405477463
16.666666666666668,0.7575000000000001,27.17043299059302,2.37950881784022
16.666666666666668,0.8820833333333333,27.171587516098892,2.377232072022611
16.666666666666668,1.0066666666666666,27.17147010007392,2.368046906854665
16.666666666666668,1.13125,27.171189530021163,2.3622688148647155
16.666666666666668,1.2558333333333334,27.17204007783623,2.362287449888173
16.666666666666668,1.3804166666666666,27.173261632473636,2.3641245884620856
16.666666666666668,1.5050000000000001,27.17314278222014,2.361452235059197
16.666666666666668,1.6295833333333334,27.174079357336574,2.36299936754909
16.666666666666668,1.7541666666666667,27.17437239856186,2.363033869429765
16.666666666666668,1.8787500000000001,27.174625489746763,2.3630285438880296
16.666666666666668,2.0033333333333334,27.175144689626887,2.362706745896875
16.666666666666668,2.1279166666666667,27.17504937375653,2.3610920307464642
16.666666666666668,2.2525,27.175479140879496,2.361090433017199
16.666666666666668,2.377083333333333,27.1761925069011,2.361947792051372
16.666666666666668,2.5016666666666665,27.176465578194332,2.3603350928126545
16.666666666666668,2.6262499999999998,27.1765911567752,2.3596569623394235
16.666666666666668,2.750833333333333,27.177150726670984,2.3597794240034773
16.666666666666668,2.8754166666666667,27.177723115597715,2.35968540093468
16.666666666666668,3.0,27.177712811145405,2.355858913431014
17.22222222222222,0.01,27.13472619201628,2.3645372928629502
17.22222222222222,0.13458333333333333,27.14188207461341,2.3632931953598835
17.22222222222222,0.25916666666666666,27.158493806813045,2.3559335349625843
17.22222222222222,0.38375000000000004,27.160585345046215,2.3500239424965264
17.22222222222222,0.5083333333333333,27.162195836914268,2.3470024130286093
17.22222222222222,0.6329166666666667,27.1627536092315,2.340673147054184
17.22222222222222,0.7575000000000001,27.161668521601,2.3275807360565337
17.22222222222222,0.8820833333333333,27.161784555042182,2.3214809732368167
17.22222222222222,1.0066666666666666,27.161858401290996,2.3143055057286697
17.22222222222222,1.13125,27.161917306355296,2.30857901309498
17.22222222222222,1.2558333333333334,27.16236974763955,2.305276390864802
17.22222222222222,1.3804166666666666,27.163736740167405,2.3082821228090467
17.22222222222222,1.5050000000000001,27.16360718650106,2.3040411609353217
17.22222222222222,1.6295833333333334,27.164571335767853,2.304142231149975
17.22222222222222,1.7541666666666667,27.1645605217475,2.3033673993645642
17.22222222222222,1.8787500000000001,27.16569698410767,2.3076105908334696
17.22222222222222,2.0033333333333334,27.165311684851066,2.303933865023472
17.22222222222222,2.1279166666666667,27.165357615006425,2.302889416289494
17.22222222222222,2.2525,27.165890543906496,2.3022579812257082
17.22222222222222,2.377083333333333,27.167009819016545,2.3059804719690105
17.22222222222222,2.5016666666666665,27.16690995576732,2.3036637186867104
17.22222222222222,2.6262499999999998,27.16691321143086,2.3010883128012303
17.22222222222222,2.750833333333333,27.16712566606324,2.30105184406707
17.22222222222222,2.8754166666666667,27.167262921102573,2.300840241407842
17.22222222222222,3.0,27.167956129741054,2.300176965720624
17.77777777777778,0.01,27.125326369707807,2.3056085169772587
17.77777777777778,0.13458333333333333,27.133073812231945,2.3058494728293133
17.77777777777778,0.25916666666666666,27.14891452651606,2.301636527114459
17.77777777777778,0.38375000000000004,27.153754830890627,2.3002576221154145
17.77777777777778,0.5083333333333333,27.153926903026324,2.291311125646789
17.77777777777778,0.6329166666666667,27.154687704440928,2.2849834242493094
17.77777777777778,0.7575000000000001,27.154067274524557,2.274743848845179
17.77777777777778,0.8820833333333333,27.154878601098893,2.2724719593458618
17.77777777777778,1.0066666666666666,27.153648787758158,2.260952587932702
17.77777777777778,1.13125,27.153802198669148,2.256567369276147
17.77777777777778,1.2558333333333334,27.1543468889772,2.2560502899126145
17.77777777777778,1.3804166666666666,27.155081360171337,2.255996593653964
17.77777777777778,1.5050000000000001,27.155914879504692,2.2553296115877197
17.77777777777778,1.6295833333333334,27.156448510201677,2.2557372602558856
17.77777777777778,1.7541666666666667,27.156388156419055,2.2543372662933328
17.77777777777778,1.8787500000000001,27.156700287193782,2.2548978790839005
17.77777777777778,2.0033333333333334,27.15727476423976,2.2559089117865305
17.77777777777778,2.1279166666666667,27.157449254967197,2.2533259076724708
17.77777777777778,2.2525,27.157886407366522,2.254517968771136
17.77777777777778,2.377083333333333,27.159097085778093,2.254533863876457
17.77777777777778,2.5016666666666665,27.1593902764633,2.254341852115882
17.77777777777778,2.6262499999999998,27.159387598819702,2.2525734960266828
17.77777777777778,2.750833333333333,27.15927623530325,2.250825753718205
17.77777777777778,2.8754166666666667,27.159722186972747,2.251804827793935
17.77777777777778,3.0,27.160401361535722,2.252546674241257
18.333333333333336,0.01,27.1172943050815,2.2521232028191007
18.333333333333336,0.13458333333333333,27.125288031636288,2.251349647319439
18.333333333333336,0.25916666666666666,27.140422533669096,2.247696738772115
18.333333333333336,0.38375000000000004,27.145457539711256,2.2462849731266665
18.333333333333336,0.5083333333333333,27.147267760161093,2.243102238402911
18.333333333333336,0.6329166666666667,27.14831359198916,2.2380664531427175
18.333333333333336,0.7575000000000001,27.146980325691892,2.225447551443016
18.333333333333336,0.8820833333333333,27.146347613858463,2.2157510656003576
18.333333333333336,1.0066666666666666,27.145790439960507,2.2069963942823065
18.333333333333336,1.13125,27.145519642179035,2.201506901434275
18.333333333333336,1.2558333333333334,27.14633623792383,2.2020443540150705
18.333333333333336,1.3804166666666666,27.146997047925886,2.200855417167374
18.333333333333336,1.5050000000000001,27.14780735684252,2.2002977267471135
18.333333333333336,1.6295833333333334,27.14824762591118,2.2013728008599074
18.333333333333336,1.7541666666666667,27.148546832519095,2.2003051549080386
18.333333333333336,1.8787500000000001,27.148930512629875,2.2011212127550808
18.333333333333336,2.0033333333333334,27.149328795074133,2.1999722162529602
18.333333333333336,2.1279166666666667,27.14937660667614,2.1996305837929775
18.333333333333336,2.2525,27.150018985319516,2.200518774899962
18.333333333333336,2.377083333333333,27.15038964196448,2.1995323178325643
18.333333333333336,2.5016666666666665,27.150480309614316,2.1986146280020993
18.333333333333336,2.6262499999999998,27.15095046250224,2.198597768973065
18.333333333333336,2.750833333333333,27.15105507119149,2.197364926993939
18.333333333333336,2.8754166666666667,27.15122994061489,2.197252937479477
18.333333333333336,3.0,27.151832228344293,2.198276254634818
18.88888888888889,0.01,27.109128909629185,2.200132707025598
18.88888888888889,0.13458333333333333,27.118117898353503,2.200439229198997
18.88888888888889,0.25916666666666666,27.131947183667243,2.2008882880351575
18.88888888888889,0.38375000000000004,27.1380542835696,2.1936224356555956
18.88888888888889,0.5083333333333333,27.140252378710958,2.1937511552386493
18.88888888888889,0.6329166666666667,27.141385634908772,2.1919703906554844
18.88888888888889,0.7575000000000001,27.141046278263058,2.1832991341539043
18.88888888888889,0.8820833333333333,27.139873893017818,2.1703429118266726
18.88888888888889,1.0066666666666666,27.13940145645502,2.160174802238063
18.88888888888889,1.13125,27.139795691618886,2.157670142847201
18.88888888888889,1.2558333333333334,27.140351512663468,2.156646192146394
18.88888888888889,1.3804166666666666,27.14079292989888,2.1553594517074504
18.88888888888889,1.5050000000000001,27.140946964977033,2.154375163950284
18.88888888888889,1.6295833333333334,27.141019413746157,2.1530688119370147
18.88888888888889,1.7541666666666667,27.14158764833039,2.1527353387656154
18.88888888888889,1.8787500000000001,27.14229632973992,2.154462968333104
18.88888888888889,2.0033333333333334,27.1419208486402,2.151896219673594
18.88888888888889,2.1279166666666667,27.14314914394334,2.1542849235813177
18.88888888888889,2.2525,27.14325292181414,2.1534302972831654
18.88888888888889,2.377083333333333,27.14348960689286,2.1523703303623796
18.88888888888889,2.5016666666666665,27.143417302356923,2.1507702089175904
18.88888888888889,2.6262499999999998,27.143877329642823,2.152199290993051
18.88888888888889,2.750833333333333,27.143922757226186,2.1497618262547427
18.88888888888889,2.8754166666666667,27.14425584705245,2.149558505403565
18.88888888888889,3.0,27.145004301208093,2.150038580587288
19.444444444444443,0.01,27.102490354109275,2.155337816183678
19.444444444444443,0.13458333333333333,27.11022226063287,2.152177110961151
19.444444444444443,0.25916666666666666,27.12355752700697,2.151214853218991
19.444444444444443,0.38375000000000004,27.13149766659616,2.1470417817893828
19.444444444444443,0.5083333333333333,27.133136173226777,2.144805074047862
19.444444444444443,0.6329166666666667,27.13505671554814,2.144852001074354
19.444444444444443,0.7575000000000001,27.135470446438372,2.1403390842582413
19.444444444444443,0.8820833333333333,27.134452253543,2.12841069700197
19.444444444444443,1.0066666666666666,27.13496847900152,2.1258246582440075
19.444444444444443,1.13125,27.13325152070149,2.1121013229857875
19.444444444444443,1.2558333333333334,27.133925342521522,2.113175302907966
19.444444444444443,1.3804166666666666,27.134978781947463,2.1128083875445514
19.444444444444443,1.5050000000000001,27.134250625927155,2.1074682106257736
19.444444444444443,1.6295833333333334,27.135092046963898,2.107968526648807
19.444444444444443,1.7541666666666667,27.13664238517761,2.1102539585633853
19.444444444444443,1.8787500000000001,27.13656471062339,2.108765883639191
19.444444444444443,2.0033333333333334,27.136575472942397,2.1078689315853936
19.444444444444443,2.1279166666666667,27.136759062381493,2.1076397209959516
19.444444444444443,2.2525,27.13692381358967,2.1074928158874906
19.444444444444443,2.377083333333333,27.137744215816472,2.1082179022535175
19.444444444444443,2.5016666666666665,27.137467571761935,2.1053494986496335
19.444444444444443,2.6262499999999998,27.137916408193753,2.1063017650988893
19.444444444444443,2.750833333333333,27.13818471655669,2.105944023152478
19.444444444444443,2.8754166666666667,27.138121471570283,2.1044039461233064
19.444444444444443,3.0,27.138633723262558,2.1046065512576204
20.0,0.01,27.097990401484648,2.115228240637607
20.0,0.13458333333333333,27.104606352112615,2.1104397222088123
20.0,0.25916666666666666,27.115566583657046,2.1056267065851175
20.0,0.38375000000000004,27.12469325179585,2.1020490439980777
20.0,0.5083333333333333,27.126601378012175,2.1012833366287618
20.0,0.6329166666666667,27.128464480509077,2.098471996083134
20.0,0.7575000000000001,27.129497865440744,2.096340502685573
20.0,0.8820833333333333,27.128846606900613,2.0855881965543333
20.0,1.0066666666666666,27.12917051552264,2.08180205684082
20.0,1.13125,27.12841565213773,2.0734135182272184
20.0,1.2558333333333334,27.12874705033965,2.0719540104573553
20.0,1.3804166666666666,27.129460896108075,2.071922173955282
20.0,1.5050000000000001,27.1296060896918,2.069306637509732
20.0,1.6295833333333334,27.130803859181494,2.0720841641714283
20.0,1.7541666666666667,27.130864118312882,2.070625006293647
20.0,1.8787500000000001,27.131177761485173,2.071471849496598
20.0,2.0033333333333334,27.131679725530358,2.0702580440731477
20.0,2.1279166666666667,27.13203822359351,2.070605425872846
20.0,2.2525,27.13243578037704,2.0705590427160194
20.0,2.377083333333333,27.132552989514497,2.069491704410403
20.0,2.5016666666666665,27.13288529578131,2.0688222168459838
20.0,2.6262499999999998,27.13251435884835,2.066466711007997
20.0,2.750833333333333,27.13374231561593,2.069360157655653
20.0,2.8754166666666667,27.133900374215667,2.068203850530087
20.0,3.0,27.13409142983264,2.067077007425411
20.555555555555557,0.01,27.091164490519695,2.072210765884103
20.555555555555557,0.13458333333333333,27.098965310909993,2.0692390343287235
20.555555555555557,0.25916666666666666,27.1087254632047,2.0668992934681385
20.555555555555557,0.38375000000000004,27.1187190722653,2.0609473507201437
20.555555555555557,0.5083333333333333,27.12015910093677,2.0583750238004628
20.555555555555557,0.6329166666666667,27.121689922385062,2.055127082319225
20.555555555555557,0.7575000000000001,27.122945948678577,2.053154180862432
20.555555555555557,0.8820833333333333,27.12291758261799,2.0473099278616513
20.555555555555557,1.0066666666666666,27.12344419539899,2.0426350825203943
20.555555555555557,1.13125,27.12288296872167,2.0337993618627035
20.555555555555557,1.2558333333333334,27.12324338661044,2.031711827766763
20.555555555555557,1.3804166666666666,27.123960495599228,2.031960912735137
20.555555555555557,1.5050000000000001,27.124581353189402,2.0297519086854567
20.555555555555557,1.6295833333333334,27.125572931002132,2.029832855484254
20.555555555555557,1.7541666666666667,27.125787684533513,2.0290703318591117
20.555555555555557,1.8787500000000001,27.125699712210217,2.0290481879328026
20.555555555555557,2.0033333333333334,27.12618935668431,2.028667550358765
20.555555555555557,2.1279166666666667,27.12635695646364,2.028522811777178
20.555555555555557,2.2525,27.126684075805265,2.0289040993213825
20.555555555555557,2.377083333333333,27.126974449205935,2.0281528603311614
20.555555555555557,2.5016666666666665,27.127424211031315,2.028671114131564
20.555555555555557,2.6262499999999998,27.127413854129223,2.0272003398429383
20.555555555555557,2.750833333333333,27.12796253136877,2.0278012705944093
20.555555555555557,2.8754166666666667,27.128699618198713,2.027248474120158
20.555555555555557,3.0,27.12841886892598,2.0263732859267582
21.11111111111111,0.01,27.085715557691792,2.032235681408462
21.11111111111111,0.13458333333333333,27.094071809217745,2.0284975278747397
21.11111111111111,0.25916666666666666,27.102986820865286,2.029570190582514
21.11111111111111,0.38375000000000004,27.1128498765703,2.020369074737993
21.11111111111111,0.5083333333333333,27.11516851346378,2.020278213818977
21.11111111111111,0.6329166666666667,27.116563659343164,2.0150760123322673
21.11111111111111,0.7575000000000001,27.117646452941436,2.012697349104803
21.11111111111111,0.8820833333333333,27.117976620636675,2.007767825067608
21.11111111111111,1.0066666666666666,27.118406860793876,2.0038089911693313
21.11111111111111,1.13125,27.117494416111406,1.9928212757693353
21.11111111111111,1.2558333333333334,27.11836012580078,1.9928590641432653
21.11111111111111,1.3804166666666666,27.118979761343823,1.9924498854550499
21.11111111111111,1.5050000000000001,27.11993078594978,1.9916777176238964
21.11111111111111,1.6295833333333334,27.120066730886727,1.9889293597260271
21.11111111111111,1.7541666666666667,27.121040064405054,1.9922906280443409
21.11111111111111,1.8787500000000001,27.12145199063218,1.9916475473431006
21.11111111111111,2.0033333333333334,27.121547033299414,1.9908929413564258
21.11111111111111,2.1279166666666667,27.121644900186148,1.9903240264158684
21.11111111111111,2.2525,27.122515690626408,1.990943757513547
21.11111111111111,2.377083333333333,27.123076814968982,1.9911668992585563
21.11111111111111,2.5016666666666665,27.123494003496965,1.9916771066410377
21.11111111111111,2.6262499999999998,27.122903787514964,1.9869957226446633
21.11111111111111,2.750833333333333,27.12389155920834,1.9903632891042244
21.11111111111111,2.8754166666666667,27.12426512353988,1.9898012974810642
21.11111111111111,3.0,27.12467678511654,1.9896115648536328
21.666666666666668,0.01,27.08057099815514,1.9915886783378023
21.666666666666668,0.13458333333333333,27.088553180486528,1.9888083547281
21.666666666666668,0.25916666666666666,27.096730892677343,1.9887586386729272
21.666666666666668,0.38375000000000004,27.109241032409994,1.9843356648761967
21.666666666666668,0.5083333333333333,27.11016374601073,1.980375113439986
21.666666666666668,0.6329166666666667,27.111690824749846,1.9777871528518731
21.666666666666668,0.7575000000000001,27.112898157003798,1.9737068502601873
21.666666666666668,0.8820833333333333,27.11361781645569,1.9703436918863004
21.666666666666668,1.0066666666666666,27.114158939764074,1.9668843238663303
21.666666666666668,1.13125,27.113679568706242,1.958225461641111
21.666666666666668,1.2558333333333334,27.113936682060686,1.9550373545916377
21.666666666666668,1.3804166666666666,27.11410896710374,1.9532619005529328
21.666666666666668,1.5050000000000001,27.115061993389684,1.9538889033986262
21.666666666666668,1.6295833333333334,27.114845799714992,1.951134935424037
21.666666666666668,1.7541666666666667,27.115353169525424,1.9516532552828758
21.666666666666668,1.8787500000000001,27.1157187271792,1.9520353924367795
21.666666666666668,2.0033333333333334,27.116163113867003,1.9515853215754886
21.666666666666668,2.1279166666666667,27.116298813662514,1.951792936982799
21.666666666666668,2.2525,27.116761639019135,1.9511138257163552
21.666666666666668,2.377083333333333,27.11715633257645,1.9512652232844263
21.666666666666668,2.5016666666666665,27.118129343638003,1.9512727262163854
21.666666666666668,2.6262499999999998,27.11834821434571,1.9510049951154629
21.666666666666668,2.750833333333333,27.118214488401335,1.949671255847013
21.666666666666668,2.8754166666666667,27.118526695040625,1.950396829543688
21.666666666666668,3.0,27.118867265088138,1.950063952123815
22.22222222222222,0.01,27.076238358682588,1.9564994863573437
22.22222222222222,0.13458333333333333,27.08346472269179,1.9512915495707328
22.22222222222222,0.25916666666666666,27.091193353731082,1.951848826243724
22.22222222222222,0.38375000000000004,27.103665859253198,1.9467813803037193
22.22222222222222,0.5083333333333333,27.10506650032117,1.943198525202966
22.22222222222222,0.6329166666666667,27.107872461663412,1.9448176877609191
22.22222222222222,0.7575000000000001,27.1083257587649,1.9391520938688178
22.22222222222222,0.8820833333333333,27.108698661613097,1.9352544549689654
22.22222222222222,1.0066666666666666,27.10878183051452,1.9298931724776036
22.22222222222222,1.13125,27.10979769904515,1.9286681171280184
22.22222222222222,1.2558333333333334,27.108254790284583,1.9172899035602153
22.22222222222222,1.3804166666666666,27.108580194342967,1.9161846536540517
22.22222222222222,1.5050000000000001,27.109201223372544,1.915931437747026
22.22222222222222,1.6295833333333334,27.10980021214169,1.9160187287802943
22.22222222222222,1.7541666666666667,27.1104954658429,1.9170385028370207
22.22222222222222,1.8787500000000001,27.110607454156717,1.9160249867017032
22.22222222222222,2.0033333333333334,27.111063974886456,1.9168720120534888
22.22222222222222,2.1279166666666667,27.11104319437496,1.9157729938136414
22.22222222222222,2.2525,27.111713305775492,1.9168407785867092
22.22222222222222,2.377083333333333,27.111813841873275,1.915616833369893
22.22222222222222,2.5016666666666665,27.112155070470074,1.9150997978492013
22.22222222222222,2.6262499999999998,27.112848850670282,1.9158619091049045
22.22222222222222,2.750833333333333,27.11286421628231,1.9150751809322797
22.22222222222222,2.8754166666666667,27.113366947965027,1.9150821347365399
22.22222222222222,3.0,27.113848260028934,1.916100328831627
22.77777777777778,0.01,27.07382613914036,1.9266986130916763
22.77777777777778,0.13458333333333333,27.08071558219064,1.9198432871367244
22.77777777777778,0.25916666666666666,27.086035259951192,1.9160921916286267
22.77777777777778,0.38375000000000004,27.10020002435389,1.9126983327910962
22.77777777777778,0.5083333333333333,27.101730053912195,1.911126073377567
22.77777777777778,0.6329166666666667,27.10342229055278,1.9088960066008631
22.77777777777778,0.7575000000000001,27.104200781326114,1.9048276177915657
22.77777777777778,0.8820833333333333,27.10441561989725,1.901545861529358
22.77777777777778,1.0066666666666666,27.103717414499005,1.8935800485742393
22.77777777777778,1.13125,27.10457521852808,1.8929301440961555
22.77777777777778,1.2558333333333334,27.103667354184086,1.883183950321493
22.77777777777778,1.3804166666666666,27.10383643804578,1.8819259391465948
22.77777777777778,1.5050000000000001,27.104581549976007,1.881988146367286
22.77777777777778,1.6295833333333334,27.10503438900959,1.8810650622149372
22.77777777777778,1.7541666666666667,27.10551953736646,1.8813137026832238
22.77777777777778,1.8787500000000001,27.106816520590534,1.8807720032260555
22.77777777777778,2.0033333333333334,27.107021421450984,1.8801206566156359
22.77777777777778,2.1279166666666667,27.107877154313858,1.8817125990422123
22.77777777777778,2.2525,27.10729319046818,1.880046634711735
22.77777777777778,2.377083333333333,27.107736390614733,1.8809405480610442
22.77777777777778,2.5016666666666665,27.108091353993203,1.8801956318104607
22.77777777777778,2.6262499999999998,27.108568386551482,1.8812902380074825
22.77777777777778,2.750833333333333,27.108398531084525,1.8804633248176494
22.77777777777778,2.8754166666666667,27.108405286502308,1.8795737508743082
22.77777777777778,3.0,27.10890647511723,1.8800243868439148
23.333333333333336,0.01,27.070467951864906,1.8982274866879312
23.333333333333336,0.13458333333333333,27.077006998398463,1.8894509899208212
23.333333333333336,0.25916666666666666,27.081687394646586,1.8856893343930203
23.333333333333336,0.38375000000000004,27.095919064466983,1.8788355112811017
23.333333333333336,0.5083333333333333,27.096885754109547,1.8758102736640192
23.333333333333336,0.6329166666666667,27.09900240995235,1.8753013540678765
23.333333333333336,0.7575000000000001,27.10052172812832,1.8746785771277363
23.333333333333336,0.8820833333333333,27.09996918351532,1.8677082230456832
23.333333333333336,1.0066666666666666,27.09971677380442,1.860522907557971
23.333333333333336,1.13125,27.10051192722338,1.8594614642452267
23.333333333333336,1.2558333333333334,27.099141920684904,1.8479239074111253
23.333333333333336,1.3804166666666666,27.09998155026518,1.849194500180712
23.333333333333336,1.5050000000000001,27.100278721281732,1.8471860820216235
23.333333333333336,1.6295833333333334,27.100972391507447,1.8476960139865495
23.333333333333336,1.7541666666666667,27.10231990359735,1.848019974283388
23.333333333333336,1.8787500000000001,27.10276137056157,1.8474148852743566
23.333333333333336,2.0033333333333334,27.102359736919226,1.8474521177569092
23.333333333333336,2.1279166666666667,27.102722111612177,1.84737312308752
23.333333333333336,2.2525,27.102989207820663,1.8475659631331298
23.333333333333336,2.377083333333333,27.102828460104575,1.846197517912057
23.333333333333336,2.5016666666666665,27.10350174636401,1.8472462386087074
23.333333333333336,2.6262499999999998,27.103660386578383,1.8462699346239897
23.333333333333336,2.750833333333333,27.10462117675002,1.847263175382513
23.333333333333336,2.8754166666666667,27.104728539548287,1.8461581171782593
23.333333333333336,3.0,27.105274266822978,1.845937355540811
23.88888888888889,0.01,27.06729966285757,1.8643985167877297
23.88888888888889,0.13458333333333333,27.073960625569338,1.8623657774905489
23.88888888888889,0.25916666666666666,27.078248528490107,1.858705648811243
23.88888888888889,0.38375000000000004,27.092738976004366,1.8494536179759213
23.88888888888889,0.5083333333333333,27.093701482493493,1.845720183528543
23.88888888888889,0.6329166666666667,27.095520502779582,1.84509802132643
23.88888888888889,0.7575000000000001,27.095796138125763,1.8391762330940031
23.88888888888889,0.8820833333333333,27.09620698517423,1.8360402815204735
23.88888888888889,1.0066666666666666,27.095731346864884,1.8285702494866052
23.88888888888889,1.13125,27.096203485130413,1.8277607772712257
23.88888888888889,1.2558333333333334,27.09484244056169,1.8156115914446047
23.88888888888889,1.3804166666666666,27.096010764382292,1.817324946897797
23.88888888888889,1.5050000000000001,27.096064040050987,1.8147078501976222
23.88888888888889,1.6295833333333334,27.097207027225707,1.8158290563338286
23.88888888888889,1.7541666666666667,27.098258936838842,1.8155443347344702
23.88888888888889,1.8787500000000001,27.098739711986312,1.8158441418592464
23.88888888888889,2.0033333333333334,27.098879790177058,1.814848678869696
23.88888888888889,2.1279166666666667,27.099454101289986,1.8153588579202795
23.88888888888889,2.2525,27.0994606390856,1.8146785196949677
23.88888888888889,2.377083333333333,27.099532147815406,1.8144499737961617
23.88888888888889,2.5016666666666665,27.099866361072912,1.8152353167110447
23.88888888888889,2.6262499999999998,27.10005274739649,1.8148254652745055
23.88888888888889,2.750833333333333,27.10027543147999,1.8143258115528416
23.88888888888889,2.8754166666666667,27.100975102549874,1.8145547453176647
23.88888888888889,3.0,27.10096013855993,1.8135959165449356
24.444444444444446,0.01,27.063987743879956,1.83515114499736
24.444444444444446,0.13458333333333333,27.07084840918737,1.8319611775762246
24.444444444444446,0.25916666666666666,27.074986167975663,1.8292260239769986
24.444444444444446,0.38375000000000004,27.08941812022814,1.8233317472440225
24.444444444444446,0.5083333333333333,27.090639312554345,1.8179302342807235
24.444444444444446,0.6329166666666667,27.092236058556168,1.815125249154359
24.444444444444446,0.7575000000000001,27.093360776869037,1.8138361913715484
24.444444444444446,0.8820833333333333,27.093026201681933,1.8065062993308456
24.444444444444446,1.0066666666666666,27.091992359708286,1.7977823652530145
24.444444444444446,1.13125,27.09269433825878,1.796552593618722
24.444444444444446,1.2558333333333334,27.09292025958592,1.7947227140621858
24.444444444444446,1.3804166666666666,27.092097922462905,1.7865552019648956
24.444444444444446,1.5050000000000001,27.092276271134683,1.7845028557334053
24.444444444444446,1.6295833333333334,27.093375382462515,1.7854642053305336
24.444444444444446,1.7541666666666667,27.094036568284828,1.7857372844373998
24.444444444444446,1.8787500000000001,27.09365380247086,1.7839203233802836
24.444444444444446,2.0033333333333334,27.09431955003279,1.7844422992992215
24.444444444444446,2.1279166666666667,27.094850940491153,1.7843422669751308
24.444444444444446,2.2525,27.095206330569187,1.783823007815527
24.444444444444446,2.377083333333333,27.095476704140626,1.783937856890011
24.444444444444446,2.5016666666666665,27.095721587223128,1.7831840948786704
24.444444444444446,2.6262499999999998,27.0964973660243,1.7837324733414262
24.444444444444446,2.750833333333333,27.096636874353372,1.7828690462968366
24.444444444444446,2.8754166666666667,27.096919109580195,1.7828223343509697
24.444444444444446,3.0,27.09672246768911,1.7840454307754772
25.0,0.01,27.060415796601248,1.8057588764018695
25.0,0.13458333333333333,27.067646753583084,1.8033584230696398
25.0,0.25916666666666666,27.071548840974298,1.8005591524394793
25.0,0.38375000000000004,27.08646424376274,1.794094478361935
25.0,0.5083333333333333,27.08798396903,1.7923880122523217
25.0,0.6329166666666667,27.088677507560163,1.7867552100820638
25.0,0.7575000000000001,27.089611168293505,1.7852056126237748
25.0,0.8820833333333333,27.090040354153516,1.7807675674195
25.0,1.0066666666666666,27.08875303663287,1.7695249194527585
25.0,1.13125,27.08966874521514,1.7689013710373458
25.0,1.2558333333333334,27.090754547944762,1.7677133246234156
25.0,1.3804166666666666,27.089295690670323,1.756070926103226
25.0,1.5050000000000001,27.08869853377178,1.7550131722584017
25.0,1.6295833333333334,27.089730069039746,1.757119720833178
25.0,1.7541666666666667,27.089977911367868,1.7563959971618415
25.0,1.8787500000000001,27.090057582120618,1.754864593633465
25.0,2.0033333333333334,27.091002967234136,1.755855982239135
25.0,2.1279166666666667,27.091798229431205,1.7565735274794325
25.0,2.2525,27.091995764070024,1.7544404105649059
25.0,2.377083333333333,27.092478696003433,1.7557981331087547
25.0,2.5016666666666665,27.09232190522845,1.753838958497761
25.0,2.6262499999999998,27.092922742941095,1.7546458826854738
25.0,2.750833333333333,27.09336477272036,1.7552157198848506
25.0,2.8754166666666667,27.093403578777227,1.7549870587536542
25.0,3.0,27.093761419680813,1.7546667012359851
25.555555555555557,0.01,27.057617536285058,1.7784001668646188
25.555555555555557,0.13458333333333333,27.063573448526864,1.7735481458779678
25.555555555555557,0.25916666666666666,27.06823269399511,1.7728068084868764
25.555555555555557,0.38375000000000004,27.083346822674105,1.766472632683952
25.555555555555557,0.5083333333333333,27.084446247905863,1.7631745423641931
25.555555555555557,0.6329166666666667,27.085192087524295,1.7580499698164387
25.555555555555557,0.7575000000000001,27.086590361816846,1.7583283251328963
25.555555555555557,0.8820833333333333,27.086529568430894,1.7521408607884426
25.555555555555557,1.0066666666666666,27.085568036993397,1.7413446657121745
25.555555555555557,1.13125,27.08590009079871,1.739542266552796
25.555555555555557,1.2558333333333334,27.08693480213039,1.7395110528429014
25.555555555555557,1.3804166666666666,27.085821485848264,1.7298898849572142
25.555555555555557,1.5050000000000001,27.085962145827317,1.7291717918729799
25.555555555555557,1.6295833333333334,27.086403058532177,1.727646751754519
25.555555555555557,1.7541666666666667,27.08693747200007,1.7283766229458208
25.555555555555557,1.8787500000000001,27.08775960517342,1.7272567310404663
25.555555555555557,2.0033333333333334,27.08806488086376,1.7270942811086265
25.555555555555557,2.1279166666666667,27.088555492180124,1.7281091380670133
25.555555555555557,2.2525,27.088499506066483,1.725997606845986
25.555555555555557,2.377083333333333,27.088804784237283,1.7264599780669687
25.555555555555557,2.5016666666666665,27.089314376696013,1.7277806511243499
25.555555555555557,2.6262499999999998,27.0896622122491,1.7278680530220192
25.555555555555557,2.750833333333333,27.0898085484009,1.726704469753354
25.555555555555557,2.8754166666666667,27.090095594154615,1.7265555290639445
25.555555555555557,3.0,27.090145437752255,1.7263477596601184
26.11111111111111,0.01,27.055600269975724,1.7531901648087156
26.11111111111111,0.13458333333333333,27.061252963377346,1.7482538276392345
26.11111111111111,0.25916666666666666,27.065260801039443,1.748497609354499
26.11111111111111,0.38375000000000004,27.080760651460135,1.7397137344397073
26.11111111111111,0.5083333333333333,27.082316330695583,1.7373607163392812
26.11111111111111,0.6329166666666667,27.082978071730693,1.733342098679258
26.11111111111111,0.7575000000000001,27.08465937382984,1.7312418454789147
26.11111111111111,0.8820833333333333,27.08492191212298,1.7261412727532843
26.11111111111111,1.0066666666666666,27.084379216902526,1.7182891382289345
26.11111111111111,1.13125,27.084038618562804,1.7132380014327764
26.11111111111111,1.2558333333333334,27.084919690988634,1.7125740665022038
26.11111111111111,1.3804166666666666,27.083820002067505,1.702950974432027
26.11111111111111,1.5050000000000001,27.084168121895626,1.7029861193269713
26.11111111111111,1.6295833333333334,27.084406154593864,1.7021795443760923
26.11111111111111,1.7541666666666667,27.08491019739854,1.701660829565299
26.11111111111111,1.8787500000000001,27.08534836610086,1.7014922898432372
26.11111111111111,2.0033333333333334,27.08524644135717,1.6996243417856716
26.11111111111111,2.1279166666666667,27.08554896046131,1.7007314270320761
26.11111111111111,2.2525,27.08598200436657,1.7007518779802888
26.11111111111111,2.377083333333333,27.085863347446175,1.6991400015853142
26.11111111111111,2.5016666666666665,27.08616012937077,1.700436051496096
26.11111111111111,2.6262499999999998,27.08654718046074,1.7002210232229142
26.11111111111111,2.750833333333333,27.086628963582477,1.6998386116612252
26.11111111111111,2.8754166666666667,27.087129379305892,1.6992129294233327
26.11111111111111,3.0,27.08808574990451,1.6996143244416395
26.666666666666668,0.01,27.053349824394296,1.727360267655731
26.666666666666668,0.13458333333333333,27.0592183744191,1.7228563091218396
26.666666666666668,0.25916666666666666,27.063209287782406,1.7226540322240358
26.666666666666668,0.38375000000000004,27.078604531725414,1.7163558125362022
26.666666666666668,0.5083333333333333,27.080100480670886,1.7133668679331804
26.666666666666668,0.6329166666666667,27.080502592166194,1.7069276416796564
26.666666666666668,0.7575000000000001,27.082195087276016,1.708527938524923
26.666666666666668,0.8820833333333333,27.081929969372258,1.699975970904699
26.666666666666668,1.0066666666666666,27.08194603335574,1.6952773529885223
26.666666666666668,1.13125,27.081817735028007,1.6893794605612578
26.666666666666668,1.2558333333333334,27.082255879511017,1.6867323996021866
26.666666666666668,1.3804166666666666,27.081161812340557,1.6782747882948257
26.666666666666668,1.5050000000000001,27.0819813226369,1.6785453527189687
26.666666666666668,1.6295833333333334,27.081521247645234,1.6760126283224153
26.666666666666668,1.7541666666666667,27.082204682883727,1.6766493205245758
26.666666666666668,1.8787500000000001,27.082745542668807,1.6753810478058906
26.666666666666668,2.0033333333333334,27.08292658501495,1.6754405888356305
26.666666666666668,2.1279166666666667,27.08332725338529,1.6760040227533246
26.666666666666668,2.2525,27.083950162335547,1.675979596085736
26.666666666666668,2.377083333333333,27.08416594216086,1.6757281466623974
26.666666666666668,2.5016666666666665,27.08425686808988,1.6743022355538983
26.666666666666668,2.6262499999999998,27.08430215097064,1.6758988366167848
26.666666666666668,2.750833333333333,27.084705393100933,1.6750951202046171
26.666666666666668,2.8754166666666667,27.085787229388945,1.6740738205800132
26.666666666666668,3.0,27.086158107430578,1.674759739134024
27.22222222222222,0.01,27.050256969460186,1.7025195735105858
27.22222222222222,0.13458333333333333,27.056613399203094,1.6986294415447967
27.22222222222222,0.25916666666666666,27.060992881056006,1.6990621345435553
27.22222222222222,0.38375000000000004,27.07643975404808,1.6940014388939606
27.22222222222222,0.5083333333333333,27.077984463120227,1.6902815008902505
27.22222222222222,0.6329166666666667,27.078893678385683,1.6858623853776455
27.22222222222222,0.7575000000000001,27.0805814625124,1.686003826618654
27.22222222222222,0.8820833333333333,27.080477029593297,1.6789295970892182
27.22222222222222,1.0066666666666666,27.07971210268053,1.6727701530868277
27.22222222222222,1.13125,27.079531078606074,1.6676089793488058
27.22222222222222,1.2558333333333334,27.079647767152625,1.6641242615198837
27.22222222222222,1.3804166666666666,27.080038304824207,1.662012127870699
27.22222222222222,1.5050000000000001,27.078898600555256,1.6531452387991696
27.22222222222222,1.6295833333333334,27.079369917322822,1.6527320657864775
27.22222222222222,1.7541666666666667,27.07938104842626,1.6510746369432117
27.22222222222222,1.8787500000000001,27.080560664771617,1.653535020968766
27.22222222222222,2.0033333333333334,27.080224862111997,1.6517884901818602
27.22222222222222,2.1279166666666667,27.080946894746436,1.6512389274620842
27.22222222222222,2.2525,27.08150386837907,1.6520900869889943
27.22222222222222,2.377083333333333,27.082083836335492,1.6526126348008041
27.22222222222222,2.5016666666666665,27.082040745795005,1.6518417588092527
27.22222222222222,2.6262499999999998,27.08238663413315,1.6520331036396996
27.22222222222222,2.750833333333333,27.08243096047451,1.6519664134829914
27.22222222222222,2.8754166666666667,27.08336107175229,1.650129508718523
27.22222222222222,3.0,27.083863176496465,1.65017650931914
27.77777777777778,0.01,27.047323292711823,1.6797044865019595
27.77777777777778,0.13458333333333333,27.05387430254776,1.6755709856697165
27.77777777777778,0.25916666666666666,27.058181095658487,1.6749220305261991
27.77777777777778,0.38375000000000004,27.073875117361535,1.6700034772429984
27.77777777777778,0.5083333333333333,27.07624780846871,1.6687254685125053
27.77777777777778,0.6329166666666667,27.076920337088865,1.665959076960588
27.77777777777778,0.7575000000000001,27.07726789116532,1.6608361097940283
27.77777777777778,0.8820833333333333,27.0778113645158,1.6570114803064029
27.77777777777778,1.0066666666666666,27.077909748325887,1.6527140760527248
27.77777777777778,1.13125,27.076998861255365,1.6435017732278623
27.77777777777778,1.2558333333333334,27.07854121091862,1.6449529794609508
27.77777777777778,1.3804166666666666,27.0784097039878,1.6416366178808428
27.77777777777778,1.5050000000000001,27.077896304603122,1.6337528369908927
27.77777777777778,1.6295833333333334,27.077984841296917,1.6327357018734556
27.77777777777778,1.7541666666666667,27.0780954356002,1.6316956512798297
27.77777777777778,1.8787500000000001,27.07844834126857,1.6305280002011646
27.77777777777778,2.0033333333333334,27.078394690333287,1.6287071661627128
27.77777777777778,2.1279166666666667,27.078179584713236,1.6288391685699288
27.77777777777778,2.2525,27.079164895485672,1.6308564003417236
27.77777777777778,2.377083333333333,27.079606182682127,1.63064976222978
27.77777777777778,2.5016666666666665,27.079427401277435,1.6295374308162358
27.77777777777778,2.6262499999999998,27.079436250773654,1.6286858720105601
27.77777777777778,2.750833333333333,27.080820496806496,1.6303756211880849
27.77777777777778,2.8754166666666667,27.08092070324117,1.6295757349434725
27.77777777777778,3.0,27.08107043704052,1.6278354793025418
28.333333333333336,0.01,27.04580098385027,1.6571448974551983
28.333333333333336,0.13458333333333333,27.052069473553782,1.6525293309264777
28.333333333333336,0.25916666666666666,27.05579245995878,1.6512642888790674
28.333333333333336,0.38375000000000004,27.071582186899295,1.6456290079628788
28.333333333333336,0.5083333333333333,27.07325792493071,1.644109726127968
28.333333333333336,0.6329166666666667,27.074687034968836,1.643006266965219
28.333333333333336,0.7575000000000001,27.075686008831767,1.6393509856630462
28.333333333333336,0.8820833333333333,27.076627349652185,1.637142268622066
28.333333333333336,1.0066666666666666,27.076148313193464,1.6318042842679903
28.333333333333336,1.13125,27.075787106856836,1.6262410733705657
28.333333333333336,1.2558333333333334,27.07584210113823,1.6231572927863147
28.333333333333336,1.3804166666666666,27.076426802032813,1.6226475374155502
28.333333333333336,1.5050000000000001,27.0753546741476,1.6129091045671506
28.333333333333336,1.6295833333333334,27.07576288926181,1.6130455419876844
28.333333333333336,1.7541666666666667,27.075926506585656,1.6109495536961616
28.333333333333336,1.8787500000000001,27.076751955072123,1.6125127236899128
28.333333333333336,2.0033333333333334,27.07681135454103,1.6111890951320484
28.333333333333336,2.1279166666666667,27.077377661091212,1.610438030797895
28.333333333333336,2.2525,27.077860911295208,1.6097461590896922
28.333333333333336,2.377083333333333,27.078407716853068,1.6095039471689776
28.333333333333336,2.5016666666666665,27.07855805630625,1.6092402208180367
28.333333333333336,2.6262499999999998,27.07886155233633,1.6098007286514726
28.333333333333336,2.750833333333333,27.079198672057114,1.6096643640884978
28.333333333333336,2.8754166666666667,27.079337154633144,1.6105201517641055
28.333333333333336,3.0,27.07960371384076,1.6089463800401549
28.88888888888889,0.01,27.043235595710538,1.6373491079685554
28.88888888888889,0.13458333333333333,27.050001964549228,1.6352495731148997
28.88888888888889,0.25916666666666666,27.054333912975377,1.6336059510828504
28.88888888888889,0.38375000000000004,27.0690706833951,1.6252236620785288
28.88888888888889,0.5083333333333333,27.071888992384412,1.6237552911888498
28.88888888888889,0.6329166666666667,27.073287954671322,1.6228082352816975
28.88888888888889,0.7575000000000001,27.07389642161456,1.617924468634102
28.88888888888889,0.8820833333333333,27.074407238835647,1.6141213171255775
28.88888888888889,1.0066666666666666,27.074938138875435,1.6126452274773162
28.88888888888889,1.13125,27.074257734105796,1.6046615381681784
28.88888888888889,1.2558333333333334,27.073865373177227,1.600137338776414
28.88888888888889,1.3804166666666666,27.074899319772516,1.6010441068529946
28.88888888888889,1.5050000000000001,27.07318861636426,1.589148626313247
28.88888888888889,1.6295833333333334,27.073664835818857,1.589515645752898
28.88888888888889,1.7541666666666667,27.0739860944351,1.5906577637729957
28.88888888888889,1.8787500000000001,27.074321501817742,1.5899020884630188
28.88888888888889,2.0033333333333334,27.07470624754275,1.588727349547736
28.88888888888889,2.1279166666666667,27.07507650773059,1.5886064571986436
28.88888888888889,2.2525,27.07537575998376,1.5889777440132369
28.88888888888889,2.377083333333333,27.075536083194496,1.5879419668384354
28.88888888888889,2.5016666666666665,27.075834025700324,1.5875330761725592
28.88888888888889,2.6262499999999998,27.07594380275627,1.587427663165969
28.88888888888889,2.750833333333333,27.076578206220194,1.5887309849237252
28.88888888888889,2.8754166666666667,27.076480066855357,1.587988285557923
28.88888888888889,3.0,27.076989112594255,1.587326886347079
29.444444444444446,0.01,27.040597553214806,1.6148689957660611
29.444444444444446,0.13458333333333333,27.04768833059768,1.6138599892689398
29.444444444444446,0.25916666666666666,27.05135405418721,1.6124279661954455
29.444444444444446,0.38375000000000004,27.066351723530513,1.6070177353454174
29.444444444444446,0.5083333333333333,27.069112345850307,1.6017405881390223
29.444444444444446,0.6329166666666667,27.070699195792084,1.6008008183592881
29.444444444444446,0.7575000000000001,27.07153417009088,1.5967762422405718
29.444444444444446,0.8820833333333333,27.072419580465333,1.5953048171749584
29.444444444444446,1.0066666666666666,27.07231735954802,1.5912688939864028
29.444444444444446,1.13125,27.072186359812026,1.586407877640511
29.444444444444446,1.2558333333333334,27.072042585012163,1.580084507852425
29.444444444444446,1.3804166666666666,27.072442811605573,1.5797543984739149
29.444444444444446,1.5050000000000001,27.07139052150334,1.571689330343068
29.444444444444446,1.6295833333333334,27.07143910215487,1.5698395491959616
29.444444444444446,1.7541666666666667,27.071173931241887,1.5676721769518398
29.444444444444446,1.8787500000000001,27.07217579017182,1.5704497765315184
29.444444444444446,2.0033333333333334,27.072292362150478,1.5676152039923952
29.444444444444446,2.1279166666666667,27.07283455079886,1.5690198030859692
29.444444444444446,2.2525,27.073106013581544,1.5673410898447648
29.444444444444446,2.377083333333333,27.073294912975964,1.56660841128618
29.444444444444446,2.5016666666666665,27.073920038350167,1.5681996863971537
29.444444444444446,2.6262499999999998,27.07429529491376,1.5678293942902322
29.444444444444446,2.750833333333333,27.07481524932464,1.5686662078954916
29.444444444444446,2.8754166666666667,27.074711646501157,1.5674942828998784
29.444444444444446,3.0,27.075175575631963,1.5677351754228463
30.0,0.01,27.038761617514613,1.594795891149281
30.0,0.13458333333333333,27.045675614982013,1.5950794112267186
30.0,0.25916666666666666,27.05006807657611,1.5938663552977128
30.0,0.38375000000000004,27.06498996751539,1.5906444943452613
30.0,0.5083333333333333,27.067512261599155,1.584449798140719
30.0,0.6329166666666667,27.068211276942762,1.5801939805890342
30.0,0.7575000000000001,27.069357832815864,1.5755491040102487
30.0,0.8820833333333333,27.070631351152016,1.5763727695151664
30.0,1.0066666666666666,27.06986471556578,1.5715356476445619
30.0,1.13125,27.070686666307488,1.5687306262923695
30.0,1.2558333333333334,27.069901835716607,1.5619939003173655
30.0,1.3804166666666666,27.071629022107544,1.5652375589415124
30.0,1.5050000000000001,27.0711516007418,1.560370216023732
30.0,1.6295833333333334,27.069838057268996,1.551211595183688
30.0,1.7541666666666667,27.07054184137361,1.5526493607903258
30.0,1.8787500000000001,27.07084236707545,1.5505384518032017
30.0,2.0033333333333334,27.07140553276204,1.5513294522678023
30.0,2.1279166666666667,27.071915979734175,1.5498127160511688
30.0,2.2525,27.072353661423524,1.5501809966655233
30.0,2.377083333333333,27.07280599470043,1.5503035641206753
30.0,2.5016666666666665,27.073196288611616,1.5506287415908815
30.0,2.6262499999999998,27.073400909713303,1.5508190101897246
30.0,2.750833333333333,27.07349698406099,1.5498594768622476
30.0,2.8754166666666667,27.073685781926653,1.5501400749480032
30.0,3.0,27.07366648710968,1.5487184239512286
30.555555555555557,0.01,27.036686286834122,1.5754069294655115
30.555555555555557,0.13458333333333333,27.043168379902284,1.5742557783599287
30.555555555555557,0.25916666666666666,27.04856890796917,1.572333063000081
30.555555555555557,0.38375000000000004,27.061752084490152,1.5690490395248113
30.555555555555557,0.5083333333333333,27.065429301797263,1.5655732142118461
30.555555555555557,0.6329166666666667,27.065882944794318,1.5604901459187415
30.555555555555557,0.7575000000000001,27.067239504197396,1.5579235858534823
30.555555555555557,0.8820833333333333,27.06883758498821,1.5577318429390863
30.555555555555557,1.0066666666666666,27.068935077570405,1.556278229398006
30.555555555555557,1.13125,27.068418659308087,1.5495267664580037
30.555555555555557,1.2558333333333334,27.068929607664387,1.5460651832008343
30.555555555555557,1.3804166666666666,27.069570727629642,1.5440264328169084
30.555555555555557,1.5050000000000001,27.070389763974628,1.5449679292913632
30.555555555555557,1.6295833333333334,27.06888298467348,1.5337166788830014
30.555555555555557,1.7541666666666667,27.069072231013134,1.5337389264698575
30.555555555555557,1.8787500000000001,27.069078489078073,1.5319366745169594
30.555555555555557,2.0033333333333334,27.06948608954792,1.5311954922186677
30.555555555555557,2.1279166666666667,27.06991519961095,1.531360992567793
30.555555555555557,2.2525,27.07025515840177,1.5319736740807555
30.555555555555557,2.377083333333333,27.071373150979234,1.531780347755779
30.555555555555557,2.5016666666666665,27.071305918765486,1.5307358301242968
30.555555555555557,2.6262499999999998,27.071706099184517,1.5300762321087902
30.555555555555557,2.750833333333333,27.07211629556386,1.5311071650594033
30.555555555555557,2.8754166666666667,27.072018576958296,1.5304446786904125
30.555555555555557,3.0,27.072156943209034,1.5301810951166783
31.11111111111111,0.01,27.035208823140483,1.5553043087826346
31.11111111111111,0.13458333333333333,27.0415493380733,1.5539790658589514
31.11111111111111,0.25916666666666666,27.045721116152038,1.5530512023708753
31.11111111111111,0.38375000000000004,27.059745766679836,1.551085825459786
31.11111111111111,0.5083333333333333,27.06352227129005,1.546269386182464
31.11111111111111,0.6329166666666667,27.064133948400258,1.5413301439653526
31.11111111111111,0.7575000000000001,27.06497700171919,1.5374091130582246
31.11111111111111,0.8820833333333333,27.066049516459277,1.5376940127880323
31.11111111111111,1.0066666666666666,27.067520006086365,1.5377853980470146
31.11111111111111,1.13125,27.06795372199196,1.5347769453661786
31.11111111111111,1.2558333333333334,27.067700267946172,1.528816540886635
31.11111111111111,1.3804166666666666,27.068700110783478,1.52790276195518
31.11111111111111,1.5050000000000001,27.06943121206816,1.5271136351424908
31.11111111111111,1.6295833333333334,27.067814049867486,1.5167449986583315
31.11111111111111,1.7541666666666667,27.068010128084488,1.5162601533203868
31.11111111111111,1.8787500000000001,27.06795124587481,1.515388121124711
31.11111111111111,2.0033333333333334,27.067578224441267,1.5139976446149672
31.11111111111111,2.1279166666666667,27.06860445655572,1.514944576099464
31.11111111111111,2.2525,27.068378707700354,1.51374397448244
31.11111111111111,2.377083333333333,27.06843715062758,1.5126431519242034
31.11111111111111,2.5016666666666665,27.06900215319545,1.5132191592285127
31.11111111111111,2.6262499999999998,27.06929055035241,1.510922227442879
31.11111111111111,2.750833333333333,27.06984520103621,1.512931758132724
31.11111111111111,2.8754166666666667,27.07000895963132,1.5131050670907975
31.11111111111111,3.0,27.070031557132296,1.5122694263805414
31.666666666666668,0.01,27.032473893353306,1.5364539638756336
31.666666666666668,0.13458333333333333,27.039034017344786,1.5355209832361605
31.666666666666668,0.25916666666666666,27.043480707693586,1.5334637609943635
31.666666666666668,0.38375000000000004,27.057239947492114,1.5348970316561406
31.666666666666668,0.5083333333333333,27.06172441842124,1.5286747199680928
31.666666666666668,0.6329166666666667,27.062884695124875,1.525094875224453
31.666666666666668,0.7575000000000001,27.064355064410602,1.5222179139345038
31.666666666666668,0.8820833333333333,27.064777129360348,1.5185346815031753
31.666666666666668,1.0066666666666666,27.065482694417607,1.5179341079222974
31.666666666666668,1.13125,27.065659601260386,1.515023172950991
31.666666666666668,1.2558333333333334,27.065549238580175,1.5102799698239688
31.666666666666668,1.3804166666666666,27.065957281829103,1.5081175496497068
31.666666666666668,1.5050000000000001,27.067133694361733,1.5100167371897066
31.666666666666668,1.6295833333333334,27.06531444762962,1.4981672927303402
31.666666666666668,1.7541666666666667,27.065812504757577,1.4985200374772412
31.666666666666668,1.8787500000000001,27.065444445930996,1.4964885179459098
31.666666666666668,2.0033333333333334,27.0664707958639,1.498270199711832
31.666666666666668,2.1279166666666667,27.06637755803654,1.4950771940487773
31.666666666666668,2.2525,27.066132554715796,1.4945126678915843
31.666666666666668,2.377083333333333,27.06662185365734,1.4953995460380065
31.666666666666668,2.5016666666666665,27.066929384104288,1.4948163953041327
31.666666666666668,2.6262499999999998,27.06779299554721,1.4950798256926578
31.666666666666668,2.750833333333333,27.067820079297306,1.494523848938989
31.666666666666668,2.8754166666666667,27.068020310470253,1.4943511718329139
31.666666666666668,3.0,27.068151547686977,1.4944074047091527
32.22222222222223,0.01,27.030413877109815,1.5197437889455878
32.22222222222223,0.13458333333333333,27.03716841012138,1.5186349163628265
32.22222222222223,0.25916666666666666,27.04230497096755,1.5167633560725036
32.22222222222223,0.38375000000000004,27.05625707251076,1.515055442688068
32.22222222222223,0.5083333333333333,27.06140037991298,1.512618339332017
32.22222222222223,0.6329166666666667,27.060950662962522,1.5037161019157863
32.22222222222223,0.7575000000000001,27.06201730238754,1.50176146464715
32.22222222222223,0.8820833333333333,27.062228997630747,1.500372409355738
32.22222222222223,1.0066666666666666,27.063749019409208,1.5020406327948155
32.22222222222223,1.13125,27.063780798203688,1.4983297855956756
32.22222222222223,1.2558333333333334,27.06374316865234,1.4939888997715645
32.22222222222223,1.3804166666666666,27.06407031738006,1.491608795261501
32.22222222222223,1.5050000000000001,27.06470867071052,1.490950428871357
32.22222222222223,1.6295833333333334,27.063454329742825,1.4814649102456001
32.22222222222223,1.7541666666666667,27.06401006620023,1.4813258721953215
32.22222222222223,1.8787500000000001,27.064082611583625,1.4800189719244627
32.22222222222223,2.0033333333333334,27.064693369319226,1.4808133165722048
32.22222222222223,2.1279166666666667,27.065198131241317,1.4803981802703592
32.22222222222223,2.2525,27.065317393705545,1.4805462862478413
32.22222222222223,2.377083333333333,27.06562388256865,1.4801319716128303
32.22222222222223,2.5016666666666665,27.06605760848919,1.480390144618321
32.22222222222223,2.6262499999999998,27.065867807377437,1.4786234314110858
32.22222222222223,2.750833333333333,27.066370924072285,1.4799077229575741
32.22222222222223,2.8754166666666667,27.066204432744556,1.4777154064621156
32.22222222222223,3.0,27.066577719191727,1.4786903929050688
32.77777777777778,0.01,27.02844201721837,1.5025324037792998
32.77777777777778,0.13458333333333333,27.035244835686676,1.4994980828144266
32.77777777777778,0.25916666666666666,27.04063698319845,1.4983360168988824
32.77777777777778,0.38375000000000004,27.052877530115946,1.4959849601015207
32.77777777777778,0.5083333333333333,27.0585606533779,1.4936786007065828
32.77777777777778,0.6329166666666667,27.05869848293907,1.4885720879753817
32.77777777777778,0.7575000000000001,27.059739076437825,1.484490141254069
32.77777777777778,0.8820833333333333,27.060070900279666,1.4830004103030758
32.77777777777778,1.0066666666666666,27.062129111280413,1.4852714695035352
32.77777777777778,1.13125,27.06204511884353,1.4802386464588702
32.77777777777778,1.2558333333333334,27.06244919556648,1.4779836830073112
32.77777777777778,1.3804166666666666,27.062496773832066,1.4757446440020416
32.77777777777778,1.5050000000000001,27.063636656879975,1.4762924330256555
32.77777777777778,1.6295833333333334,27.06317700411626,1.4700884905906764
32.77777777777778,1.7541666666666667,27.062468669222266,1.4646428218295093
32.77777777777778,1.8787500000000001,27.062899545414993,1.4639917734084018
32.77777777777778,2.0033333333333334,27.06274012329326,1.4622626463833388
32.77777777777778,2.1279166666666667,27.063083605549345,1.4617814259223372
32.77777777777778,2.2525,27.064001180808656,1.4633663899837168
32.77777777777778,2.377083333333333,27.064018258090115,1.4627233070681311
32.77777777777778,2.5016666666666665,27.06401832781179,1.462058832194213
32.77777777777778,2.6262499999999998,27.06453572171855,1.4626380517498982
32.77777777777778,2.750833333333333,27.064649978230314,1.4609749923269522
32.77777777777778,2.8754166666666667,27.065068056609842,1.4612685607747977
32.77777777777778,3.0,27.065220425661316,1.4611861930656
33.333333333333336,0.01,27.026568483672527,1.4850591811891078
33.333333333333336,0.13458333333333333,27.03367013065454,1.485598605229549
33.333333333333336,0.25916666666666666,27.03848025410444,1.4808083245937353
33.333333333333336,0.38375000000000004,27.051144559700052,1.4807234065538355
33.333333333333336,0.5083333333333333,27.056734127702384,1.4765537466941592
33.333333333333336,0.6329166666666667,27.05649303907371,1.4704713963150928
33.333333333333336,0.7575000000000001,27.057823732631846,1.4675995876925918
33.333333333333336,0.8820833333333333,27.058674542558965,1.4662486511406614
33.333333333333336,1.0066666666666666,27.060161854316846,1.4690656568296212
33.333333333333336,1.13125,27.06005752859743,1.4647226795314883
33.333333333333336,1.2558333333333334,27.060471206795714,1.4625758367502295
33.333333333333336,1.3804166666666666,27.061099852900746,1.4597127189620973
33.333333333333336,1.5050000000000001,27.061936819287457,1.4598198383757977
33.333333333333336,1.6295833333333334,27.062441410108853,1.4591165215579016
33.333333333333336,1.7541666666666667,27.06076054808669,1.4479634115686257
33.333333333333336,1.8787500000000001,27.061255762662384,1.4482051108832383
33.333333333333336,2.0033333333333334,27.06128640634505,1.4473307700322624
33.333333333333336,2.1279166666666667,27.06134115684076,1.4460758477068347
33.333333333333336,2.2525,27.062173414915076,1.446990168330009
33.333333333333336,2.377083333333333,27.062072352482208,1.4454102105211197
33.333333333333336,2.5016666666666665,27.062262292326626,1.4442023137566595
33.333333333333336,2.6262499999999998,27.06287712692523,1.4459075519413889
33.333333333333336,2.750833333333333,27.0630521792014,1.4461245426564795
33.333333333333336,2.8754166666666667,27.063462270939457,1.4457180800740488
33.333333333333336,3.0,27.063116426656617,1.4438664312896865
33.888888888888886,0.01,27.02599875603143,1.4714771536435856
33.888888888888886,0.13458333333333333,27.031940189837034,1.4679233104901712
33.888888888888886,0.25916666666666666,27.037395740141484,1.466812606664114
33.888888888888886,0.38375000000000004,27.048559510568627,1.4658528999527187
33.888888888888886,0.5083333333333333,27.054177753905662,1.4598885246431326
33.888888888888886,0.6329166666666667,27.054705892618735,1.4546227308684823
33.888888888888886,0.7575000000000001,27.055963062863654,1.4526404963254247
33.888888888888886,0.8820833333333333,27.057536284119305,1.452203924501999
33.888888888888886,1.0066666666666666,27.0580625680232,1.450747566098215
33.888888888888886,1.13125,27.05854983811285,1.4502324149356594
33.888888888888886,1.2558333333333334,27.058926970622984,1.447829100224196
33.888888888888886,1.3804166666666666,27.05874552507958,1.4434861877406058
33.888888888888886,1.5050000000000001,27.05954712208261,1.4434635096825021
33.888888888888886,1.6295833333333334,27.060216470780965,1.4438868538839356
33.888888888888886,1.7541666666666667,27.05852597644249,1.4325155508989662
33.888888888888886,1.8787500000000001,27.059031825656287,1.4327060168107753
33.888888888888886,2.0033333333333334,27.0591724887209,1.43170750498261
33.888888888888886,2.1279166666666667,27.059584400125626,1.4288767012299697
33.888888888888886,2.2525,27.060737549437352,1.4315103361487058
33.888888888888886,2.377083333333333,27.061014697835443,1.4315061008787267
33.888888888888886,2.5016666666666665,27.0610801804549,1.4306495778175554
33.888888888888886,2.6262499999999998,27.061424242642218,1.4302824748598897
33.888888888888886,2.750833333333333,27.06167567590096,1.4278085840838117
33.888888888888886,2.8754166666666667,27.0619293694504,1.4279916306020823
33.888888888888886,3.0,27.062816421139892,1.4294632514654737
34.44444444444444,0.01,27.025008642355804,1.456481351083344
34.44444444444444,0.13458333333333333,27.030845856842166,1.4540627185469057
34.44444444444444,0.25916666666666666,27.035634562504363,1.4516755270479076
34.44444444444444,0.38375000000000004,27.04712069554237,1.4498492394216134
34.44444444444444,0.5083333333333333,27.05292827791523,1.4425992576356295
34.44444444444444,0.6329166666666667,27.05374405079995,1.438974835288226
34.44444444444444,0.7575000000000001,27.05569187875423,1.438594037795804
34.44444444444444,0.8820833333333333,27.056969870556568,1.437828361840504
34.44444444444444,1.0066666666666666,27.057623871457103,1.4366046392581544
34.44444444444444,1.13125,27.057767904318762,1.4336254731680875
34.44444444444444,1.2558333333333334,27.058450040402107,1.4327912844923851
34.44444444444444,1.3804166666666666,27.058475463338677,1.4289690793196974
34.44444444444444,1.5050000000000001,27.058530882826737,1.4267819172834484
34.44444444444444,1.6295833333333334,27.059699769503002,1.4282528137306294
34.44444444444444,1.7541666666666667,27.05787187587431,1.4162061095460199
34.44444444444444,1.8787500000000001,27.05810960702025,1.4157397781754733
34.44444444444444,2.0033333333333334,27.05882894162666,1.4166359014452512
34.44444444444444,2.1279166666666667,27.058921403885694,1.416450778269579
34.44444444444444,2.2525,27.058937955547556,1.4157363680132262
34.44444444444444,2.377083333333333,27.059180030877005,1.4154153607373987
34.44444444444444,2.5016666666666665,27.059741076384302,1.416472091868326
34.44444444444444,2.6262499999999998,27.05960848823221,1.4146030137875243
34.44444444444444,2.750833333333333,27.06012793922954,1.4155654425311415
34.44444444444444,2.8754166666666667,27.060514980452343,1.4152964769516552
34.44444444444444,3.0,27.060293624508805,1.4142499765630867
35.0,0.01,27.02282138803024,1.43944830856787
35.0,0.13458333333333333,27.02898375457334,1.438857587805642
35.0,0.25916666666666666,27.03408195097555,1.4354701810751103
35.0,0.38375000000000004,27.045435634798775,1.4344601418952385
35.0,0.5083333333333333,27.051801037164232,1.42781191448485
35.0,0.6329166666666667,27.053112186344983,1.4273654771932542
35.0,0.7575000000000001,27.05326046250132,1.4234512297499724
35.0,0.8820833333333333,27.055048550844905,1.4242852376786685
35.0,1.0066666666666666,27.05614823025886,1.4235461402703042
35.0,1.13125,27.055932030677006,1.4194780487455427
35.0,1.2558333333333334,27.056168389372512,1.4163524588644838
35.0,1.3804166666666666,27.056227343494115,1.4133590808900975
35.0,1.5050000000000001,27.056642086032014,1.4117305836088723
35.0,1.6295833333333334,27.057301202124126,1.4118893481248729
35.0,1.7541666666666667,27.055931777659353,1.4012277963847852
35.0,1.8787500000000001,27.056519943583353,1.4024854519825436
35.0,2.0033333333333334,27.05663334120713,1.40028862070945
35.0,2.1279166666666667,27.0574086658982,1.401021191258539
35.0,2.2525,27.056934193991097,1.3993998587503775
35.0,2.377083333333333,27.057465023191014,1.3985466248687406
35.0,2.5016666666666665,27.05749517841383,1.3997154399370881
35.0,2.6262499999999998,27.058121156557114,1.3992603329154696
35.0,2.750833333333333,27.058165622919613,1.3983852451890377
35.0,2.8754166666666667,27.058408098595876,1.397458490361686
35.0,3.0,27.05857434615579,1.396909224971099
35.55555555555556,0.01,27.02106775438714,1.425926248769488
35.55555555555556,0.13458333333333333,27.027447897537986,1.42552414811144
35.55555555555556,0.25916666666666666,27.03236212499529,1.4203792300143347
35.55555555555556,0.38375000000000004,27.04313686286491,1.4196429283135303
35.55555555555556,0.5083333333333333,27.049936954079335,1.4131866541069238
35.55555555555556,0.6329166666666667,27.050743533581205,1.4113362313057154
35.55555555555556,0.7575000000000001,27.0522503503737,1.4091288490819032
35.55555555555556,0.8820833333333333,27.053321459772278,1.4074249933630156
35.55555555555556,1.0066666666666666,27.05467774417112,1.4075976493862108
35.55555555555556,1.13125,27.055054232069303,1.4064122584354188
35.55555555555556,1.2558333333333334,27.055370388337945,1.4024482576911967
35.55555555555556,1.3804166666666666,27.055458722814766,1.3997603580945872
35.55555555555556,1.5050000000000001,27.055203491227743,1.3971000420297752
35.55555555555556,1.6295833333333334,27.056570464693387,1.3976931820133098
35.55555555555556,1.7541666666666667,27.05609554890494,1.3926193377701401
35.55555555555556,1.8787500000000001,27.055720686803358,1.3876698399210519
35.55555555555556,2.0033333333333334,27.05594175499431,1.3865084104001169
35.55555555555556,2.1279166666666667,27.056013240231863,1.385414857257472
35.55555555555556,2.2525,27.056642130540816,1.3860184555590127
35.55555555555556,2.377083333333333,27.05692011194953,1.3862553538779188
35.55555555555556,2.5016666666666665,27.056555562332345,1.3848158791538612
35.55555555555556,2.6262499999999998,27.057377384428815,1.3865942468460957
35.55555555555556,2.750833333333333,27.05742953759843,1.3843211529678545
35.55555555555556,2.8754166666666667,27.058024277275578,1.3852671633259594
35.55555555555556,3.0,27.058464131829393,1.385411775102513
36.111111111111114,0.01,27.0206201655001,1.41114159387562
36.111111111111114,0.13458333333333333,27.02664062590561,1.410469447199797
36.111111111111114,0.25916666666666666,27.03240723297245,1.4098461260490192
36.111111111111114,0.38375000000000004,27.042399426507448,1.4053574975242233
36.111111111111114,0.5083333333333333,27.048463501734393,1.3996277735516593
36.111111111111114,0.6329166666666667,27.049266340845666,1.3981610434805614
36.111111111111114,0.7575000000000001,27.05070812030061,1.3952585315459731
36.111111111111114,0.8820833333333333,27.05225111546759,1.3937044037748203
36.111111111111114,1.0066666666666666,27.053102042262456,1.395614690419189
36.111111111111114,1.13125,27.054027190904065,1.3933348776301258
36.111111111111114,1.2558333333333334,27.05434892126744,1.3883167659386741
36.111111111111114,1.3804166666666666,27.05442317411902,1.3854844034423441
36.111111111111114,1.5050000000000001,27.054624671579692,1.3840516361654676
36.111111111111114,1.6295833333333334,27.05576924710905,1.3836081849088744
36.111111111111114,1.7541666666666667,27.055533389894386,1.3834167096883898
36.111111111111114,1.8787500000000001,27.054144590637346,1.3732099513426577
36.111111111111114,2.0033333333333334,27.054743173107482,1.3732685428911873
36.111111111111114,2.1279166666666667,27.05455568148737,1.371718344529227
36.111111111111114,2.2525,27.054878347950606,1.3719938117434938
36.111111111111114,2.377083333333333,27.05509607173221,1.371800867475409
36.111111111111114,2.5016666666666665,27.05590241620802,1.3708554448787658
36.111111111111114,2.6262499999999998,27.056113348871516,1.3720809071949613
36.111111111111114,2.750833333333333,27.056084121783595,1.371084375518894
36.111111111111114,2.8754166666666667,27.05642534478756,1.3706296062615086
36.111111111111114,3.0,27.05730806813606,1.3713752411309788
36.66666666666667,0.01,27.01892180588201,1.3966054930472815
36.66666666666667,0.13458333333333333,27.024805499306936,1.3951083408015874
36.66666666666667,0.25916666666666666,27.03013271766346,1.3925127498201184
36.66666666666667,0.38375000000000004,27.03844289785661,1.3865188365628889
36.66666666666667,0.5083333333333333,27.04673248680762,1.3856509054944677
36.66666666666667,0.6329166666666667,27.048192145622636,1.3830543273923357
36.66666666666667,0.7575000000000001,27.05020112318032,1.384385837098956
36.66666666666667,0.8820833333333333,27.051163497753656,1.3836958614929173
36.66666666666667,1.0066666666666666,27.05164914590539,1.3804574751626608
36.66666666666667,1.13125,27.0519811120902,1.3798889482085464
36.66666666666667,1.2558333333333334,27.053025392553025,1.3770124488490632
36.66666666666667,1.3804166666666666,27.05271426625082,1.3721328562836477
36.66666666666667,1.5050000000000001,27.053150394991818,1.3702091914281511
36.66666666666667,1.6295833333333334,27.0537007222886,1.3694212829741426
36.66666666666667,1.7541666666666667,27.054055936149197,1.3692670950298858
36.66666666666667,1.8787500000000001,27.052412315504082,1.357902022884977
36.66666666666667,2.0033333333333334,27.053301368959904,1.358557127622101
36.66666666666667,2.1279166666666667,27.05330529094299,1.3572060505213757
36.66666666666667,2.2525,27.053744616363414,1.3568762234268839
36.66666666666667,2.377083333333333,27.05446012252958,1.3583986648278201
36.66666666666667,2.5016666666666665,27.054415136146137,1.357229820707062
36.66666666666667,2.6262499999999998,27.05403422188603,1.35784891059903
36.66666666666667,2.750833333333333,27.05430770484701,1.3574898524568058
36.66666666666667,2.8754166666666667,27.05467294758277,1.3569172833968912
36.66666666666667,3.0,27.0555142168253,1.3581887962986483
37.22222222222222,0.01,27.017181854796082,1.3796248112035614
37.22222222222222,0.13458333333333333,27.02295437621158,1.3802613672145636
37.22222222222222,0.25916666666666666,27.028300832769798,1.3781738821778633
37.22222222222222,0.38375000000000004,27.037152565324075,1.3728913704478818
37.22222222222222,0.5083333333333333,27.046258108655856,1.371950958525947
37.22222222222222,0.6329166666666667,27.047752449063772,1.3695721502282598
37.22222222222222,0.7575000000000001,27.049100675341542,1.369777659035204
37.22222222222222,0.8820833333333333,27.05041106112894,1.3706133751167804
37.22222222222222,1.0066666666666666,27.050382633167555,1.3666254040896941
37.22222222222222,1.13125,27.050954623216036,1.3651003395867223
37.22222222222222,1.2558333333333334,27.051215846478957,1.361100058455994
37.22222222222222,1.3804166666666666,27.051608634000495,1.360300760148181
37.22222222222222,1.5050000000000001,27.051785146407756,1.3574944138671219
37.22222222222222,1.6295833333333334,27.052362252993085,1.3557357175738471
37.22222222222222,1.7541666666666667,27.052909650443542,1.356317173345939
37.22222222222222,1.8787500000000001,27.051394649405744,1.3457069879599326
37.22222222222222,2.0033333333333334,27.051814950418493,1.3455050459184048
37.22222222222222,2.1279166666666667,27.052086399418542,1.3451817358093865
37.22222222222222,2.2525,27.05211082028092,1.3435826305157883
37.22222222222222,2.377083333333333,27.052445731807826,1.3449183661777442
37.22222222222222,2.5016666666666665,27.053070002321107,1.3448414035142242
37.22222222222222,2.6262499999999998,27.05329876295029,1.3439394328684573
37.22222222222222,2.750833333333333,27.053383655490826,1.3435393810784457
37.22222222222222,2.8754166666666667,27.054054996795283,1.3443935134371143
37.22222222222222,3.0,27.054416025155728,1.344138416887125
37.77777777777778,0.01,27.015808946038213,1.3660478207766669
37.77777777777778,0.13458333333333333,27.020589936996416,1.3644929922308202
37.77777777777778,0.25916666666666666,27.027027010959547,1.3640402665201667
37.77777777777778,0.38375000000000004,27.03566705525827,1.3599152531919623
37.77777777777778,0.5083333333333333,27.04498639338571,1.3575086499731326
37.77777777777778,0.6329166666666667,27.046673128706995,1.3581997406029833
37.77777777777778,0.7575000000000001,27.047507153605626,1.3555461738228247
37.77777777777778,0.8820833333333333,27.049406642076598,1.3560401557714874
37.77777777777778,1.0066666666666666,27.049540217264415,1.3532846954270872
37.77777777777778,1.13125,27.04976533932009,1.350759998712936
37.77777777777778,1.2558333333333334,27.050275377639213,1.3485950358182341
37.77777777777778,1.3804166666666666,27.05010779227286,1.3478652676084002
37.77777777777778,1.5050000000000001,27.050711453125793,1.3446944578174524
37.77777777777778,1.6295833333333334,27.050679735576196,1.3423300056120913
37.77777777777778,1.7541666666666667,27.05195045654274,1.3436464613081567
37.77777777777778,1.8787500000000001,27.050026874230102,1.332133479376424
37.77777777777778,2.0033333333333334,27.05072662052467,1.3321579630080904
37.77777777777778,2.1279166666666667,27.05133081514481,1.3316846633377122
37.77777777777778,2.2525,27.051493075828997,1.331823715070496
37.77777777777778,2.377083333333333,27.051785439424403,1.3320900967914495
37.77777777777778,2.5016666666666665,27.05192900864792,1.3318037020207951
37.77777777777778,2.6262499999999998,27.052265026262575,1.3315246072379272
37.77777777777778,2.750833333333333,27.05215254855109,1.329984516139282
37.77777777777778,2.8754166666666667,27.053114959497623,1.3311308988625925
37.77777777777778,3.0,27.0526479412449,1.3300896667485518
38.333333333333336,0.01,27.014144117808815,1.3523694547930454
38.333333333333336,0.13458333333333333,27.01923375886052,1.3507011175250605
38.333333333333336,0.25916666666666666,27.02599417632549,1.3520407534957368
38.333333333333336,0.38375000000000004,27.034230683410417,1.346657905820725
38.333333333333336,0.5083333333333333,27.04386558269635,1.3466435149921074
38.333333333333336,0.6329166666666667,27.04506350344597,1.3457708374313981
38.333333333333336,0.7575000000000001,27.04576537657435,1.3432576147869413
38.333333333333336,0.8820833333333333,27.047439143424555,1.3428073822243591
38.333333333333336,1.0066666666666666,27.04794244486931,1.3403986042401284
38.333333333333336,1.13125,27.048467609721904,1.3380055561540927
38.333333333333336,1.2558333333333334,27.048818790145948,1.3354645935024612
38.333333333333336,1.3804166666666666,27.04946693935676,1.3344129856265707
38.333333333333336,1.5050000000000001,27.050030115929857,1.3310583736949988
38.333333333333336,1.6295833333333334,27.050719351547453,1.3310944325494567
38.333333333333336,1.7541666666666667,27.051081515155694,1.3310498066588905
38.333333333333336,1.8787500000000001,27.050234928017737,1.3250787119378604
38.333333333333336,2.0033333333333334,27.04973532517658,1.3203035531194451
38.333333333333336,2.1279166666666667,27.050121887660325,1.3190756779483614
38.333333333333336,2.2525,27.05008060923813,1.3178453683311997
38.333333333333336,2.377083333333333,27.05018740581155,1.317623849618188
38.333333333333336,2.5016666666666665,27.050794058244932,1.3184161034270114
38.333333333333336,2.6262499999999998,27.05131683522416,1.3186724952803375
38.333333333333336,2.750833333333333,27.051325860299745,1.3188535888185082
38.333333333333336,2.8754166666666667,27.051580569750815,1.3184969608715347
38.333333333333336,3.0,27.052040651091723,1.3187611102473074
38.88888888888889,0.01,27.012806243548916,1.3385478466906298
38.88888888888889,0.13458333333333333,27.018415744090444,1.34141262767965
38.88888888888889,0.25916666666666666,27.02495717851395,1.33798517989821
38.88888888888889,0.38375000000000004,27.032664473099494,1.335239970852986
38.88888888888889,0.5083333333333333,27.04233125977112,1.3337676062483539
38.88888888888889,0.6329166666666667,27.04376716048071,1.3326245270835368
38.88888888888889,0.7575000000000001,27.044438325795312,1.3300513906015388
38.88888888888889,0.8820833333333333,27.04587483366241,1.3285181857183526
38.88888888888889,1.0066666666666666,27.046003048404415,1.326796979310202
38.88888888888889,1.13125,27.046772602145012,1.325875815241906
38.88888888888889,1.2558333333333334,27.047210793449157,1.3239332501287449
38.88888888888889,1.3804166666666666,27.047690448218457,1.3215389537193867
38.88888888888889,1.5050000000000001,27.04862302353487,1.3201087469941808
38.88888888888889,1.6295833333333334,27.048783983337433,1.3187642898828011
38.88888888888889,1.7541666666666667,27.049336698538514,1.3174418477780225
38.88888888888889,1.8787500000000001,27.04920517103862,1.317568196964225
38.88888888888889,2.0033333333333334,27.04819485011885,1.3066404668767462
38.88888888888889,2.1279166666666667,27.048518542913083,1.306485853704692
38.88888888888889,2.2525,27.04885020584998,1.3054358412873224
38.88888888888889,2.377083333333333,27.049050842292708,1.3052882113283981
38.88888888888889,2.5016666666666665,27.04934987468794,1.3061022434970704
38.88888888888889,2.6262499999999998,27.0494414444708,1.3054965535428675
38.88888888888889,2.750833333333333,27.05008511733069,1.3058936223098117
38.88888888888889,2.8754166666666667,27.05028424733104,1.305143792615654
38.88888888888889,3.0,27.050604071620636,1.3065212155344563
39.44444444444444,0.01,27.011496951868327,1.32617971409974
39.44444444444444,0.13458333333333333,27.017260134990593,1.3297364010262935
39.44444444444444,0.25916666666666666,27.022819283627086,1.3227116815204554
39.44444444444444,0.38375000000000004,27.03179625892644,1.3266563392953956
39.44444444444444,0.5083333333333333,27.040461193266697,1.3214356894234114
39.44444444444444,0.6329166666666667,27.042389891221916,1.321224060884768
39.44444444444444,0.7575000000000001,27.043455325581032,1.3192643004302396
39.44444444444444,0.8820833333333333,27.043768080197836,1.3132882595749185
39.44444444444444,1.0066666666666666,27.04442609270371,1.3126369247955738
39.44444444444444,1.13125,27.04503216496053,1.3116836096665474
39.44444444444444,1.2558333333333334,27.045594387653132,1.3112963417528156
39.44444444444444,1.3804166666666666,27.04595935015176,1.3095974454675086
39.44444444444444,1.5050000000000001,27.046423737472352,1.3072031382955873
39.44444444444444,1.6295833333333334,27.04691592042298,1.3058094907384576
39.44444444444444,1.7541666666666667,27.047692869119537,1.3063193006204954
39.44444444444444,1.8787500000000001,27.047685690210134,1.3057029705721812
39.44444444444444,2.0033333333333334,27.046542058365734,1.2955557739778467
39.44444444444444,2.1279166666666667,27.04730944303153,1.2950955884438176
39.44444444444444,2.2525,27.04712184315915,1.293557118152594
39.44444444444444,2.377083333333333,27.047437622591907,1.293297356857298
39.44444444444444,2.5016666666666665,27.04767889620436,1.2936604313185385
39.44444444444444,2.6262499999999998,27.04800930052425,1.294492005773279
39.44444444444444,2.750833333333333,27.048320643697604,1.2934614528570032
39.44444444444444,2.8754166666666667,27.048682475492033,1.2932538778824387
39.44444444444444,3.0,27.048963811553485,1.2935486840038257
40.0,0.01,27.012125988053608,1.3180701597805156
40.0,0.13458333333333333,27.017053265119657,1.316665479497553
40.0,0.25916666666666666,27.023063431213707,1.313498911965455
40.0,0.38375000000000004,27.02992220251915,1.3127759176683518
40.0,0.5083333333333333,27.038924445177027,1.308079787182781
40.0,0.6329166666666667,27.041150579364707,1.3092920352707982
40.0,0.7575000000000001,27.041830257080516,1.306422547598085
40.0,0.8820833333333333,27.04265110594852,1.3011296731846422
40.0,1.0066666666666666,27.043345991175464,1.3004440760977398
40.0,1.13125,27.043978283736696,1.2991790210173604
40.0,1.2558333333333334,27.04476427777899,1.300456745118056
40.0,1.3804166666666666,27.045304940644996,1.298753433639227
40.0,1.5050000000000001,27.045573701894266,1.2965962766852357
40.0,1.6295833333333334,27.045833127066494,1.294829515225665
40.0,1.7541666666666667,27.04632761288939,1.2935189634132649
40.0,1.8787500000000001,27.046688836323167,1.293313633933657
40.0,2.0033333333333334,27.04574178961194,1.2843785094320936
40.0,2.1279166666666667,27.045981660302257,1.2824791577258465
40.0,2.2525,27.04636486715859,1.2840801142891323
40.0,2.377083333333333,27.046351917718372,1.2819308388063833
40.0,2.5016666666666665,27.046515318220585,1.2826703844906584
40.0,2.6262499999999998,27.04661416288537,1.2816723510619965
40.0,2.750833333333333,27.046903642573632,1.281445099113615
40.0,2.8754166666666667,27.047499530644593,1.2832673239948689
40.0,3.0,27.047647865242528,1.2825258354299818
40.55555555555556,0.01,27.01043216629578,1.3045144059815328
40.55555555555556,0.13458333333333333,27.01570208734173,1.3066490944349973
40.55555555555556,0.25916666666666666,27.0215072832484,1.3010990921043575
40.55555555555556,0.38375000000000004,27.029334114755592,1.3004388947286172
40.55555555555556,0.5083333333333333,27.038759533384574,1.299374645292345
40.55555555555556,0.6329166666666667,27.040258377453437,1.296860886366158
40.55555555555556,0.7575000000000001,27.041317749943232,1.2939155441325068
40.55555555555556,0.8820833333333333,27.04198300283231,1.2897189265720144
40.55555555555556,1.0066666666666666,27.04280929510499,1.2896586728911863
40.55555555555556,1.13125,27.043239320807483,1.2875293557639778
40.55555555555556,1.2558333333333334,27.043864883687846,1.2884544441149892
40.55555555555556,1.3804166666666666,27.044679434941944,1.2873677065141587
40.55555555555556,1.5050000000000001,27.043758736461776,1.28363974659651
40.55555555555556,1.6295833333333334,27.044707869478785,1.2833911556754618
40.55555555555556,1.7541666666666667,27.046234604388612,1.2819487616390235
40.55555555555556,1.8787500000000001,27.04647088438665,1.28245050383482
40.55555555555556,2.0033333333333334,27.045027108466023,1.2717791545911072
40.55555555555556,2.1279166666666667,27.045570431276758,1.2721192261199443
40.55555555555556,2.2525,27.0459514000357,1.2710955609081698
40.55555555555556,2.377083333333333,27.045985511895335,1.2702644192808532
40.55555555555556,2.5016666666666665,27.046399485130657,1.2717926325690243
40.55555555555556,2.6262499999999998,27.046672103139866,1.2715854431030404
40.55555555555556,2.750833333333333,27.047263558080694,1.27140535151547
40.55555555555556,2.8754166666666667,27.047346173761348,1.2699636241608359
40.55555555555556,3.0,27.04762888665425,1.2714332870485678
41.111111111111114,0.01,27.010475465469813,1.2938560016441836
41.111111111111114,0.13458333333333333,27.014550410010866,1.2891549447765605
41.111111111111114,0.25916666666666666,27.020012561641476,1.2870140244948203
41.111111111111114,0.38375000000000004,27.028175112197985,1.287840006170582
41.111111111111114,0.5083333333333333,27.037776838119353,1.2875504551365324
41.111111111111114,0.6329166666666667,27.039077166086848,1.2828502864207891
41.111111111111114,0.7575000000000001,27.039874075850342,1.2820731671001284
41.111111111111114,0.8820833333333333,27.040534430188895,1.2786384361504255
41.111111111111114,1.0066666666666666,27.04152269999021,1.2771982999214282
41.111111111111114,1.13125,27.04220162096978,1.2770280239672582
41.111111111111114,1.2558333333333334,27.042999477265344,1.2778415398954912
41.111111111111114,1.3804166666666666,27.04389705102434,1.2758782477351738
41.111111111111114,1.5050000000000001,27.04442439147064,1.2756029279554826
41.111111111111114,1.6295833333333334,27.044741930047053,1.27313041555982
41.111111111111114,1.7541666666666667,27.045501668888804,1.271899731713394
41.111111111111114,1.8787500000000001,27.045609557992165,1.2712253815458374
41.111111111111114,2.0033333333333334,27.045164552433228,1.2655363511877071
41.111111111111114,2.1279166666666667,27.044615009637468,1.260266522029685
41.111111111111114,2.2525,27.045486336547736,1.2606475024102226
41.111111111111114,2.377083333333333,27.045184715362883,1.258759450425928
41.111111111111114,2.5016666666666665,27.045475388876422,1.2590084010583813
41.111111111111114,2.6262499999999998,27.046043639632842,1.2599621870285016
41.111111111111114,2.750833333333333,27.046535881534968,1.2592031670791315
41.111111111111114,2.8754166666666667,27.04681109840276,1.2600923467779135
41.111111111111114,3.0,27.046834351863712,1.2594587124191259
41.66666666666667,0.01,27.00924746534855,1.2809643648219515
41.66666666666667,0.13458333333333333,27.01343397382366,1.2780460922498293
41.66666666666667,0.25916666666666666,27.020309980159972,1.2768825628765856
41.66666666666667,0.38375000000000004,27.027775812410578,1.2772814516503583
41.66666666666667,0.5083333333333333,27.03651711312822,1.2761025794742087
41.66666666666667,0.6329166666666667,27.03831611644383,1.2738223696291018
41.66666666666667,0.7575000000000001,27.039256127755838,1.2702043758216042
41.66666666666667,0.8820833333333333,27.040157719036237,1.2674130929952288
41.66666666666667,1.0066666666666666,27.04107862074982,1.2662495258926154
41.66666666666667,1.13125,27.041626479849104,1.2660925209244722
41.66666666666667,1.2558333333333334,27.042064745644975,1.2655499107255552
41.66666666666667,1.3804166666666666,27.04270183141942,1.2649029241007803
41.66666666666667,1.5050000000000001,27.04338571571816,1.2640950521117134
41.66666666666667,1.6295833333333334,27.043888446328893,1.261867184291543
41.66666666666667,1.7541666666666667,27.044698580720652,1.260607008898329
41.66666666666667,1.8787500000000001,27.045084272760672,1.2606763294566392
41.66666666666667,2.0033333333333334,27.045346281752106,1.259419849247101
41.66666666666667,2.1279166666666667,27.0443094495286,1.2486570057994029
41.66666666666667,2.2525,27.044628678818096,1.2486621826792332
41.66666666666667,2.377083333333333,27.044707264784858,1.2478005161346173
41.66666666666667,2.5016666666666665,27.0445611705483,1.247160977271533
41.66666666666667,2.6262499999999998,27.045150341847357,1.2471511380123645
41.66666666666667,2.750833333333333,27.045580572501734,1.2471677095169387
41.66666666666667,2.8754166666666667,27.045684923000618,1.2463394190725674
41.66666666666667,3.0,27.045681744255507,1.245660841787044
42.22222222222222,0.01,27.00960958466176,1.2696091367487006
42.22222222222222,0.13458333333333333,27.012885772257285,1.2656265253915777
42.22222222222222,0.25916666666666666,27.019496760382243,1.265384443164136
42.22222222222222,0.38375000000000004,27.027074689349604,1.264571295277911
42.22222222222222,0.5083333333333333,27.0360889877574,1.263716748866206
42.22222222222222,0.6329166666666667,27.03787149543836,1.2594387810175856
42.22222222222222,0.7575000000000001,27.03910750348905,1.2595452327429424
42.22222222222222,0.8820833333333333,27.039604893946034,1.2546659254136172
42.22222222222222,1.0066666666666666,27.040960052463173,1.2561652948345603
42.22222222222222,1.13125,27.041211965996457,1.2556812719560884
42.22222222222222,1.2558333333333334,27.041739914688684,1.25567489536349
42.22222222222222,1.3804166666666666,27.04260361267108,1.2547035419644914
42.22222222222222,1.5050000000000001,27.043068357137848,1.2536772923398276
42.22222222222222,1.6295833333333334,27.043613666636848,1.2511372535092602
42.22222222222222,1.7541666666666667,27.043723368904697,1.2493393715972967
42.22222222222222,1.8787500000000001,27.044171778457994,1.2493314190000937
42.22222222222222,2.0033333333333334,27.043958123620964,1.247281028860192
42.22222222222222,2.1279166666666667,27.043077317755273,1.2386695034409423
42.22222222222222,2.2525,27.043145640804834,1.2372651468738005
42.22222222222222,2.377083333333333,27.043518178171368,1.2378280772326278
42.22222222222222,2.5016666666666665,27.043596167612538,1.2375278905024711
42.22222222222222,2.6262499999999998,27.04404127066768,1.2381947048575037
42.22222222222222,2.750833333333333,27.04433686563043,1.2371851104096665
42.22222222222222,2.8754166666666667,27.04465494072799,1.2372472059131001
42.22222222222222,3.0,27.04491400177004,1.2374528023489928
42.77777777777778,0.01,27.008500093939247,1.2589373858371111
42.77777777777778,0.13458333333333333,27.012121580497542,1.253372411446424
42.77777777777778,0.25916666666666666,27.019231750092647,1.2536555434404406
42.77777777777778,0.38375000000000004,27.025762407375495,1.2531775787517574
42.77777777777778,0.5083333333333333,27.034400022051905,1.253417658840028
42.77777777777778,0.6329166666666667,27.03613370401832,1.2489249296692928
42.77777777777778,0.7575000000000001,27.03718409311086,1.2468342554975642
42.77777777777778,0.8820833333333333,27.03791960524402,1.2444106558931411
42.77777777777778,1.0066666666666666,27.03965447886002,1.2450747206541046
42.77777777777778,1.13125,27.04036322717188,1.2457718717043431
42.77777777777778,1.2558333333333334,27.04084906357497,1.2443996892160691
42.77777777777778,1.3804166666666666,27.04137211804067,1.2432351771970496
42.77777777777778,1.5050000000000001,27.041736328973908,1.2418531295643076
42.77777777777778,1.6295833333333334,27.042225016710603,1.2388399478845846
42.77777777777778,1.7541666666666667,27.04242209189533,1.2371528889097982
42.77777777777778,1.8787500000000001,27.042860565325746,1.2371100091123965
42.77777777777778,2.0033333333333334,27.042901470209344,1.2372705433528808
42.77777777777778,2.1279166666666667,27.04164251761176,1.2269996000006445
42.77777777777778,2.2525,27.04223267613775,1.2278146971651638
42.77777777777778,2.377083333333333,27.042703127148236,1.227878017606976
42.77777777777778,2.5016666666666665,27.043907611623343,1.2263802978877414
42.77777777777778,2.6262499999999998,27.043709380166483,1.2254476305639417
42.77777777777778,2.750833333333333,27.044495803125088,1.226235444238033
42.77777777777778,2.8754166666666667,27.044833872451317,1.2264413422118203
42.77777777777778,3.0,27.04505470776134,1.2268749211871488
43.333333333333336,0.01,27.007611718569258,1.244416050528807
43.333333333333336,0.13458333333333333,27.011207317609607,1.2449158752063205
43.333333333333336,0.25916666666666666,27.017883198670635,1.2420063080256671
43.333333333333336,0.38375000000000004,27.024844260763075,1.2416281438379806
43.333333333333336,0.5083333333333333,27.034198789519596,1.2402448153684131
43.333333333333336,0.6329166666666667,27.035916769006036,1.2367938233485698
43.333333333333336,0.7575000000000001,27.037139929535094,1.2347058109072662
43.333333333333336,0.8820833333333333,27.038350358899788,1.2343809051678534
43.333333333333336,1.0066666666666666,27.040285168982166,1.2356202416586137
43.333333333333336,1.13125,27.040782758265255,1.235156796008452
43.333333333333336,1.2558333333333334,27.041349241693162,1.234621739388586
43.333333333333336,1.3804166666666666,27.042443942204454,1.2352188328260738
43.333333333333336,1.5050000000000001,27.042695728308942,1.233711462380399
43.333333333333336,1.6295833333333334,27.04276672078374,1.2299729998573594
43.333333333333336,1.7541666666666667,27.043018274071724,1.2294109178070833
43.333333333333336,1.8787500000000001,27.04351529024873,1.2286038676910915
43.333333333333336,2.0033333333333334,27.043806722795868,1.2297271583206204
43.333333333333336,2.1279166666666667,27.042579712282862,1.219191088489735
43.333333333333336,2.2525,27.04288588952187,1.2185702229241646
43.333333333333336,2.377083333333333,27.04275512451,1.2181303829340462
43.333333333333336,2.5016666666666665,27.042702462497346,1.216648367827755
43.333333333333336,2.6262499999999998,27.042738707598858,1.216726479460939
43.333333333333336,2.750833333333333,27.043489001989865,1.2169896678387249
43.333333333333336,2.8754166666666667,27.043568991166428,1.216190629432451
43.333333333333336,3.0,27.0439726427074,1.215868757646893
43.88888888888889,0.01,27.006824270316663,1.2341053380156508
43.88888888888889,0.13458333333333333,27.011445980356232,1.2340652120586604
43.88888888888889,0.25916666666666666,27.018017577281928,1.2327486701631585
43.88888888888889,0.38375000000000004,27.024528654408424,1.2323296209948598
43.88888888888889,0.5083333333333333,27.033285168685463,1.2309959598718556
43.88888888888889,0.6329166666666667,27.035803762239144,1.2264609553793882
43.88888888888889,0.7575000000000001,27.03687410514089,1.2247750754810327
43.88888888888889,0.8820833333333333,27.037869255141615,1.225607299053011
43.88888888888889,1.0066666666666666,27.03934631983433,1.225270974884246
43.88888888888889,1.13125,27.03999618640209,1.2256893101635247
43.88888888888889,1.2558333333333334,27.040124984010493,1.224784908016402
43.88888888888889,1.3804166666666666,27.041385127652404,1.2255159595377318
43.88888888888889,1.5050000000000001,27.041321764520287,1.2223180400450229
43.88888888888889,1.6295833333333334,27.041612662792623,1.2194264752089345
43.88888888888889,1.7541666666666667,27.042049198983193,1.219074720209129
43.88888888888889,1.8787500000000001,27.042596214587032,1.2177683059626188
43.88888888888889,2.0033333333333334,27.042637253248984,1.2176566099854735
43.88888888888889,2.1279166666666667,27.043130313565662,1.214141184501305
43.88888888888889,2.2525,27.04247452289843,1.2082109454361278
43.88888888888889,2.377083333333333,27.04314925429962,1.2088120564725968
43.88888888888889,2.5016666666666665,27.042636994831703,1.206325634048605
43.88888888888889,2.6262499999999998,27.043312695964477,1.208354050967475
43.88888888888889,2.750833333333333,27.043156199968134,1.2061497585971637
43.88888888888889,2.8754166666666667,27.044061815820772,1.2077755033857995
43.88888888888889,3.0,27.04425742010613,1.2070708361470894
44.44444444444444,0.01,27.006491609026554,1.224022021251192
44.44444444444444,0.13458333333333333,27.010980400781328,1.2228221817470686
44.44444444444444,0.25916666666666666,27.01648785659781,1.2215342763990056
44.44444444444444,0.38375000000000004,27.022829913931922,1.2198532961476716
44.44444444444444,0.5083333333333333,27.032423534767258,1.2195569644128323
44.44444444444444,0.6329166666666667,27.034715508852887,1.2169303282385746
44.44444444444444,0.7575000000000001,27.035980324274735,1.2164057009706297
44.44444444444444,0.8820833333333333,27.037028106670586,1.2151805744235744
44.44444444444444,1.0066666666666666,27.038533276437956,1.2160969214627115
44.44444444444444,1.13125,27.039396215336943,1.2154455943485465
44.44444444444444,1.2558333333333334,27.040088634981878,1.2156716889468677
44.44444444444444,1.3804166666666666,27.04050829868063,1.2148229410756217
44.44444444444444,1.5050000000000001,27.041199424502686,1.2144535411439894
44.44444444444444,1.6295833333333334,27.04191528720691,1.2113188264168517
44.44444444444444,1.7541666666666667,27.042324645308724,1.2119738369007926
44.44444444444444,1.8787500000000001,27.04282383138439,1.209950727200143
44.44444444444444,2.0033333333333334,27.04305341670064,1.2100525451707922
44.44444444444444,2.1279166666666667,27.042869686469043,1.2074039401944126
44.44444444444444,2.2525,27.042160130577553,1.199787078571074
44.44444444444444,2.377083333333333,27.04249257108616,1.1998271459386145
44.44444444444444,2.5016666666666665,27.042539194695657,1.1984459157880878
44.44444444444444,2.6262499999999998,27.04244689756155,1.1986331534264039
44.44444444444444,2.750833333333333,27.042719094047342,1.1991171503945686
44.44444444444444,2.8754166666666667,27.043380263895216,1.1985134340234294
44.44444444444444,3.0,27.043266342640216,1.1976701914442889
45.0,0.01,27.005576920742804,1.2131296628181354
45.0,0.13458333333333333,27.009703225136224,1.2116618795149414
45.0,0.25916666666666666,27.016378587973257,1.2104714195099842
45.0,0.38375000000000004,27.021854001846116,1.209663905794256
45.0,0.5083333333333333,27.03171296933916,1.2101860921327534
45.0,0.6329166666666667,27.033919798043293,1.2064394834352121
45.0,0.7575000000000001,27.034853299253847,1.2064648544615586
45.0,0.8820833333333333,27.03603804942783,1.2057042922124839
45.0,1.0066666666666666,27.03790524819454,1.206913507786228
45.0,1.13125,27.038656095037247,1.2068767583995499
45.0,1.2558333333333334,27.039157869230582,1.206688319746274
45.0,1.3804166666666666,27.04051853873844,1.2064217910695008
45.0,1.5050000000000001,27.040825625680665,1.2042797174030173
45.0,1.6295833333333334,27.041692236901074,1.2044442421298318
45.0,1.7541666666666667,27.041611238857918,1.2015484114385022
45.0,1.8787500000000001,27.042426368407174,1.2015443183827912
45.0,2.0033333333333334,27.04253106922171,1.201540076922336
45.0,2.1279166666666667,27.04270147042825,1.2003793131821872
45.0,2.2525,27.041657366464026,1.1906026681573423
45.0,2.377083333333333,27.041482253991067,1.1901262805993629
45.0,2.5016666666666665,27.042164565724324,1.190591723558021
45.0,2.6262499999999998,27.041815325813882,1.188233034333408
45.0,2.750833333333333,27.041923841806515,1.1879907996983685
45.0,2.8754166666666667,27.042868553462018,1.1890649125068153
45.0,3.0,27.04308646758446,1.1892352759683311
45.55555555555556,0.01,27.00601671082347,1.2043842787639536
45.55555555555556,0.13458333333333333,27.009478823511124,1.2021913102934434
45.55555555555556,0.25916666666666666,27.016068769677656,1.2007211759743786
45.55555555555556,0.38375000000000004,27.021862234358036,1.2003994996131473
45.55555555555556,0.5083333333333333,27.032135008721646,1.2011888433172968
45.55555555555556,0.6329166666666667,27.03441034023767,1.1988182781033252
45.55555555555556,0.7575000000000001,27.036060326409377,1.198569686484563
45.55555555555556,0.8820833333333333,27.03673816439366,1.1976945986037657
45.55555555555556,1.0066666666666666,27.0379063717462,1.1975613350037995
45.55555555555556,1.13125,27.038087245587697,1.1984952923871361
45.55555555555556,1.2558333333333334,27.03880716619258,1.1974572977579034
45.55555555555556,1.3804166666666666,27.039296417940545,1.1969472416872073
45.55555555555556,1.5050000000000001,27.039976382029998,1.195960517188438
45.55555555555556,1.6295833333333334,27.040862072959197,1.1961279552930304
45.55555555555556,1.7541666666666667,27.040554283554723,1.1924896367507987
45.55555555555556,1.8787500000000001,27.040846964465654,1.1906902987737555
45.55555555555556,2.0033333333333334,27.041310769191266,1.1911685844515019
45.55555555555556,2.1279166666666667,27.041575103879975,1.1910946978553216
45.55555555555556,2.2525,27.04003638777567,1.1810103151596585
45.55555555555556,2.377083333333333,27.040386361205066,1.1802144954351557
45.55555555555556,2.5016666666666665,27.0405874314798,1.1808412356987263
45.55555555555556,2.6262499999999998,27.042386688050147,1.1796711439300778
45.55555555555556,2.750833333333333,27.04261133653615,1.1797766656176878
45.55555555555556,2.8754166666666667,27.043163159484447,1.1788535607130168
45.55555555555556,3.0,27.043414874752397,1.1798077316715838
46.111111111111114,0.01,27.005757698564096,1.19403411269845
46.111111111111114,0.13458333333333333,27.010285601859195,1.193265953161482
46.111111111111114,0.25916666666666666,27.016842103225557,1.193238847471817
46.111111111111114,0.38375000000000004,27.022779081445353,1.1920973036440852
46.111111111111114,0.5083333333333333,27.032778842827444,1.191718519817686
46.111111111111114,0.6329166666666667,27.036095828311197,1.1915423765966826
46.111111111111114,0.7575000000000001,27.037236653186415,1.19168684830816
46.111111111111114,0.8820833333333333,27.037787709416083,1.1878208064430407
46.111111111111114,1.0066666666666666,27.039244819911126,1.1897502189638087
46.111111111111114,1.13125,27.039890303920988,1.188044514143255
46.111111111111114,1.2558333333333334,27.04052750783222,1.1896301939330223
46.111111111111114,1.3804166666666666,27.04125511211024,1.1889060659750428
46.111111111111114,1.5050000000000001,27.041283481065612,1.185544529678484
46.111111111111114,1.6295833333333334,27.041959208935822,1.1858972022329828
46.111111111111114,1.7541666666666667,27.04174361384454,1.1830421128303126
46.111111111111114,1.8787500000000001,27.04241732003173,1.1813742647539538
46.111111111111114,2.0033333333333334,27.042601172216227,1.1818728074248719
46.111111111111114,2.1279166666666667,27.04293527200217,1.1815804898844484
46.111111111111114,2.2525,27.041563731275613,1.1727655825413574
46.111111111111114,2.377083333333333,27.04203395540131,1.1709931884366642
46.111111111111114,2.5016666666666665,27.041832426805627,1.1701404195766152
46.111111111111114,2.6262499999999998,27.041938654194173,1.1696915970747013
46.111111111111114,2.750833333333333,27.041796742636524,1.169131706100568
46.111111111111114,2.8754166666666667,27.042367504916644,1.1693450309064823
46.111111111111114,3.0,27.042401927383253,1.1681879427794306
46.66666666666667,0.01,27.00510653499462,1.1840047507434337
46.66666666666667,0.13458333333333333,27.00960207889781,1.1835966005699694
46.66666666666667,0.25916666666666666,27.01754651696782,1.1841764639971164
46.66666666666667,0.38375000000000004,27.022702846483554,1.1831395374191311
46.66666666666667,0.5083333333333333,27.032778445565423,1.1841325327242747
46.66666666666667,0.6329166666666667,27.035062583399547,1.182058155624821
46.66666666666667,0.7575000000000001,27.036537853822416,1.1815861239736103
46.66666666666667,0.8820833333333333,27.037547408646716,1.181340943517234
46.66666666666667,1.0066666666666666,27.03865771754119,1.1804360049127216
46.66666666666667,1.13125,27.039292897746467,1.179554634645913
46.66666666666667,1.2558333333333334,27.040318247866672,1.1809041296558354
46.66666666666667,1.3804166666666666,27.04033108857058,1.1788844439256152
46.66666666666667,1.5050000000000001,27.040917181796328,1.1776526913558294
46.66666666666667,1.6295833333333334,27.04132829172809,1.1753360003614821
46.66666666666667,1.7541666666666667,27.041472416456667,1.1725004830813068
46.66666666666667,1.8787500000000001,27.042019656040324,1.1725341663246847
46.66666666666667,2.0033333333333334,27.041815393751712,1.1713311537816518
46.66666666666667,2.1279166666666667,27.041945995998905,1.1711178564991376
46.66666666666667,2.2525,27.041343008070314,1.1653596671229338
46.66666666666667,2.377083333333333,27.04077124357856,1.1600318408729549
46.66666666666667,2.5016666666666665,27.041071824170356,1.1600716821476897
46.66666666666667,2.6262499999999998,27.040895674385194,1.1585708575025666
46.66666666666667,2.750833333333333,27.041224750994857,1.1586778935581465
46.66666666666667,2.8754166666666667,27.041377799048732,1.157782885991493
46.66666666666667,3.0,27.041293065056664,1.1572118366820983
47.22222222222222,0.01,27.005946767413,1.1786969091094446
47.22222222222222,0.13458333333333333,27.009152935899987,1.1751639958237359
47.22222222222222,0.25916666666666666,27.01720673198369,1.177945324715557
47.22222222222222,0.38375000000000004,27.023030589312075,1.1780445181404253
47.22222222222222,0.5083333333333333,27.033013062622366,1.1770344171217084
47.22222222222222,0.6329166666666667,27.035157133913064,1.174255356903131
47.22222222222222,0.7575000000000001,27.036484549002278,1.1742309179992527
47.22222222222222,0.8820833333333333,27.037065404594838,1.1708864413117248
47.22222222222222,1.0066666666666666,27.03815067426739,1.1711901510865153
47.22222222222222,1.13125,27.03899987295032,1.1711846698056305
47.22222222222222,1.2558333333333334,27.03920129397364,1.1709007851796405
47.22222222222222,1.3804166666666666,27.03962789866846,1.1683139430582579
47.22222222222222,1.5050000000000001,27.04022456274704,1.1674607171013984
47.22222222222222,1.6295833333333334,27.040433466039822,1.1663683378034972
47.22222222222222,1.7541666666666667,27.040450694092645,1.163138003448938
47.22222222222222,1.8787500000000001,27.041127550418835,1.1632079775791504
47.22222222222222,2.0033333333333334,27.041039141631973,1.1618598954099835
47.22222222222222,2.1279166666666667,27.041240923303782,1.1613952609444422
47.22222222222222,2.2525,27.04199615513398,1.1599005136917862
47.22222222222222,2.377083333333333,27.040382363294366,1.1514305319012486
47.22222222222222,2.5016666666666665,27.040665355381208,1.1511534035315019
47.22222222222222,2.6262499999999998,27.040478617898234,1.1513094224950726
47.22222222222222,2.750833333333333,27.040573060017767,1.1499097965704586
47.22222222222222,2.8754166666666667,27.040818660680905,1.1495695362999492
47.22222222222222,3.0,27.041748329150998,1.1503965087922674
47.77777777777778,0.01,27.006041784232224,1.1693500786381372
47.77777777777778,0.13458333333333333,27.010001021911155,1.169718691073196
47.77777777777778,0.25916666666666666,27.017930471211457,1.1686270037935875
47.77777777777778,0.38375000000000004,27.022745232239675,1.1679365530130548
47.77777777777778,0.5083333333333333,27.03232917493981,1.1677081680233348
47.77777777777778,0.6329166666666667,27.035056950238907,1.1646953475750677
47.77777777777778,0.7575000000000001,27.03610840580935,1.1642285540819308
47.77777777777778,0.8820833333333333,27.036968636115613,1.1631090650070675
47.77777777777778,1.0066666666666666,27.03756148916158,1.160732486137711
47.77777777777778,1.13125,27.03860092170952,1.1613516615848474
47.77777777777778,1.2558333333333334,27.038963710227808,1.1610966438186932
47.77777777777778,1.3804166666666666,27.039273530092668,1.160280212513265
47.77777777777778,1.5050000000000001,27.039626521933055,1.1579461251980616
47.77777777777778,1.6295833333333334,27.039999195273467,1.1571319825634363
47.77777777777778,1.7541666666666667,27.040368649084446,1.154197011998992
47.77777777777778,1.8787500000000001,27.041031504495574,1.1541919709818826
47.77777777777778,2.0033333333333334,27.0408411089396,1.153210581131292
47.77777777777778,2.1279166666666667,27.04087861171441,1.1525592590182931
47.77777777777778,2.2525,27.04164169571862,1.1529619627444254
47.77777777777778,2.377083333333333,27.03982834988912,1.1414905231366845
47.77777777777778,2.5016666666666665,27.03987437872076,1.1407340291596013
47.77777777777778,2.6262499999999998,27.041302607284432,1.1415829262186206
47.77777777777778,2.750833333333333,27.04124207118686,1.1396821976217053
47.77777777777778,2.8754166666666667,27.041787710951805,1.1414415319182247
47.77777777777778,3.0,27.042000426046375,1.140491797564569
48.333333333333336,0.01,27.00492148902568,1.1577569913133356
48.333333333333336,0.13458333333333333,27.008458173653022,1.1566472364413605
48.333333333333336,0.25916666666666666,27.01633665868158,1.155309645158037
48.333333333333336,0.38375000000000004,27.022429319713776,1.156402657240635
48.333333333333336,0.5083333333333333,27.032157690280723,1.1555019333443661
48.333333333333336,0.6329166666666667,27.035829368208276,1.156796044995112
48.333333333333336,0.7575000000000001,27.03695111822598,1.1543230242445301
48.333333333333336,0.8820833333333333,27.037295004179615,1.152210374808399
48.333333333333336,1.0066666666666666,27.038380600978876,1.1527283423394208
48.333333333333336,1.13125,27.03891772005209,1.1501539882876222
48.333333333333336,1.2558333333333334,27.039180213386828,1.150433340603224
48.333333333333336,1.3804166666666666,27.03964832923242,1.1498829205801087
48.333333333333336,1.5050000000000001,27.040620062729936,1.1505622571944818
48.333333333333336,1.6295833333333334,27.040720021260984,1.1484282821754233
48.333333333333336,1.7541666666666667,27.041732458336217,1.149073539530282
48.333333333333336,1.8787500000000001,27.04151387311063,1.1452713136403059
48.333333333333336,2.0033333333333334,27.04162361326438,1.1446623935368216
48.333333333333336,2.1279166666666667,27.04169879185278,1.1439211361695956
48.333333333333336,2.2525,27.042179675687095,1.1447316538102048
48.333333333333336,2.377083333333333,27.040499976612185,1.1336525592789248
48.333333333333336,2.5016666666666665,27.040795333059616,1.1334774414762383
48.333333333333336,2.6262499999999998,27.040930697248946,1.132858821837418
48.333333333333336,2.750833333333333,27.040781003396024,1.1319665651873811
48.333333333333336,2.8754166666666667,27.040711395930828,1.1312152879362658
48.333333333333336,3.0,27.04106401876696,1.130745835172453
48.88888888888889,0.01,27.005672900216965,1.1495876820274475
48.88888888888889,0.13458333333333333,27.008730517565045,1.1484292939072271
48.88888888888889,0.25916666666666666,27.016249714542123,1.1473850805803931
48.88888888888889,0.38375000000000004,27.02214158661419,1.1468245511933983
48.88888888888889,0.5083333333333333,27.031652839819753,1.1461978442322274
48.88888888888889,0.6329166666666667,27.034387247511855,1.1423123667433088
48.88888888888889,0.7575000000000001,27.0353143090104,1.142903423879671
48.88888888888889,0.8820833333333333,27.036994891434208,1.144488531528387
48.88888888888889,1.0066666666666666,27.037493616528305,1.1436084933467094
48.88888888888889,1.13125,27.03845435948921,1.1435357038453164
48.88888888888889,1.2558333333333334,27.03891466177118,1.142935540814216
48.88888888888889,1.3804166666666666,27.039048042582404,1.1419107596598421
48.88888888888889,1.5050000000000001,27.03981236349756,1.1418855815306883
48.88888888888889,1.6295833333333334,27.03983956624625,1.1400106101782048
48.88888888888889,1.7541666666666667,27.04061110024591,1.1407244224290625
48.88888888888889,1.8787500000000001,27.040817516754927,1.1376605320807476
48.88888888888889,2.0033333333333334,27.040691874990316,1.1353454006358177
48.88888888888889,2.1279166666666667,27.04077217668117,1.1353111216188372
48.88888888888889,2.2525,27.041158579225534,1.1357180266172051
48.88888888888889,2.377083333333333,27.039812020053354,1.126710618435195
48.88888888888889,2.5016666666666665,27.0398671046582,1.1241486409809265
48.88888888888889,2.6262499999999998,27.03998229399357,1.1241681763026423
48.88888888888889,2.750833333333333,27.04003472013422,1.1230799012304282
48.88888888888889,2.8754166666666667,27.040034778996638,1.1232519387657958
48.88888888888889,3.0,27.040534427863786,1.1232737183456576
49.44444444444444,0.01,27.00481051051024,1.1400851689375435
49.44444444444444,0.13458333333333333,27.00868624172112,1.1412611846134901
49.44444444444444,0.25916666666666666,27.016424406101383,1.1398156096780077
49.44444444444444,0.38375000000000004,27.022129252314286,1.1392938591178625
49.44444444444444,0.5083333333333333,27.031633134671317,1.1383558104035685
49.44444444444444,0.6329166666666667,27.03437816019991,1.1351709491622397
49.44444444444444,0.7575000000000001,27.035404967169928,1.1345347630921598
49.44444444444444,0.8820833333333333,27.035924727711283,1.132729171601371
49.44444444444444,1.0066666666666666,27.036664867178732,1.1304856421679221
49.44444444444444,1.13125,27.037659060735404,1.13065095434991
49.44444444444444,1.2558333333333334,27.03837745253227,1.1310507035412476
49.44444444444444,1.3804166666666666,27.03846042024987,1.1289899257373281
49.44444444444444,1.5050000000000001,27.039355680416488,1.131825738407971
49.44444444444444,1.6295833333333334,27.03917479096071,1.1302002807287381
49.44444444444444,1.7541666666666667,27.039890588296306,1.129596270013572
49.44444444444444,1.8787500000000001,27.03992236589052,1.1274298876261413
49.44444444444444,2.0033333333333334,27.040260506222676,1.1265349597015362
49.44444444444444,2.1279166666666667,27.040417741033487,1.1263448870735882
49.44444444444444,2.2525,27.040825805911734,1.126152752323345
49.44444444444444,2.377083333333333,27.040171662981283,1.1219083305964273
49.44444444444444,2.5016666666666665,27.039694736356605,1.1160877013333792
49.44444444444444,2.6262499999999998,27.04050187549083,1.116231269359813
49.44444444444444,2.750833333333333,27.040192339828103,1.114880768595683
49.44444444444444,2.8754166666666667,27.039364327192995,1.113389223678929
49.44444444444444,3.0,27.040519448323476,1.1150635938827091
50.0,0.01,27.004994398985012,1.133594902062307
50.0,0.13458333333333333,27.008645667241474,1.133102849223172
50.0,0.25916666666666666,27.016218583733483,1.1329637395944059
50.0,0.38375000000000004,27.021823415101693,1.1310075019055676
50.0,0.5083333333333333,27.031727184522616,1.1304144804432759
50.0,0.6329166666666667,27.03504673362749,1.1278589147736218
50.0,0.7575000000000001,27.036258158203292,1.1269559338983992
50.0,0.8820833333333333,27.036794602986,1.1248904366942147
50.0,1.0066666666666666,27.03747305521081,1.1222435538890907
50.0,1.13125,27.03802169180528,1.1216462982244435
50.0,1.2558333333333334,27.038677809237132,1.1224188715548034
50.0,1.3804166666666666,27.038350003220145,1.121623431204971
50.0,1.5050000000000001,27.038699869180743,1.1197525125081709
50.0,1.6295833333333334,27.039690826128837,1.1216877694217198
50.0,1.7541666666666667,27.039921060244602,1.1192619313807106
50.0,1.8787500000000001,27.04002476626942,1.116512310275658
50.0,2.0033333333333334,27.040321176627526,1.116323703252925
50.0,2.1279166666666667,27.04062789414515,1.1161511825591663
50.0,2.2525,27.040624993655896,1.1160772657317797
50.0,2.377083333333333,27.04174009526174,1.1179339360413987
50.0,2.5016666666666665,27.04042073255453,1.1089856920483476
50.0,2.6262499999999998,27.040826546307805,1.107849086118845
50.0,2.750833333333333,27.04159958668901,1.108744574901932
50.0,2.8754166666666667,27.041388340368655,1.1074873147593256
50.0,3.0,27.04139106453182,1.1067818830279186
50.55555555555556,0.01,27.006334028881593,1.1261683344841233
50.55555555555556,0.13458333333333333,27.009389970019512,1.1253956659021402
50.55555555555556,0.25916666666666666,27.01606117377068,1.1249179338983561
50.55555555555556,0.38375000000000004,27.021404829685356,1.1247899701506636
50.55555555555556,0.5083333333333333,27.03134288081071,1.1227387444921577
50.55555555555556,0.6329166666666667,27.034383374044978,1.1189312658188455
50.55555555555556,0.7575000000000001,27.035618266622535,1.1186275360471287
50.55555555555556,0.8820833333333333,27.035627130769328,1.1142980730876217
50.55555555555556,1.0066666666666666,27.03694200423306,1.1142587631080059
50.55555555555556,1.13125,27.037419119319907,1.113241648525276
50.55555555555556,1.2558333333333334,27.038102303156368,1.1143534415717915
50.55555555555556,1.3804166666666666,27.038209077247632,1.1121394431947873
50.55555555555556,1.5050000000000001,27.039216080170444,1.1139585801448193
50.55555555555556,1.6295833333333334,27.03958849960835,1.1123832149330937
50.55555555555556,1.7541666666666667,27.040100941418803,1.1120509216220875
50.55555555555556,1.8787500000000001,27.04042708306976,1.1087463271238995
50.55555555555556,2.0033333333333334,27.040613281086653,1.1085995361519607
50.55555555555556,2.1279166666666667,27.040572084385364,1.1073765971740757
50.55555555555556,2.2525,27.041284243078593,1.106402620040542
50.55555555555556,2.377083333333333,27.041426195640238,1.106957620151533
50.55555555555556,2.5016666666666665,27.040368674029935,1.0998030491389532
50.55555555555556,2.6262499999999998,27.040549997331713,1.0993281563383972
50.55555555555556,2.750833333333333,27.040895764386388,1.1003416206131267
50.55555555555556,2.8754166666666667,27.040840006253312,1.0990567150341413
50.55555555555556,3.0,27.041204895440664,1.0986269808104132
51.111111111111114,0.01,27.00807499858356,1.1197319181199483
51.111111111111114,0.13458333333333333,27.009424771928003,1.117767959388155
51.111111111111114,0.25916666666666666,27.0170204984305,1.1168695794874006
51.111111111111114,0.38375000000000004,27.021595028419537,1.1148236200873518
51.111111111111114,0.5083333333333333,27.031288835885213,1.114333487726482
51.111111111111114,0.6329166666666667,27.034414804131533,1.1111699995444202
51.111111111111114,0.7575000000000001,27.035662562718496,1.111274161778747
51.111111111111114,0.8820833333333333,27.03635658152603,1.1083591111262059
51.111111111111114,1.0066666666666666,27.037500739591415,1.1079226258254415
51.111111111111114,1.13125,27.03756880412805,1.1078195114384792
51.111111111111114,1.2558333333333334,27.037622123541002,1.1065220832676803
51.111111111111114,1.3804166666666666,27.03833079094479,1.106200042831701
51.111111111111114,1.5050000000000001,27.038998848421052,1.1068111595414654
51.111111111111114,1.6295833333333334,27.03968608298555,1.1064567893283583
51.111111111111114,1.7541666666666667,27.039823671260187,1.1047031728365853
51.111111111111114,1.8787500000000001,27.039974388728343,1.1012239214186426
51.111111111111114,2.0033333333333334,27.040964283071272,1.1017452933778038
51.111111111111114,2.1279166666666667,27.041496765604283,1.1005199606324567
51.111111111111114,2.2525,27.04142260025918,1.099904845855476
51.111111111111114,2.377083333333333,27.041376401851032,1.0993135212624572
51.111111111111114,2.5016666666666665,27.040627350552455,1.0928985554634396
51.111111111111114,2.6262499999999998,27.040706823973053,1.0921109992688582
51.111111111111114,2.750833333333333,27.04120799656541,1.0927775234109316
51.111111111111114,2.8754166666666667,27.04081152432883,1.0925124524857888
51.111111111111114,3.0,27.04098927218617,1.0913835749606193
51.66666666666667,0.01,27.008836372256596,1.1124857950062794
51.66666666666667,0.13458333333333333,27.009378089778814,1.110348808763817
51.66666666666667,0.25916666666666666,27.01680748235242,1.1094732642756178
51.66666666666667,0.38375000000000004,27.021205114264195,1.106471862015268
51.66666666666667,0.5083333333333333,27.03149820085203,1.1062675625248042
51.66666666666667,0.6329166666666667,27.035372378562386,1.1059212920586148
51.66666666666667,0.7575000000000001,27.035863873304756,1.1016574879879393
51.66666666666667,0.8820833333333333,27.036730287251906,1.1011119801851765
51.66666666666667,1.0066666666666666,27.03777152273346,1.100488696047336
51.66666666666667,1.13125,27.038088460850098,1.1011070607704454
51.66666666666667,1.2558333333333334,27.038530482667916,1.10016277838339
51.66666666666667,1.3804166666666666,27.038714418588242,1.0986845948463997
51.66666666666667,1.5050000000000001,27.039259678160228,1.099320964081052
51.66666666666667,1.6295833333333334,27.039572114147497,1.098050412389917
51.66666666666667,1.7541666666666667,27.040022222999156,1.096489976148518
51.66666666666667,1.8787500000000001,27.040555954681373,1.095159117796396
51.66666666666667,2.0033333333333334,27.041237307651013,1.09535983727026
51.66666666666667,2.1279166666666667,27.040882941249997,1.0927019871973365
51.66666666666667,2.2525,27.0409195651483,1.0923839911023303
51.66666666666667,2.377083333333333,27.041349551687244,1.09268958305771
51.66666666666667,2.5016666666666665,27.04030969909531,1.0853761142726848
51.66666666666667,2.6262499999999998,27.040662989756648,1.0828233721327574
51.66666666666667,2.750833333333333,27.040543293123346,1.0815037300098307
51.66666666666667,2.8754166666666667,27.040870874896925,1.0827470835445052
51.66666666666667,3.0,27.04069362901449,1.0803191041083182
52.22222222222222,0.01,27.010868772050447,1.104981919123288
52.22222222222222,0.13458333333333333,27.011010052649308,1.1042026059102816
52.22222222222222,0.25916666666666666,27.01672678816692,1.1023257397703268
52.22222222222222,0.38375000000000004,27.021610240007057,1.1008771220842262
52.22222222222222,0.5083333333333333,27.030870528574532,1.0976293129511872
52.22222222222222,0.6329166666666667,27.034738325624858,1.0968771561806923
52.22222222222222,0.7575000000000001,27.035567908843767,1.0937223686562358
52.22222222222222,0.8820833333333333,27.036158295025853,1.0937759935698732
52.22222222222222,1.0066666666666666,27.03781865888355,1.0942167735551234
52.22222222222222,1.13125,27.03869613602279,1.0938435752569031
52.22222222222222,1.2558333333333334,27.03881376805069,1.0925537483054193
52.22222222222222,1.3804166666666666,27.039225641072218,1.091487357001092
52.22222222222222,1.5050000000000001,27.039742471811294,1.0914612526310596
52.22222222222222,1.6295833333333334,27.04039271341606,1.0913608330738733
52.22222222222222,1.7541666666666667,27.04101635067469,1.091029078931821
52.22222222222222,1.8787500000000001,27.04169899770843,1.0906176841453508
52.22222222222222,2.0033333333333334,27.041817717999823,1.0882877812445402
52.22222222222222,2.1279166666666667,27.041401522404207,1.086168816457267
52.22222222222222,2.2525,27.04218388540161,1.0857947506898336
52.22222222222222,2.377083333333333,27.04233636427482,1.0861417441565824
52.22222222222222,2.5016666666666665,27.04183919322318,1.0820421452853946
52.22222222222222,2.6262499999999998,27.041410963222596,1.0756166690549906
52.22222222222222,2.750833333333333,27.041537347347,1.075777100173092
52.22222222222222,2.8754166666666667,27.04153556711493,1.0757151413471833
52.22222222222222,3.0,27.04159991158097,1.0742720394525451
52.77777777777778,0.01,27.01144088697451,1.098641834477293
52.77777777777778,0.13458333333333333,27.01170744871722,1.0958849113618052
52.77777777777778,0.25916666666666666,27.017993061474012,1.0953620310472811
52.77777777777778,0.38375000000000004,27.022372515015483,1.0947864525249928
52.77777777777778,0.5083333333333333,27.030945379819595,1.0905905089052481
52.77777777777778,0.6329166666666667,27.034906694638746,1.0907007115349088
52.77777777777778,0.7575000000000001,27.035954165166523,1.0891101221693122
52.77777777777778,0.8820833333333333,27.036649872270083,1.088209984973204
52.77777777777778,1.0066666666666666,27.037796356794747,1.0874499618102162
52.77777777777778,1.13125,27.038618826625328,1.0868673623833702
52.77777777777778,1.2558333333333334,27.039153494355304,1.0865029240900548
52.77777777777778,1.3804166666666666,27.039689433546176,1.0863050577777367
52.77777777777778,1.5050000000000001,27.040805803231876,1.0864254685507113
52.77777777777778,1.6295833333333334,27.04116672680236,1.0849525971948437
52.77777777777778,1.7541666666666667,27.041202196588078,1.0837402013720299
52.77777777777778,1.8787500000000001,27.04179495794121,1.0848977987634234
52.77777777777778,2.0033333333333334,27.04219334944338,1.081840330428685
52.77777777777778,2.1279166666666667,27.042704472575494,1.0806274775498226
52.77777777777778,2.2525,27.04292946257888,1.0803937278300646
52.77777777777778,2.377083333333333,27.042953670364287,1.079827900144531
52.77777777777778,2.5016666666666665,27.042790658906284,1.077170827176438
52.77777777777778,2.6262499999999998,27.04201020733959,1.0690695758508062
52.77777777777778,2.750833333333333,27.041922612172087,1.0693441355528244
52.77777777777778,2.8754166666666667,27.041447319424407,1.068442042150075
52.77777777777778,3.0,27.04217262990362,1.0678353508625837
53.333333333333336,0.01,27.011453266085052,1.0915318224440196
53.333333333333336,0.13458333333333333,27.012904349695198,1.0896056934541432
53.333333333333336,0.25916666666666666,27.01795265110166,1.087344599248452
53.333333333333336,0.38375000000000004,27.021970937344406,1.084771225920872
53.333333333333336,0.5083333333333333,27.03124371252122,1.0838805504946591
53.333333333333336,0.6329166666666667,27.03585479473585,1.0843050437080726
53.333333333333336,0.7575000000000001,27.036844849019577,1.083078873907234
53.333333333333336,0.8820833333333333,27.03731953002327,1.081512211929181
53.333333333333336,1.0066666666666666,27.038112196280423,1.079662464330261
53.333333333333336,1.13125,27.039183983113794,1.0799243373142864
53.333333333333336,1.2558333333333334,27.039958269924053,1.07823296363726
53.333333333333336,1.3804166666666666,27.039981312837366,1.0793736756755545
53.333333333333336,1.5050000000000001,27.04070320926048,1.0791507645627252
53.333333333333336,1.6295833333333334,27.040980096256867,1.0793307761459703
53.333333333333336,1.7541666666666667,27.041550120815508,1.0772281251581861
53.333333333333336,1.8787500000000001,27.04228254411489,1.0769329722245535
53.333333333333336,2.0033333333333334,27.04258299814788,1.074077547172192
53.333333333333336,2.1279166666666667,27.04268643502339,1.0742230021440258
53.333333333333336,2.2525,27.04291807070522,1.074452118464031
53.333333333333336,2.377083333333333,27.042915264007537,1.072922310009028
53.333333333333336,2.5016666666666665,27.043053085821118,1.072657956241646
53.333333333333336,2.6262499999999998,27.041594961811292,1.0623135442530351
53.333333333333336,2.750833333333333,27.04197162867759,1.0621946295580942
53.333333333333336,2.8754166666666667,27.042108453090343,1.0622484274319166
53.333333333333336,3.0,27.04252394107143,1.0625836280639012
53.88888888888889,0.01,27.010937894609526,1.0828705741623201
53.88888888888889,0.13458333333333333,27.013374717246368,1.0814713872319692
53.88888888888889,0.25916666666666666,27.019048231959076,1.0790587463007373
53.88888888888889,0.38375000000000004,27.022280767200677,1.0785257596392372
53.88888888888889,0.5083333333333333,27.032405930700552,1.0811906988805353
53.88888888888889,0.6329166666666667,27.036639238247012,1.0812250581251237
53.88888888888889,0.7575000000000001,27.03690114018161,1.0759266668983414
53.88888888888889,0.8820833333333333,27.037342199088414,1.075196007548307
53.88888888888889,1.0066666666666666,27.038440195442455,1.0724637436047346
53.88888888888889,1.13125,27.03975438135165,1.0726453746784492
53.88888888888889,1.2558333333333334,27.040022333153022,1.072323976068268
53.88888888888889,1.3804166666666666,27.040835192289578,1.0727673580253283
53.88888888888889,1.5050000000000001,27.041448600623028,1.073239719597019
53.88888888888889,1.6295833333333334,27.042250060774876,1.0737787082477357
53.88888888888889,1.7541666666666667,27.0424015442483,1.071556696012832
53.88888888888889,1.8787500000000001,27.042702359062993,1.070976369347043
53.88888888888889,2.0033333333333334,27.042572134395975,1.0683978375579495
53.88888888888889,2.1279166666666667,27.04266379304527,1.0687232622273724
53.88888888888889,2.2525,27.042701917019894,1.0670394226287072
53.88888888888889,2.377083333333333,27.04338568682518,1.0680644008918605
53.88888888888889,2.5016666666666665,27.043427840330892,1.0679778355932146
53.88888888888889,2.6262499999999998,27.041729616275315,1.0558624112130377
53.88888888888889,2.750833333333333,27.04230265299916,1.0557666329321092
53.88888888888889,2.8754166666666667,27.04268816456605,1.0569353734366627
53.88888888888889,3.0,27.042309091471488,1.054671491665543
54.44444444444445,0.01,27.010519828925304,1.074325363237899
54.44444444444445,0.13458333333333333,27.014372993302306,1.076118821583788
54.44444444444445,0.25916666666666666,27.02109335666711,1.0755135782806402
54.44444444444445,0.38375000000000004,27.024225927366388,1.0748118573993881
54.44444444444445,0.5083333333333333,27.033152743914542,1.0734912375192973
54.44444444444445,0.6329166666666667,27.037380641986875,1.0730677565173763
54.44444444444445,0.7575000000000001,27.038065785292453,1.069390513284496
54.44444444444445,0.8820833333333333,27.03837036416091,1.0690835937469167
54.44444444444445,1.0066666666666666,27.038861914234122,1.0678404949776232
54.44444444444445,1.13125,27.039169888100982,1.0660271048453518
54.44444444444445,1.2558333333333334,27.039906393287517,1.0670265043846383
54.44444444444445,1.3804166666666666,27.03985371011979,1.0661326071454091
54.44444444444445,1.5050000000000001,27.040883561230192,1.0662823667788757
54.44444444444445,1.6295833333333334,27.04158131739662,1.067677552211438
54.44444444444445,1.7541666666666667,27.041672598979414,1.0662725205340395
54.44444444444445,1.8787500000000001,27.04258556641568,1.066267006944982
54.44444444444445,2.0033333333333334,27.042323653872987,1.0618807666745556
54.44444444444445,2.1279166666666667,27.04263725736599,1.0624861949584508
54.44444444444445,2.2525,27.042397182935407,1.0610690717083426
54.44444444444445,2.377083333333333,27.042738069394222,1.0605442179079383
54.44444444444445,2.5016666666666665,27.043079796654034,1.0609007209809618
54.44444444444445,2.6262499999999998,27.04173613117701,1.0524198580837085
54.44444444444445,2.750833333333333,27.041533295755936,1.0496412455310078
54.44444444444445,2.8754166666666667,27.04226145538641,1.0512453863806337
54.44444444444445,3.0,27.04197310417815,1.051099500496755
55.0,0.01,27.01152731506008,1.0723042031622054
55.0,0.13458333333333333,27.014218066489317,1.0697592925300037
55.0,0.25916666666666666,27.022008857892846,1.068783797837275
55.0,0.38375000000000004,27.02579756098858,1.0683200929209102
55.0,0.5083333333333333,27.034075991957206,1.0655524476281153
55.0,0.6329166666666667,27.038315036363805,1.065220809736206
55.0,0.7575000000000001,27.038748568158894,1.0625065387540267
55.0,0.8820833333333333,27.03939785839581,1.0635046735432863
55.0,1.0066666666666666,27.03912544967491,1.0599096814145503
55.0,1.13125,27.04012461103352,1.0615810534970238
55.0,1.2558333333333334,27.04090533521804,1.062609719746005
55.0,1.3804166666666666,27.041014939526676,1.0618756122364348
55.0,1.5050000000000001,27.041247082532333,1.0598830617103427
55.0,1.6295833333333334,27.041378728188302,1.060714420386244
55.0,1.7541666666666667,27.041998845629976,1.0608374054561054
55.0,1.8787500000000001,27.042661770391696,1.0600955908016518
55.0,2.0033333333333334,27.042636897548977,1.0571632901275496
55.0,2.1279166666666667,27.042634389103306,1.0561018428960067
55.0,2.2525,27.042370752192895,1.0547529594103933
55.0,2.377083333333333,27.042798987963955,1.0555823074526627
55.0,2.5016666666666665,27.043030484659653,1.0554510828290786
55.0,2.6262499999999998,27.042178125207318,1.0496272789207506
55.0,2.750833333333333,27.041352257532335,1.0435663480397261
55.0,2.8754166666666667,27.041627935093473,1.043700044116802
55.0,3.0,27.042353198189215,1.0447085724660299
55.55555555555556,0.01,27.011335067936603,1.0630818531802033
55.55555555555556,0.13458333333333333,27.014387955902283,1.0649037813057316
55.55555555555556,0.25916666666666666,27.022587331204644,1.0636206135035575
55.55555555555556,0.38375000000000004,27.025915375314042,1.0602061551504838
55.55555555555556,0.5083333333333333,27.035489488158685,1.0605553910115584
55.55555555555556,0.6329166666666667,27.039679791057807,1.0608066583389475
55.55555555555556,0.7575000000000001,27.0397778944847,1.0574419818487113
55.55555555555556,0.8820833333333333,27.04030753369201,1.0574303589940603
55.55555555555556,1.0066666666666666,27.04050350078895,1.0545860270693819
55.55555555555556,1.13125,27.041383394287188,1.055117366512831
55.55555555555556,1.2558333333333334,27.042166421374095,1.0560591407610231
55.55555555555556,1.3804166666666666,27.04250422464151,1.056262350016779
55.55555555555556,1.5050000000000001,27.04268770518963,1.054520018130134
55.55555555555556,1.6295833333333334,27.042149651359512,1.054703785208222
55.55555555555556,1.7541666666666667,27.042526336541027,1.0540766385605305
55.55555555555556,1.8787500000000001,27.043327890587225,1.0544411445742252
55.55555555555556,2.0033333333333334,27.042798843797257,1.0506734339735535
55.55555555555556,2.1279166666666667,27.043101613413285,1.0508801057868
55.55555555555556,2.2525,27.0431348200556,1.0493227110711267
55.55555555555556,2.377083333333333,27.043635298039042,1.050217616325283
55.55555555555556,2.5016666666666665,27.043740672606315,1.0497456275202044
55.55555555555556,2.6262499999999998,27.043183878680033,1.046979409146187
55.55555555555556,2.750833333333333,27.04250726431548,1.0392890168632374
55.55555555555556,2.8754166666666667,27.04254859297441,1.0390380912164099
55.55555555555556,3.0,27.04246956981377,1.0374565841001049
56.111111111111114,0.01,27.011997502000607,1.0598941144987162
56.111111111111114,0.13458333333333333,27.014225557936978,1.057836416540331
56.111111111111114,0.25916666666666666,27.022270620270472,1.05606322727827
56.111111111111114,0.38375000000000004,27.026418334405484,1.0561474860101505
56.111111111111114,0.5083333333333333,27.035613895954004,1.0531949035742783
56.111111111111114,0.6329166666666667,27.0398327530656,1.0533273624640238
56.111111111111114,0.7575000000000001,27.040691335602304,1.0515487739365448
56.111111111111114,0.8820833333333333,27.04095692072988,1.0509676765428688
56.111111111111114,1.0066666666666666,27.04154798177463,1.050625204017941
56.111111111111114,1.13125,27.042513667885682,1.0500087820768944
56.111111111111114,1.2558333333333334,27.0428129088293,1.0505700910841798
56.111111111111114,1.3804166666666666,27.04325917395547,1.050222371200138
56.111111111111114,1.5050000000000001,27.04361744175428,1.0487998684601485
56.111111111111114,1.6295833333333334,27.043796542865294,1.049436947233956
56.111111111111114,1.7541666666666667,27.04427680364369,1.0494186601219813
56.111111111111114,1.8787500000000001,27.044556756034257,1.0484844817129635
56.111111111111114,2.0033333333333334,27.044522704635252,1.0478302876648027
56.111111111111114,2.1279166666666667,27.044089412506732,1.045398367997552
56.111111111111114,2.2525,27.043917780907265,1.0438345522553572
56.111111111111114,2.377083333333333,27.044327154977413,1.0443796878686518
56.111111111111114,2.5016666666666665,27.044235390692407,1.0434256638151895
56.111111111111114,2.6262499999999998,27.04420333981945,1.0436816359592427
56.111111111111114,2.750833333333333,27.04249299893525,1.03290509946658
56.111111111111114,2.8754166666666667,27.042787009521554,1.0323593932227981
56.111111111111114,3.0,27.0429586671539,1.0323230717019183
56.66666666666667,0.01,27.012987003883925,1.0511856289073973
56.66666666666667,0.13458333333333333,27.014491405227282,1.050604551310974
56.66666666666667,0.25916666666666666,27.021944709713512,1.049130450560859
56.66666666666667,0.38375000000000004,27.025966922009964,1.0481540326466532
56.66666666666667,0.5083333333333333,27.035888900349793,1.048265054427172
56.66666666666667,0.6329166666666667,27.040097254112116,1.0476063813679937
56.66666666666667,0.7575000000000001,27.04113717680545,1.0451346908275982
56.66666666666667,0.8820833333333333,27.042029418972607,1.0455950361195232
56.66666666666667,1.0066666666666666,27.04204985239519,1.0437355210748678
56.66666666666667,1.13125,27.043392117464297,1.0438584778668547
56.66666666666667,1.2558333333333334,27.043975900938207,1.044644787586102
56.66666666666667,1.3804166666666666,27.044066322820097,1.042697341221499
56.66666666666667,1.5050000000000001,27.04437555038364,1.0426139041636806
56.66666666666667,1.6295833333333334,27.044853587129104,1.044032739690376
56.66666666666667,1.7541666666666667,27.045269517280992,1.043818067421809
56.66666666666667,1.8787500000000001,27.04508884474935,1.0420148342864977
56.66666666666667,2.0033333333333334,27.045217094212123,1.0429104199837669
56.66666666666667,2.1279166666666667,27.044743033042902,1.0393659800358168
56.66666666666667,2.2525,27.044782762719162,1.0393334696855439
56.66666666666667,2.377083333333333,27.04425840173148,1.037969942404282
56.66666666666667,2.5016666666666665,27.044214776603884,1.0389001709422863
56.66666666666667,2.6262499999999998,27.044463835648102,1.0389023665582808
56.66666666666667,2.750833333333333,27.042931930590022,1.0286390739809914
56.66666666666667,2.8754166666666667,27.042839744103954,1.0266517115285423
56.66666666666667,3.0,27.043265247768613,1.0279912611778796
57.22222222222222,0.01,27.012416900224668,1.0433895140698368
57.22222222222222,0.13458333333333333,27.015062488306384,1.0442176975605122
57.22222222222222,0.25916666666666666,27.021586449434206,1.0424992259824295
57.22222222222222,0.38375000000000004,27.025620770702616,1.0422232545812815
57.22222222222222,0.5083333333333333,27.036108521637605,1.0433427361901448
57.22222222222222,0.6329166666666667,27.040261738624068,1.0430082845387212
57.22222222222222,0.7575000000000001,27.041506282064134,1.0402993911392933
57.22222222222222,0.8820833333333333,27.04238711161815,1.0410624073169228
57.22222222222222,1.0066666666666666,27.043313018576015,1.0390113748786511
57.22222222222222,1.13125,27.043950191613675,1.0371564832641178
57.22222222222222,1.2558333333333334,27.04460939334226,1.0378265758297034
57.22222222222222,1.3804166666666666,27.04466538089489,1.0370508140955748
57.22222222222222,1.5050000000000001,27.045219313052083,1.03933324687836
57.22222222222222,1.6295833333333334,27.045409308373575,1.0382880351243962
57.22222222222222,1.7541666666666667,27.04545488837733,1.0368311983929401
57.22222222222222,1.8787500000000001,27.045739124948927,1.035768029324735
57.22222222222222,2.0033333333333334,27.04525106208491,1.0367825189639857
57.22222222222222,2.1279166666666667,27.04496418537682,1.0327477906545868
57.22222222222222,2.2525,27.04537827099078,1.032689839720935
57.22222222222222,2.377083333333333,27.044937155073054,1.031605474371483
57.22222222222222,2.5016666666666665,27.045122859488558,1.033074879243101
57.22222222222222,2.6262499999999998,27.045427131195893,1.0317175342172802
57.22222222222222,2.750833333333333,27.04434680869427,1.0249509037108362
57.22222222222222,2.8754166666666667,27.044190617739314,1.0218810118267363
57.22222222222222,3.0,27.04407644404698,1.0206234460360841
57.77777777777778,0.01,27.01196632301926,1.0382934503488317
57.77777777777778,0.13458333333333333,27.015117422253514,1.0389703030350417
57.77777777777778,0.25916666666666666,27.022044587720014,1.037754634905752
57.77777777777778,0.38375000000000004,27.026187108520357,1.0381791274035324
57.77777777777778,0.5083333333333333,27.035320469555185,1.036679758445036
57.77777777777778,0.6329166666666667,27.03999565873708,1.036546310432529
57.77777777777778,0.7575000000000001,27.041538066608922,1.0346988128121126
57.77777777777778,0.8820833333333333,27.042708208467545,1.0354105084851961
57.77777777777778,1.0066666666666666,27.043544458602003,1.0334154942665263
57.77777777777778,1.13125,27.044845198202445,1.0330940647291176
57.77777777777778,1.2558333333333334,27.045322084043615,1.032018703950921
57.77777777777778,1.3804166666666666,27.045504617955306,1.0329118936089121
57.77777777777778,1.5050000000000001,27.046178883609304,1.0332354609988215
57.77777777777778,1.6295833333333334,27.046325104882033,1.031515784344622
57.77777777777778,1.7541666666666667,27.0467026268418,1.0310992378408823
57.77777777777778,1.8787500000000001,27.046003109630462,1.0297110309931912
57.77777777777778,2.0033333333333334,27.04704566656704,1.0308266337776317
57.77777777777778,2.1279166666666667,27.04703676390663,1.0274755960007265
57.77777777777778,2.2525,27.046937601215006,1.0278335737578193
57.77777777777778,2.377083333333333,27.046832492214993,1.0277407765814872
57.77777777777778,2.5016666666666665,27.046926039007904,1.0271933042336256
57.77777777777778,2.6262499999999998,27.046795485371458,1.0270632627155496
57.77777777777778,2.750833333333333,27.046039973768806,1.0213342929525526
57.77777777777778,2.8754166666666667,27.045509049739458,1.0163930926288811
57.77777777777778,3.0,27.045375323212067,1.0163660751861259
58.333333333333336,0.01,27.012416557828097,1.0304272747776955
58.333333333333336,0.13458333333333333,27.014918597885508,1.0315098105666887
58.333333333333336,0.25916666666666666,27.022312664951308,1.0318660756596099
58.333333333333336,0.38375000000000004,27.025665896450228,1.029826703272707
58.333333333333336,0.5083333333333333,27.03547398125939,1.0292633830911613
58.333333333333336,0.6329166666666667,27.039485699839023,1.0289004667215274
58.333333333333336,0.7575000000000001,27.041832978225955,1.0275051572503857
58.333333333333336,0.8820833333333333,27.042514729823562,1.026628481493841
58.333333333333336,1.0066666666666666,27.042710326041888,1.024600008408827
58.333333333333336,1.13125,27.044312328730026,1.0254240057157304
58.333333333333336,1.2558333333333334,27.04462646682877,1.024543158844976
58.333333333333336,1.3804166666666666,27.04568253174797,1.0253309972254265
58.333333333333336,1.5050000000000001,27.046138808233096,1.026043725673803
58.333333333333336,1.6295833333333334,27.04631133482396,1.0245539629430755
58.333333333333336,1.7541666666666667,27.046928918696548,1.0256534332615808
58.333333333333336,1.8787500000000001,27.047179746831667,1.0246804505518792
58.333333333333336,2.0033333333333334,27.047800834980166,1.023901415863232
58.333333333333336,2.1279166666666667,27.047686247874086,1.0221501031932034
58.333333333333336,2.2525,27.04765198000977,1.0208059669987002
58.333333333333336,2.377083333333333,27.047367072182315,1.0204357123203889
58.333333333333336,2.5016666666666665,27.04780901214278,1.0206510992563644
58.333333333333336,2.6262499999999998,27.047885442717316,1.0206282118033427
58.333333333333336,2.750833333333333,27.04733960823293,1.015909977793189
58.333333333333336,2.8754166666666667,27.046862326494526,1.0120821803243307
58.333333333333336,3.0,27.046964660918103,1.0118426932343438
58.88888888888889,0.01,27.014253547901387,1.0279571111147412
58.88888888888889,0.13458333333333333,27.01556780797721,1.0254183648156778
58.88888888888889,0.25916666666666666,27.023529439632355,1.0260559462948737
58.88888888888889,0.38375000000000004,27.026039298069072,1.0259257108835684
58.88888888888889,0.5083333333333333,27.03505189473405,1.0232009246727736
58.88888888888889,0.6329166666666667,27.039733427134674,1.0239495215901118
58.88888888888889,0.7575000000000001,27.04110575765312,1.021574536990133
58.88888888888889,0.8820833333333333,27.04262987929285,1.0227396842675984
58.88888888888889,1.0066666666666666,27.04340984843312,1.0209441629584814
58.88888888888889,1.13125,27.04421154293938,1.0200769712160385
58.88888888888889,1.2558333333333334,27.044790393783494,1.0203159732647626
58.88888888888889,1.3804166666666666,27.045555043134595,1.0208537026090425
58.88888888888889,1.5050000000000001,27.045991674287013,1.0200689302551524
58.88888888888889,1.6295833333333334,27.04632283643668,1.020259806857965
58.88888888888889,1.7541666666666667,27.04673309575929,1.0203116115674205
58.88888888888889,1.8787500000000001,27.047068790533,1.020186135517187
58.88888888888889,2.0033333333333334,27.04823026943472,1.0202629449792222
58.88888888888889,2.1279166666666667,27.04785934933731,1.0174979417363728
58.88888888888889,2.2525,27.048272292949548,1.0176236451789555
58.88888888888889,2.377083333333333,27.04783586097744,1.0153016893053368
58.88888888888889,2.5016666666666665,27.04846369769217,1.016178632523368
58.88888888888889,2.6262499999999998,27.048367442922423,1.0158342515373842
58.88888888888889,2.750833333333333,27.04830183291558,1.013485574003814
58.88888888888889,2.8754166666666667,27.047381606843835,1.0074710862454206
58.88888888888889,3.0,27.04742888907205,1.0071521977908504
59.44444444444445,0.01,27.01580014526732,1.0219036587847397
59.44444444444445,0.13458333333333333,27.016703147692635,1.0201601915650949
59.44444444444445,0.25916666666666666,27.024121988834246,1.0200960701595707
59.44444444444445,0.38375000000000004,27.02742473995311,1.018498558200448
59.44444444444445,0.5083333333333333,27.03572351839431,1.0194916945816146
59.44444444444445,0.6329166666666667,27.04055001779302,1.018937164953132
59.44444444444445,0.7575000000000001,27.04185848039422,1.0154192094149306
59.44444444444445,0.8820833333333333,27.04248613329382,1.0152954213977272
59.44444444444445,1.0066666666666666,27.043194061155585,1.0143071409763116
59.44444444444445,1.13125,27.044759029570148,1.0172651228223195
59.44444444444445,1.2558333333333334,27.045285153115973,1.0160297672596297
59.44444444444445,1.3804166666666666,27.04538019046444,1.0146832234365022
59.44444444444445,1.5050000000000001,27.04568988503246,1.0149413413212127
59.44444444444445,1.6295833333333334,27.046266491275343,1.0148558909673089
59.44444444444445,1.7541666666666667,27.046807325289585,1.0156514652933601
59.44444444444445,1.8787500000000001,27.046877156418383,1.0136603167712699
59.44444444444445,2.0033333333333334,27.048089577269415,1.0142776939147835
59.44444444444445,2.1279166666666667,27.04796659941724,1.011059659854635
59.44444444444445,2.2525,27.04818096898386,1.011504354475612
59.44444444444445,2.377083333333333,27.04781641536849,1.0098202122960032
59.44444444444445,2.5016666666666665,27.048288896733983,1.0102868467914305
59.44444444444445,2.6262499999999998,27.04885238224129,1.0098439959462246
59.44444444444445,2.750833333333333,27.048822444857276,1.0096092340940332
59.44444444444445,2.8754166666666667,27.047193191512683,0.9991440979965793
59.44444444444445,3.0,27.04742017095349,0.9999728510651673
60.0,0.01,27.01567220275439,1.0138080934638194
60.0,0.13458333333333333,27.016373321466794,1.0120018758886185
60.0,0.25916666666666666,27.023910891877293,1.0114884287518222
60.0,0.38375000000000004,27.027396365214425,1.0110025635537645
60.0,0.5083333333333333,27.036603544957117,1.0108580722384186
60.0,0.6329166666666667,27.04220729279212,1.0114468215530859
60.0,0.7575000000000001,27.04316684044242,1.010473968576775
60.0,0.8820833333333333,27.04332489151062,1.0101731630540844
60.0,1.0066666666666666,27.044434351341096,1.0102390161502162
60.0,1.13125,27.04423831723804,1.0091364595332053
60.0,1.2558333333333334,27.045612636783986,1.0095047591961892
60.0,1.3804166666666666,27.045803443531582,1.010073076459883
60.0,1.5050000000000001,27.046187370064406,1.0097609789757211
60.0,1.6295833333333334,27.04591723351958,1.0076817385428427
60.0,1.7541666666666667,27.046710163638625,1.0086454049895888
60.0,1.8787500000000001,27.047074504872086,1.010599924186456
60.0,2.0033333333333334,27.04772402455661,1.0090662095572023
60.0,2.1279166666666667,27.047479795795976,1.0062050245038312
60.0,2.2525,27.0481728842637,1.0064734284883803
60.0,2.377083333333333,27.04815132234367,1.0048415983824333
60.0,2.5016666666666665,27.049960516571737,1.0048235893457769
60.0,2.6262499999999998,27.050074484546496,1.004885866257993
60.0,2.750833333333333,27.05061362625902,1.0053890642357455
60.0,2.8754166666666667,27.048957425777854,0.9956668121048395
60.0,3.0,27.049385992166687,0.995166070201936
